Id,Sales
1,7641.637340358977
2,6735.419927415167
3,7641.637340358977
4,7641.637340358977
5,7641.637340358977
6,7641.637340358977
7,6104.485566585327
8,6771.863337631047
9,6681.541619917508
10,7435.16696561688
11,6735.419927415167
12,7641.637340358977
13,7641.637340358977
14,7435.16696561688
15,6681.541619917508
16,7641.637340358977
17,7641.637340358977
18,7435.16696561688
19,7641.637340358977
20,6559.671274435851
21,7641.637340358977
22,6870.260634433051
23,7641.637340358977
24,6681.541619917508
25,7641.637340358977
26,6104.485566585327
27,7435.16696561688
28,7641.637340358977
29,6650.226288005765
30,6681.541619917508
31,6650.226288005765
32,7435.16696561688
33,7898.364114876265
34,7641.637340358977
35,6735.419927415167
36,6735.419927415167
37,7641.637340358977
38,7641.637340358977
39,7641.637340358977
40,7038.304739594451
41,8217.825638368104
42,7641.637340358977
43,6870.260634433051
44,6558.962901170368
45,6104.485566585327
46,7641.637340358977
47,7273.974486714983
48,6735.419927415167
49,7898.364114876265
50,7641.637340358977
51,6334.270137607572
52,7435.16696561688
53,7641.637340358977
54,7898.364114876265
55,6771.863337631047
56,7641.637340358977
57,7641.637340358977
58,7641.637340358977
59,7641.637340358977
60,6870.260634433051
61,7641.637340358977
62,7641.637340358977
63,7435.16696561688
64,7898.364114876265
65,7641.637340358977
66,7641.637340358977
67,6650.226288005765
68,7435.16696561688
69,7641.637340358977
70,6334.270137607572
71,6681.541619917508
72,6735.419927415167
73,7641.637340358977
74,6104.485566585327
75,7641.637340358977
76,7641.637340358977
77,7641.637340358977
78,6870.260634433051
79,6824.796478705884
80,7641.637340358977
81,7641.637340358977
82,7641.637340358977
83,7641.637340358977
84,7898.364114876265
85,7641.637340358977
86,7641.637340358977
87,7435.16696561688
88,7641.637340358977
89,7641.637340358977
90,7641.637340358977
91,7898.364114876265
92,7641.637340358977
93,7641.637340358977
94,7273.974486714983
95,6771.863337631047
96,6104.485566585327
97,6735.419927415167
98,6771.863337631047
99,7641.637340358977
100,6558.962901170368
101,6104.485566585327
102,7641.637340358977
103,7435.16696561688
104,6735.419927415167
105,6104.485566585327
106,7641.637340358977
107,7641.637340358977
108,7641.637340358977
109,7641.637340358977
110,6681.541619917508
111,8448.59351057833
112,7641.637340358977
113,6735.419927415167
114,7641.637340358977
115,7641.637340358977
116,7273.974486714983
117,7641.637340358977
118,6334.270137607572
119,7641.637340358977
120,6650.226288005765
121,7641.637340358977
122,7641.637340358977
123,7641.637340358977
124,6771.863337631047
125,6771.863337631047
126,6771.863337631047
127,6650.226288005765
128,7641.637340358977
129,7273.974486714983
130,6735.419927415167
131,7641.637340358977
132,7435.16696561688
133,7641.637340358977
134,7641.637340358977
135,7641.637340358977
136,7641.637340358977
137,7641.637340358977
138,6735.419927415167
139,7038.304739594451
140,7641.637340358977
141,7641.637340358977
142,7435.16696561688
143,7641.637340358977
144,7273.974486714983
145,7641.637340358977
146,7435.16696561688
147,7435.16696561688
148,7435.16696561688
149,7641.637340358977
150,6559.671274435851
151,7641.637340358977
152,7641.637340358977
153,6735.419927415167
154,7641.637340358977
155,7273.974486714983
156,7641.637340358977
157,7435.16696561688
158,6735.419927415167
159,7641.637340358977
160,6650.226288005765
161,6559.671274435851
162,7641.637340358977
163,6104.485566585327
164,6870.260634433051
165,6681.541619917508
166,6681.541619917508
167,7641.637340358977
168,7038.304739594451
169,7641.637340358977
170,7641.637340358977
171,7641.637340358977
172,6104.485566585327
173,7641.637340358977
174,7641.637340358977
175,7273.974486714983
176,6735.419927415167
177,7641.637340358977
178,8217.825638368104
179,7641.637340358977
180,7641.637340358977
181,7898.364114876265
182,6681.541619917508
183,7641.637340358977
184,7641.637340358977
185,6735.419927415167
186,6559.671274435851
187,6104.485566585327
188,7641.637340358977
189,7641.637340358977
190,6559.671274435851
191,7435.16696561688
192,7641.637340358977
193,7273.974486714983
194,7641.637340358977
195,6559.671274435851
196,6559.671274435851
197,6104.485566585327
198,6334.270137607572
199,6870.260634433051
200,7898.364114876265
201,7641.637340358977
202,7641.637340358977
203,7435.16696561688
204,6735.419927415167
205,7641.637340358977
206,7641.637340358977
207,7641.637340358977
208,6735.419927415167
209,7641.637340358977
210,6870.260634433051
211,7435.16696561688
212,6650.226288005765
213,7641.637340358977
214,7435.16696561688
215,6870.260634433051
216,7641.637340358977
217,7435.16696561688
218,7435.16696561688
219,7641.637340358977
220,7435.16696561688
221,6735.419927415167
222,7641.637340358977
223,7641.637340358977
224,7641.637340358977
225,6156.854672399497
226,6681.541619917508
227,7641.637340358977
228,7641.637340358977
229,7641.637340358977
230,6104.485566585327
231,7641.637340358977
232,7038.304739594451
233,7273.974486714983
234,7641.637340358977
235,6650.226288005765
236,7435.16696561688
237,6771.863337631047
238,7898.364114876265
239,6870.260634433051
240,7641.637340358977
241,7641.637340358977
242,6650.226288005765
243,7641.637340358977
244,7641.637340358977
245,6735.419927415167
246,6558.962901170368
247,7641.637340358977
248,6559.671274435851
249,7641.637340358977
250,6650.226288005765
251,7641.637340358977
252,7641.637340358977
253,7641.637340358977
254,6735.419927415167
255,7641.637340358977
256,7273.974486714983
257,6650.226288005765
258,7641.637340358977
259,6681.541619917508
260,7898.364114876265
261,6870.260634433051
262,7641.637340358977
263,7641.637340358977
264,7435.16696561688
265,6735.419927415167
266,6735.419927415167
267,7641.637340358977
268,7641.637340358977
269,7641.637340358977
270,7641.637340358977
271,6735.419927415167
272,6559.671274435851
273,7435.16696561688
274,6735.419927415167
275,7641.637340358977
276,7641.637340358977
277,7641.637340358977
278,7641.637340358977
279,7641.637340358977
280,7641.637340358977
281,6870.260634433051
282,6681.541619917508
283,7641.637340358977
284,6681.541619917508
285,7641.637340358977
286,6650.226288005765
287,6681.541619917508
288,7273.974486714983
289,7641.637340358977
290,7273.974486714983
291,7641.637340358977
292,7641.637340358977
293,6870.260634433051
294,7641.637340358977
295,7641.637340358977
296,6650.226288005765
297,6156.854672399497
298,7641.637340358977
299,7641.637340358977
300,6650.226288005765
301,7641.637340358977
302,7641.637340358977
303,7641.637340358977
304,7641.637340358977
305,6558.962901170368
306,6104.485566585327
307,7435.16696561688
308,7641.637340358977
309,6870.260634433051
310,6735.419927415167
311,6870.260634433051
312,6735.419927415167
313,6681.541619917508
314,6104.485566585327
315,7641.637340358977
316,7641.637340358977
317,8217.825638368104
318,7641.637340358977
319,6104.485566585327
320,7641.637340358977
321,7641.637340358977
322,6870.260634433051
323,6558.962901170368
324,6558.962901170368
325,6334.270137607572
326,7641.637340358977
327,7435.16696561688
328,7641.637340358977
329,7641.637340358977
330,6771.863337631047
331,6824.796478705884
332,6650.226288005765
333,7641.637340358977
334,7641.637340358977
335,7641.637340358977
336,7641.637340358977
337,7435.16696561688
338,7641.637340358977
339,6681.541619917508
340,7641.637340358977
341,6681.541619917508
342,7641.637340358977
343,6650.226288005765
344,7641.637340358977
345,7641.637340358977
346,7898.364114876265
347,6870.260634433051
348,6771.863337631047
349,6559.671274435851
350,7641.637340358977
351,7641.637340358977
352,7641.637340358977
353,6650.226288005765
354,7641.637340358977
355,6559.671274435851
356,7435.16696561688
357,7641.637340358977
358,7641.637340358977
359,7641.637340358977
360,7641.637340358977
361,7641.637340358977
362,7641.637340358977
363,6681.541619917508
364,7641.637340358977
365,7641.637340358977
366,7641.637340358977
367,6334.270137607572
368,6681.541619917508
369,7641.637340358977
370,7641.637340358977
371,6650.226288005765
372,7435.16696561688
373,7641.637340358977
374,7435.16696561688
375,7641.637340358977
376,7435.16696561688
377,6735.419927415167
378,7898.364114876265
379,7641.637340358977
380,7435.16696561688
381,6559.671274435851
382,6559.671274435851
383,7641.637340358977
384,7898.364114876265
385,7641.637340358977
386,6559.671274435851
387,7273.974486714983
388,7898.364114876265
389,7435.16696561688
390,7898.364114876265
391,7641.637340358977
392,7641.637340358977
393,6559.671274435851
394,6558.962901170368
395,7038.304739594451
396,6334.270137607572
397,7641.637340358977
398,6771.863337631047
399,6104.485566585327
400,7435.16696561688
401,8448.59351057833
402,7038.304739594451
403,7641.637340358977
404,7641.637340358977
405,7898.364114876265
406,7641.637340358977
407,7641.637340358977
408,7641.637340358977
409,7641.637340358977
410,7641.637340358977
411,6681.541619917508
412,7641.637340358977
413,6650.226288005765
414,6104.485566585327
415,7641.637340358977
416,7435.16696561688
417,8448.59351057833
418,7641.637340358977
419,6104.485566585327
420,7641.637340358977
421,7273.974486714983
422,6334.270137607572
423,7641.637340358977
424,7641.637340358977
425,7641.637340358977
426,7641.637340358977
427,7898.364114876265
428,6771.863337631047
429,7641.637340358977
430,6870.260634433051
431,7641.637340358977
432,7641.637340358977
433,7641.637340358977
434,7641.637340358977
435,6870.260634433051
436,6735.419927415167
437,7641.637340358977
438,7435.16696561688
439,7273.974486714983
440,6104.485566585327
441,7641.637340358977
442,7435.16696561688
443,7898.364114876265
444,6156.854672399497
445,7641.637340358977
446,6771.863337631047
447,6334.270137607572
448,7641.637340358977
449,7641.637340358977
450,7641.637340358977
451,7641.637340358977
452,7641.637340358977
453,6334.270137607572
454,7641.637340358977
455,7641.637340358977
456,6735.419927415167
457,7641.637340358977
458,7273.974486714983
459,6650.226288005765
460,7641.637340358977
461,7641.637340358977
462,7641.637340358977
463,6104.485566585327
464,7435.16696561688
465,7038.304739594451
466,6735.419927415167
467,7641.637340358977
468,6771.863337631047
469,7641.637340358977
470,7898.364114876265
471,7641.637340358977
472,7435.16696561688
473,6650.226288005765
474,7641.637340358977
475,6334.270137607572
476,7641.637340358977
477,6681.541619917508
478,7435.16696561688
479,7641.637340358977
480,7641.637340358977
481,6771.863337631047
482,7641.637340358977
483,7641.637340358977
484,7641.637340358977
485,7641.637340358977
486,6824.796478705884
487,6334.270137607572
488,7641.637340358977
489,7641.637340358977
490,6771.863337631047
491,6650.226288005765
492,7641.637340358977
493,7641.637340358977
494,7641.637340358977
495,6156.854672399497
496,6334.270137607572
497,7273.974486714983
498,6735.419927415167
499,6681.541619917508
500,7641.637340358977
501,7641.637340358977
502,7435.16696561688
503,7641.637340358977
504,6681.541619917508
505,6559.671274435851
506,6771.863337631047
507,6870.260634433051
508,7898.364114876265
509,7641.637340358977
510,7435.16696561688
511,7641.637340358977
512,7641.637340358977
513,7641.637340358977
514,6735.419927415167
515,7038.304739594451
516,7641.637340358977
517,6650.226288005765
518,6681.541619917508
519,8217.825638368104
520,6559.671274435851
521,6650.226288005765
522,6735.419927415167
523,7641.637340358977
524,6681.541619917508
525,7435.16696561688
526,6334.270137607572
527,6104.485566585327
528,7641.637340358977
529,7898.364114876265
530,7641.637340358977
531,7641.637340358977
532,7641.637340358977
533,7898.364114876265
534,7641.637340358977
535,7435.16696561688
536,7435.16696561688
537,6104.485566585327
538,7641.637340358977
539,7435.16696561688
540,6559.671274435851
541,6558.962901170368
542,6735.419927415167
543,6681.541619917508
544,7641.637340358977
545,7273.974486714983
546,6870.260634433051
547,7641.637340358977
548,6735.419927415167
549,6559.671274435851
550,6681.541619917508
551,6870.260634433051
552,6870.260634433051
553,7641.637340358977
554,7435.16696561688
555,7641.637340358977
556,6681.541619917508
557,6735.419927415167
558,7641.637340358977
559,7641.637340358977
560,6559.671274435851
561,7641.637340358977
562,7641.637340358977
563,7641.637340358977
564,6735.419927415167
565,7641.637340358977
566,6870.260634433051
567,7641.637340358977
568,7641.637340358977
569,6156.854672399497
570,6735.419927415167
571,6650.226288005765
572,7641.637340358977
573,7641.637340358977
574,7641.637340358977
575,7641.637340358977
576,7641.637340358977
577,7435.16696561688
578,6334.270137607572
579,6735.419927415167
580,6735.419927415167
581,6735.419927415167
582,7641.637340358977
583,6650.226288005765
584,6334.270137607572
585,7435.16696561688
586,7641.637340358977
587,7641.637340358977
588,6650.226288005765
589,6870.260634433051
590,7641.637340358977
591,6870.260634433051
592,7898.364114876265
593,7641.637340358977
594,7641.637340358977
595,7641.637340358977
596,8448.59351057833
597,7641.637340358977
598,7641.637340358977
599,7641.637340358977
600,7641.637340358977
601,7641.637340358977
602,7641.637340358977
603,6735.419927415167
604,6870.260634433051
605,7435.16696561688
606,6104.485566585327
607,6870.260634433051
608,6650.226288005765
609,7641.637340358977
610,7641.637340358977
611,7641.637340358977
612,7273.974486714983
613,7641.637340358977
614,6334.270137607572
615,7641.637340358977
616,7435.16696561688
617,7641.637340358977
618,7641.637340358977
619,7641.637340358977
620,7641.637340358977
621,6870.260634433051
622,6104.485566585327
623,6870.260634433051
624,6681.541619917508
625,7641.637340358977
626,7641.637340358977
627,7641.637340358977
628,7641.637340358977
629,7641.637340358977
630,7435.16696561688
631,7641.637340358977
632,6334.270137607572
633,7641.637340358977
634,7435.16696561688
635,8448.59351057833
636,7641.637340358977
637,7641.637340358977
638,7435.16696561688
639,7641.637340358977
640,7641.637340358977
641,7641.637340358977
642,6681.541619917508
643,6334.270137607572
644,6870.260634433051
645,7641.637340358977
646,7641.637340358977
647,7641.637340358977
648,7273.974486714983
649,6735.419927415167
650,7898.364114876265
651,6650.226288005765
652,6735.419927415167
653,7641.637340358977
654,6650.226288005765
655,6400.121861411011
656,6735.419927415167
657,7641.637340358977
658,6681.541619917508
659,7641.637340358977
660,6824.796478705884
661,7435.16696561688
662,7641.637340358977
663,7641.637340358977
664,6735.419927415167
665,6735.419927415167
666,7641.637340358977
667,6681.541619917508
668,7641.637340358977
669,6559.671274435851
670,7641.637340358977
671,6870.260634433051
672,7641.637340358977
673,6824.796478705884
674,7641.637340358977
675,7273.974486714983
676,7641.637340358977
677,6559.671274435851
678,7641.637340358977
679,6650.226288005765
680,7641.637340358977
681,7641.637340358977
682,7641.637340358977
683,7641.637340358977
684,7641.637340358977
685,7898.364114876265
686,6334.270137607572
687,6735.419927415167
688,6650.226288005765
689,6104.485566585327
690,7641.637340358977
691,7641.637340358977
692,7641.637340358977
693,6559.671274435851
694,7435.16696561688
695,7641.637340358977
696,7435.16696561688
697,7641.637340358977
698,6735.419927415167
699,7641.637340358977
700,7641.637340358977
701,7641.637340358977
702,7898.364114876265
703,6681.541619917508
704,7641.637340358977
705,7641.637340358977
706,7641.637340358977
707,7641.637340358977
708,7435.16696561688
709,7641.637340358977
710,7641.637340358977
711,6681.541619917508
712,7435.16696561688
713,7641.637340358977
714,6104.485566585327
715,6104.485566585327
716,6771.863337631047
717,7641.637340358977
718,6650.226288005765
719,7641.637340358977
720,7641.637340358977
721,6104.485566585327
722,6771.863337631047
723,6735.419927415167
724,7641.637340358977
725,7641.637340358977
726,6870.260634433051
727,7641.637340358977
728,7641.637340358977
729,6650.226288005765
730,7273.974486714983
731,7641.637340358977
732,7641.637340358977
733,7641.637340358977
734,6735.419927415167
735,6771.863337631047
736,7641.637340358977
737,7641.637340358977
738,7435.16696561688
739,7641.637340358977
740,6870.260634433051
741,6156.854672399497
742,7273.974486714983
743,6650.226288005765
744,7641.637340358977
745,7641.637340358977
746,6559.671274435851
747,7641.637340358977
748,7641.637340358977
749,6156.854672399497
750,6870.260634433051
751,7898.364114876265
752,6632.150507367874
753,7435.16696561688
754,6735.419927415167
755,7641.637340358977
756,6771.863337631047
757,7641.637340358977
758,6104.485566585327
759,6104.485566585327
760,6771.863337631047
761,7273.974486714983
762,7641.637340358977
763,7435.16696561688
764,7641.637340358977
765,7641.637340358977
766,6104.485566585327
767,7898.364114876265
768,6559.671274435851
769,7435.16696561688
770,6558.962901170368
771,7038.304739594451
772,7641.637340358977
773,7641.637340358977
774,7641.637340358977
775,6870.260634433051
776,7273.974486714983
777,7273.974486714983
778,8217.825638368104
779,6650.226288005765
780,6650.226288005765
781,7038.304739594451
782,6334.270137607572
783,6771.863337631047
784,7641.637340358977
785,7641.637340358977
786,7641.637340358977
787,7641.637340358977
788,8448.59351057833
789,7435.16696561688
790,6650.226288005765
791,7641.637340358977
792,6156.854672399497
793,7641.637340358977
794,7641.637340358977
795,7641.637340358977
796,6870.260634433051
797,7435.16696561688
798,6650.226288005765
799,6771.863337631047
800,7641.637340358977
801,6681.541619917508
802,7435.16696561688
803,6735.419927415167
804,7038.304739594451
805,6104.485566585327
806,6650.226288005765
807,7641.637340358977
808,6681.541619917508
809,7435.16696561688
810,7641.637340358977
811,6334.270137607572
812,7641.637340358977
813,6650.226288005765
814,7641.637340358977
815,7435.16696561688
816,7641.637340358977
817,7641.637340358977
818,6334.270137607572
819,7641.637340358977
820,7641.637340358977
821,6559.671274435851
822,7641.637340358977
823,6334.270137607572
824,6559.671274435851
825,6681.541619917508
826,6104.485566585327
827,6334.270137607572
828,7435.16696561688
829,7898.364114876265
830,7435.16696561688
831,6559.671274435851
832,6771.863337631047
833,7273.974486714983
834,7641.637340358977
835,6558.962901170368
836,7641.637340358977
837,7641.637340358977
838,7435.16696561688
839,7435.16696561688
840,6870.260634433051
841,7641.637340358977
842,6735.419927415167
843,6735.419927415167
844,7641.637340358977
845,7435.16696561688
846,6559.671274435851
847,6735.419927415167
848,6559.671274435851
849,6650.226288005765
850,6771.863337631047
851,7641.637340358977
852,6650.226288005765
853,7641.637340358977
854,7641.637340358977
855,7641.637340358977
856,7641.637340358977
857,7878.63292782239
858,6921.824505791
859,7878.63292782239
860,7878.63292782239
861,7878.63292782239
862,7878.63292782239
863,6401.447293427574
864,7154.70320033481
865,6689.232796420335
866,7449.911842331042
867,6921.824505791
868,7878.63292782239
869,7878.63292782239
870,7449.911842331042
871,6689.232796420335
872,7878.63292782239
873,7878.63292782239
874,7449.911842331042
875,7878.63292782239
876,6875.270503470714
877,7878.63292782239
878,7206.422718994869
879,7878.63292782239
880,6689.232796420335
881,7878.63292782239
882,6401.447293427574
883,7449.911842331042
884,7878.63292782239
885,6968.2771061168305
886,6689.232796420335
887,6968.2771061168305
888,7449.911842331042
889,8204.315747489256
890,7878.63292782239
891,6921.824505791
892,6921.824505791
893,7878.63292782239
894,7878.63292782239
895,7878.63292782239
896,7144.216903201807
897,8576.648649300723
898,7878.63292782239
899,7206.422718994869
900,6797.174506058251
901,6401.447293427574
902,7878.63292782239
903,7631.622400389716
904,6921.824505791
905,8204.315747489256
906,7878.63292782239
907,6609.439168998054
908,7449.911842331042
909,7878.63292782239
910,8204.315747489256
911,7154.70320033481
912,7878.63292782239
913,7878.63292782239
914,7878.63292782239
915,7878.63292782239
916,7206.422718994869
917,7878.63292782239
918,7878.63292782239
919,7449.911842331042
920,8204.315747489256
921,7878.63292782239
922,7878.63292782239
923,6968.2771061168305
924,7449.911842331042
925,7878.63292782239
926,6609.439168998054
927,6689.232796420335
928,6921.824505791
929,7878.63292782239
930,6401.447293427574
931,7878.63292782239
932,7878.63292782239
933,7878.63292782239
934,7206.422718994869
935,7070.34936223598
936,7878.63292782239
937,7878.63292782239
938,7878.63292782239
939,7878.63292782239
940,8204.315747489256
941,7878.63292782239
942,7878.63292782239
943,7449.911842331042
944,7878.63292782239
945,7878.63292782239
946,7878.63292782239
947,8204.315747489256
948,7878.63292782239
949,7878.63292782239
950,7631.622400389716
951,7154.70320033481
952,6401.447293427574
953,6921.824505791
954,7154.70320033481
955,7878.63292782239
956,6797.174506058251
957,6401.447293427574
958,7878.63292782239
959,7449.911842331042
960,6921.824505791
961,6401.447293427574
962,7878.63292782239
963,7878.63292782239
964,7878.63292782239
965,7878.63292782239
966,6689.232796420335
967,8449.960177947185
968,7878.63292782239
969,6921.824505791
970,7878.63292782239
971,7878.63292782239
972,7631.622400389716
973,7878.63292782239
974,6609.439168998054
975,7878.63292782239
976,6968.2771061168305
977,7878.63292782239
978,7878.63292782239
979,7878.63292782239
980,7154.70320033481
981,7154.70320033481
982,7154.70320033481
983,6968.2771061168305
984,7878.63292782239
985,7631.622400389716
986,6921.824505791
987,7878.63292782239
988,7449.911842331042
989,7878.63292782239
990,7878.63292782239
991,7878.63292782239
992,7878.63292782239
993,7878.63292782239
994,6921.824505791
995,7144.216903201807
996,7878.63292782239
997,7878.63292782239
998,7449.911842331042
999,7878.63292782239
1000,7631.622400389716
1001,7878.63292782239
1002,7449.911842331042
1003,7449.911842331042
1004,7449.911842331042
1005,7878.63292782239
1006,6875.270503470714
1007,7878.63292782239
1008,7878.63292782239
1009,6921.824505791
1010,7878.63292782239
1011,7631.622400389716
1012,7878.63292782239
1013,7449.911842331042
1014,6921.824505791
1015,7878.63292782239
1016,6968.2771061168305
1017,6875.270503470714
1018,7878.63292782239
1019,6401.447293427574
1020,7206.422718994869
1021,6689.232796420335
1022,6689.232796420335
1023,7878.63292782239
1024,7144.216903201807
1025,7878.63292782239
1026,7878.63292782239
1027,7878.63292782239
1028,6401.447293427574
1029,7878.63292782239
1030,7878.63292782239
1031,7631.622400389716
1032,6921.824505791
1033,7878.63292782239
1034,8576.648649300723
1035,7878.63292782239
1036,7878.63292782239
1037,8204.315747489256
1038,6689.232796420335
1039,7878.63292782239
1040,7878.63292782239
1041,6921.824505791
1042,6875.270503470714
1043,6401.447293427574
1044,7878.63292782239
1045,7878.63292782239
1046,6875.270503470714
1047,7449.911842331042
1048,7878.63292782239
1049,7631.622400389716
1050,7878.63292782239
1051,6875.270503470714
1052,6875.270503470714
1053,6401.447293427574
1054,6609.439168998054
1055,7206.422718994869
1056,8204.315747489256
1057,7878.63292782239
1058,7878.63292782239
1059,7449.911842331042
1060,6921.824505791
1061,7878.63292782239
1062,7878.63292782239
1063,7878.63292782239
1064,6921.824505791
1065,7878.63292782239
1066,7206.422718994869
1067,7449.911842331042
1068,6968.2771061168305
1069,7878.63292782239
1070,7449.911842331042
1071,7206.422718994869
1072,7878.63292782239
1073,7449.911842331042
1074,7449.911842331042
1075,7878.63292782239
1076,7449.911842331042
1077,6921.824505791
1078,7878.63292782239
1079,7878.63292782239
1080,7878.63292782239
1081,6374.103519050667
1082,6689.232796420335
1083,7878.63292782239
1084,7878.63292782239
1085,7878.63292782239
1086,6401.447293427574
1087,7878.63292782239
1088,7144.216903201807
1089,7631.622400389716
1090,7878.63292782239
1091,6968.2771061168305
1092,7449.911842331042
1093,7154.70320033481
1094,8204.315747489256
1095,7206.422718994869
1096,7878.63292782239
1097,7878.63292782239
1098,6968.2771061168305
1099,7878.63292782239
1100,7878.63292782239
1101,6921.824505791
1102,6797.174506058251
1103,7878.63292782239
1104,6875.270503470714
1105,7878.63292782239
1106,6968.2771061168305
1107,7878.63292782239
1108,7878.63292782239
1109,7878.63292782239
1110,6921.824505791
1111,7878.63292782239
1112,7631.622400389716
1113,6968.2771061168305
1114,7878.63292782239
1115,6689.232796420335
1116,8204.315747489256
1117,7206.422718994869
1118,7878.63292782239
1119,7878.63292782239
1120,7449.911842331042
1121,6921.824505791
1122,6921.824505791
1123,7878.63292782239
1124,7878.63292782239
1125,7878.63292782239
1126,7878.63292782239
1127,6921.824505791
1128,6875.270503470714
1129,7449.911842331042
1130,6921.824505791
1131,7878.63292782239
1132,7878.63292782239
1133,7878.63292782239
1134,7878.63292782239
1135,7878.63292782239
1136,7878.63292782239
1137,7206.422718994869
1138,6689.232796420335
1139,7878.63292782239
1140,6689.232796420335
1141,7878.63292782239
1142,6968.2771061168305
1143,6689.232796420335
1144,7631.622400389716
1145,7878.63292782239
1146,7631.622400389716
1147,7878.63292782239
1148,7878.63292782239
1149,7206.422718994869
1150,7878.63292782239
1151,7878.63292782239
1152,6968.2771061168305
1153,6374.103519050667
1154,7878.63292782239
1155,7878.63292782239
1156,6968.2771061168305
1157,7878.63292782239
1158,7878.63292782239
1159,7878.63292782239
1160,7878.63292782239
1161,6797.174506058251
1162,6401.447293427574
1163,7449.911842331042
1164,7878.63292782239
1165,7206.422718994869
1166,6921.824505791
1167,7206.422718994869
1168,6921.824505791
1169,6689.232796420335
1170,6401.447293427574
1171,7878.63292782239
1172,7878.63292782239
1173,8576.648649300723
1174,7878.63292782239
1175,6401.447293427574
1176,7878.63292782239
1177,7878.63292782239
1178,7206.422718994869
1179,6797.174506058251
1180,6797.174506058251
1181,6609.439168998054
1182,7878.63292782239
1183,7449.911842331042
1184,7878.63292782239
1185,7878.63292782239
1186,7154.70320033481
1187,7070.34936223598
1188,6968.2771061168305
1189,7878.63292782239
1190,7878.63292782239
1191,7878.63292782239
1192,7878.63292782239
1193,7449.911842331042
1194,7878.63292782239
1195,6689.232796420335
1196,7878.63292782239
1197,6689.232796420335
1198,7878.63292782239
1199,6968.2771061168305
1200,7878.63292782239
1201,7878.63292782239
1202,8204.315747489256
1203,7206.422718994869
1204,7154.70320033481
1205,6875.270503470714
1206,7878.63292782239
1207,7878.63292782239
1208,7878.63292782239
1209,6968.2771061168305
1210,7878.63292782239
1211,6875.270503470714
1212,7449.911842331042
1213,7878.63292782239
1214,7878.63292782239
1215,7878.63292782239
1216,7878.63292782239
1217,7878.63292782239
1218,7878.63292782239
1219,6689.232796420335
1220,7878.63292782239
1221,7878.63292782239
1222,7878.63292782239
1223,6609.439168998054
1224,6689.232796420335
1225,7878.63292782239
1226,7878.63292782239
1227,6968.2771061168305
1228,7449.911842331042
1229,7878.63292782239
1230,7449.911842331042
1231,7878.63292782239
1232,7449.911842331042
1233,6921.824505791
1234,8204.315747489256
1235,7878.63292782239
1236,7449.911842331042
1237,6875.270503470714
1238,6875.270503470714
1239,7878.63292782239
1240,8204.315747489256
1241,7878.63292782239
1242,6875.270503470714
1243,7631.622400389716
1244,8204.315747489256
1245,7449.911842331042
1246,8204.315747489256
1247,7878.63292782239
1248,7878.63292782239
1249,6875.270503470714
1250,6797.174506058251
1251,7144.216903201807
1252,6609.439168998054
1253,7878.63292782239
1254,7154.70320033481
1255,6401.447293427574
1256,7449.911842331042
1257,8449.960177947185
1258,7144.216903201807
1259,7878.63292782239
1260,7878.63292782239
1261,8204.315747489256
1262,7878.63292782239
1263,7878.63292782239
1264,7878.63292782239
1265,7878.63292782239
1266,7878.63292782239
1267,6689.232796420335
1268,7878.63292782239
1269,6968.2771061168305
1270,6401.447293427574
1271,7878.63292782239
1272,7449.911842331042
1273,8449.960177947185
1274,7878.63292782239
1275,6401.447293427574
1276,7878.63292782239
1277,7631.622400389716
1278,6609.439168998054
1279,7878.63292782239
1280,7878.63292782239
1281,7878.63292782239
1282,7878.63292782239
1283,8204.315747489256
1284,7154.70320033481
1285,7878.63292782239
1286,7206.422718994869
1287,7878.63292782239
1288,7878.63292782239
1289,7878.63292782239
1290,7878.63292782239
1291,7206.422718994869
1292,6921.824505791
1293,7878.63292782239
1294,7449.911842331042
1295,7631.622400389716
1296,6401.447293427574
1297,7878.63292782239
1298,7449.911842331042
1299,8204.315747489256
1300,6374.103519050667
1301,7878.63292782239
1302,7154.70320033481
1303,6609.439168998054
1304,7878.63292782239
1305,7878.63292782239
1306,7878.63292782239
1307,7878.63292782239
1308,7878.63292782239
1309,6609.439168998054
1310,7878.63292782239
1311,7878.63292782239
1312,6921.824505791
1313,7878.63292782239
1314,7631.622400389716
1315,6968.2771061168305
1316,7878.63292782239
1317,7878.63292782239
1318,7878.63292782239
1319,6401.447293427574
1320,7449.911842331042
1321,7144.216903201807
1322,6921.824505791
1323,7878.63292782239
1324,7154.70320033481
1325,7878.63292782239
1326,8204.315747489256
1327,7878.63292782239
1328,7449.911842331042
1329,6968.2771061168305
1330,7878.63292782239
1331,6609.439168998054
1332,7878.63292782239
1333,6689.232796420335
1334,7449.911842331042
1335,7878.63292782239
1336,7878.63292782239
1337,7154.70320033481
1338,7878.63292782239
1339,7878.63292782239
1340,7878.63292782239
1341,7878.63292782239
1342,7070.34936223598
1343,6609.439168998054
1344,7878.63292782239
1345,7878.63292782239
1346,7154.70320033481
1347,6968.2771061168305
1348,7878.63292782239
1349,7878.63292782239
1350,7878.63292782239
1351,6374.103519050667
1352,6609.439168998054
1353,7631.622400389716
1354,6921.824505791
1355,6689.232796420335
1356,7878.63292782239
1357,7878.63292782239
1358,7449.911842331042
1359,7878.63292782239
1360,6689.232796420335
1361,6875.270503470714
1362,7154.70320033481
1363,7206.422718994869
1364,8204.315747489256
1365,7878.63292782239
1366,7449.911842331042
1367,7878.63292782239
1368,7878.63292782239
1369,7878.63292782239
1370,6921.824505791
1371,7144.216903201807
1372,7878.63292782239
1373,6968.2771061168305
1374,6689.232796420335
1375,8576.648649300723
1376,6875.270503470714
1377,6968.2771061168305
1378,6921.824505791
1379,7878.63292782239
1380,6689.232796420335
1381,7449.911842331042
1382,6609.439168998054
1383,6401.447293427574
1384,7878.63292782239
1385,8204.315747489256
1386,7878.63292782239
1387,7878.63292782239
1388,7878.63292782239
1389,8204.315747489256
1390,7878.63292782239
1391,7449.911842331042
1392,7449.911842331042
1393,6401.447293427574
1394,7878.63292782239
1395,7449.911842331042
1396,6875.270503470714
1397,6797.174506058251
1398,6921.824505791
1399,6689.232796420335
1400,7878.63292782239
1401,7631.622400389716
1402,7206.422718994869
1403,7878.63292782239
1404,6921.824505791
1405,6875.270503470714
1406,6689.232796420335
1407,7206.422718994869
1408,7206.422718994869
1409,7878.63292782239
1410,7449.911842331042
1411,7878.63292782239
1412,6689.232796420335
1413,6921.824505791
1414,7878.63292782239
1415,7878.63292782239
1416,6875.270503470714
1417,7878.63292782239
1418,7878.63292782239
1419,7878.63292782239
1420,6921.824505791
1421,7878.63292782239
1422,7206.422718994869
1423,7878.63292782239
1424,7878.63292782239
1425,6374.103519050667
1426,6921.824505791
1427,6968.2771061168305
1428,7878.63292782239
1429,7878.63292782239
1430,7878.63292782239
1431,7878.63292782239
1432,7878.63292782239
1433,7449.911842331042
1434,6609.439168998054
1435,6921.824505791
1436,6921.824505791
1437,6921.824505791
1438,7878.63292782239
1439,6968.2771061168305
1440,6609.439168998054
1441,7449.911842331042
1442,7878.63292782239
1443,7878.63292782239
1444,6968.2771061168305
1445,7206.422718994869
1446,7878.63292782239
1447,7206.422718994869
1448,8204.315747489256
1449,7878.63292782239
1450,7878.63292782239
1451,7878.63292782239
1452,8449.960177947185
1453,7878.63292782239
1454,7878.63292782239
1455,7878.63292782239
1456,7878.63292782239
1457,7878.63292782239
1458,7878.63292782239
1459,6921.824505791
1460,7206.422718994869
1461,7449.911842331042
1462,6401.447293427574
1463,7206.422718994869
1464,6968.2771061168305
1465,7878.63292782239
1466,7878.63292782239
1467,7878.63292782239
1468,7631.622400389716
1469,7878.63292782239
1470,6609.439168998054
1471,7878.63292782239
1472,7449.911842331042
1473,7878.63292782239
1474,7878.63292782239
1475,7878.63292782239
1476,7878.63292782239
1477,7206.422718994869
1478,6401.447293427574
1479,7206.422718994869
1480,6689.232796420335
1481,7878.63292782239
1482,7878.63292782239
1483,7878.63292782239
1484,7878.63292782239
1485,7878.63292782239
1486,7449.911842331042
1487,7878.63292782239
1488,6609.439168998054
1489,7878.63292782239
1490,7449.911842331042
1491,8449.960177947185
1492,7878.63292782239
1493,7878.63292782239
1494,7449.911842331042
1495,7878.63292782239
1496,7878.63292782239
1497,7878.63292782239
1498,6689.232796420335
1499,6609.439168998054
1500,7206.422718994869
1501,7878.63292782239
1502,7878.63292782239
1503,7878.63292782239
1504,7631.622400389716
1505,6921.824505791
1506,8204.315747489256
1507,6968.2771061168305
1508,6921.824505791
1509,7878.63292782239
1510,6968.2771061168305
1511,6401.488528779865
1512,6921.824505791
1513,7878.63292782239
1514,6689.232796420335
1515,7878.63292782239
1516,7070.34936223598
1517,7449.911842331042
1518,7878.63292782239
1519,7878.63292782239
1520,6921.824505791
1521,6921.824505791
1522,7878.63292782239
1523,6689.232796420335
1524,7878.63292782239
1525,6875.270503470714
1526,7878.63292782239
1527,7206.422718994869
1528,7878.63292782239
1529,7070.34936223598
1530,7878.63292782239
1531,7631.622400389716
1532,7878.63292782239
1533,6875.270503470714
1534,7878.63292782239
1535,6968.2771061168305
1536,7878.63292782239
1537,7878.63292782239
1538,7878.63292782239
1539,7878.63292782239
1540,7878.63292782239
1541,8204.315747489256
1542,6609.439168998054
1543,6921.824505791
1544,6968.2771061168305
1545,6401.447293427574
1546,7878.63292782239
1547,7878.63292782239
1548,7878.63292782239
1549,6875.270503470714
1550,7449.911842331042
1551,7878.63292782239
1552,7449.911842331042
1553,7878.63292782239
1554,6921.824505791
1555,7878.63292782239
1556,7878.63292782239
1557,7878.63292782239
1558,8204.315747489256
1559,6689.232796420335
1560,7878.63292782239
1561,7878.63292782239
1562,7878.63292782239
1563,7878.63292782239
1564,7449.911842331042
1565,7878.63292782239
1566,7878.63292782239
1567,6689.232796420335
1568,7449.911842331042
1569,7878.63292782239
1570,6401.447293427574
1571,6401.447293427574
1572,7154.70320033481
1573,7878.63292782239
1574,6968.2771061168305
1575,7878.63292782239
1576,7878.63292782239
1577,6401.447293427574
1578,7154.70320033481
1579,6921.824505791
1580,7878.63292782239
1581,7878.63292782239
1582,7206.422718994869
1583,7878.63292782239
1584,7878.63292782239
1585,6968.2771061168305
1586,7631.622400389716
1587,7878.63292782239
1588,7878.63292782239
1589,7878.63292782239
1590,6921.824505791
1591,7154.70320033481
1592,7878.63292782239
1593,7878.63292782239
1594,7449.911842331042
1595,7878.63292782239
1596,7206.422718994869
1597,6374.103519050667
1598,7631.622400389716
1599,6968.2771061168305
1600,7878.63292782239
1601,7878.63292782239
1602,6875.270503470714
1603,7878.63292782239
1604,7878.63292782239
1605,6374.103519050667
1606,7206.422718994869
1607,8204.315747489256
1608,6938.539692755129
1609,7449.911842331042
1610,6921.824505791
1611,7878.63292782239
1612,7154.70320033481
1613,7878.63292782239
1614,6401.447293427574
1615,6401.447293427574
1616,7154.70320033481
1617,7631.622400389716
1618,7878.63292782239
1619,7449.911842331042
1620,7878.63292782239
1621,7878.63292782239
1622,6401.447293427574
1623,8204.315747489256
1624,6875.270503470714
1625,7449.911842331042
1626,6797.174506058251
1627,7144.216903201807
1628,7878.63292782239
1629,7878.63292782239
1630,7878.63292782239
1631,7206.422718994869
1632,7631.622400389716
1633,7631.622400389716
1634,8576.648649300723
1635,6968.2771061168305
1636,6968.2771061168305
1637,7144.216903201807
1638,6609.439168998054
1639,7154.70320033481
1640,7878.63292782239
1641,7878.63292782239
1642,7878.63292782239
1643,7878.63292782239
1644,8449.960177947185
1645,7449.911842331042
1646,6968.2771061168305
1647,7878.63292782239
1648,6374.103519050667
1649,7878.63292782239
1650,7878.63292782239
1651,7878.63292782239
1652,7206.422718994869
1653,7449.911842331042
1654,6968.2771061168305
1655,7154.70320033481
1656,7878.63292782239
1657,6689.232796420335
1658,7449.911842331042
1659,6921.824505791
1660,7144.216903201807
1661,6401.447293427574
1662,6968.2771061168305
1663,7878.63292782239
1664,6689.232796420335
1665,7449.911842331042
1666,7878.63292782239
1667,6609.439168998054
1668,7878.63292782239
1669,6968.2771061168305
1670,7878.63292782239
1671,7449.911842331042
1672,7878.63292782239
1673,7878.63292782239
1674,6609.439168998054
1675,7878.63292782239
1676,7878.63292782239
1677,6875.270503470714
1678,7878.63292782239
1679,6609.439168998054
1680,6875.270503470714
1681,6689.232796420335
1682,6401.447293427574
1683,6609.439168998054
1684,7449.911842331042
1685,8204.315747489256
1686,7449.911842331042
1687,6875.270503470714
1688,7154.70320033481
1689,7631.622400389716
1690,7878.63292782239
1691,6797.174506058251
1692,7878.63292782239
1693,7878.63292782239
1694,7449.911842331042
1695,7449.911842331042
1696,7206.422718994869
1697,7878.63292782239
1698,6921.824505791
1699,6921.824505791
1700,7878.63292782239
1701,7449.911842331042
1702,6875.270503470714
1703,6921.824505791
1704,6875.270503470714
1705,6968.2771061168305
1706,7154.70320033481
1707,7878.63292782239
1708,6968.2771061168305
1709,7878.63292782239
1710,7878.63292782239
1711,7878.63292782239
1712,7878.63292782239
1713,8573.66768956118
1714,7632.915738347463
1715,8573.66768956118
1716,8573.66768956118
1717,8573.66768956118
1718,8573.66768956118
1719,6924.534136104643
1720,7998.022526113079
1721,7571.830112120034
1722,8352.731033117041
1723,7632.915738347463
1724,8573.66768956118
1725,8573.66768956118
1726,8352.731033117041
1727,7571.830112120034
1728,8573.66768956118
1729,8573.66768956118
1730,8352.731033117041
1731,8573.66768956118
1732,7413.272042046723
1733,8573.66768956118
1734,7799.216605616307
1735,8573.66768956118
1736,7571.830112120034
1737,8573.66768956118
1738,6924.534136104643
1739,8352.731033117041
1740,8573.66768956118
1741,7706.348502226559
1742,7571.830112120034
1743,7706.348502226559
1744,8352.731033117041
1745,9132.124327452615
1746,8573.66768956118
1747,7632.915738347463
1748,7632.915738347463
1749,8573.66768956118
1750,8573.66768956118
1751,8573.66768956118
1752,7569.890830224771
1753,9121.267740775704
1754,8573.66768956118
1755,7799.216605616307
1756,7289.1778412196845
1757,6924.534136104643
1758,8573.66768956118
1759,8308.715139408665
1760,7632.915738347463
1761,9132.124327452615
1762,8573.66768956118
1763,7126.080438057956
1764,8352.731033117041
1765,8573.66768956118
1766,9132.124327452615
1767,7998.022526113079
1768,8573.66768956118
1769,8573.66768956118
1770,8573.66768956118
1771,8573.66768956118
1772,7799.216605616307
1773,8573.66768956118
1774,8573.66768956118
1775,8352.731033117041
1776,9132.124327452615
1777,8573.66768956118
1778,8573.66768956118
1779,7706.348502226559
1780,8352.731033117041
1781,8573.66768956118
1782,7126.080438057956
1783,7571.830112120034
1784,7632.915738347463
1785,8573.66768956118
1786,6924.534136104643
1787,8573.66768956118
1788,8573.66768956118
1789,8573.66768956118
1790,7799.216605616307
1791,7737.398552046128
1792,8573.66768956118
1793,8573.66768956118
1794,8573.66768956118
1795,8573.66768956118
1796,9132.124327452615
1797,8573.66768956118
1798,8573.66768956118
1799,8352.731033117041
1800,8573.66768956118
1801,8573.66768956118
1802,8573.66768956118
1803,9132.124327452615
1804,8573.66768956118
1805,8573.66768956118
1806,8308.715139408665
1807,7998.022526113079
1808,6924.534136104643
1809,7632.915738347463
1810,7998.022526113079
1811,8573.66768956118
1812,7289.1778412196845
1813,6924.534136104643
1814,8573.66768956118
1815,8352.731033117041
1816,7632.915738347463
1817,6924.534136104643
1818,8573.66768956118
1819,8573.66768956118
1820,8573.66768956118
1821,8573.66768956118
1822,7571.830112120034
1823,9264.59934370543
1824,8573.66768956118
1825,7632.915738347463
1826,8573.66768956118
1827,8573.66768956118
1828,8308.715139408665
1829,8573.66768956118
1830,7126.080438057956
1831,8573.66768956118
1832,7706.348502226559
1833,8573.66768956118
1834,8573.66768956118
1835,8573.66768956118
1836,7998.022526113079
1837,7998.022526113079
1838,7998.022526113079
1839,7706.348502226559
1840,8573.66768956118
1841,8308.715139408665
1842,7632.915738347463
1843,8573.66768956118
1844,8352.731033117041
1845,8573.66768956118
1846,8573.66768956118
1847,8573.66768956118
1848,8573.66768956118
1849,8573.66768956118
1850,7632.915738347463
1851,7569.890830224771
1852,8573.66768956118
1853,8573.66768956118
1854,8352.731033117041
1855,8573.66768956118
1856,8308.715139408665
1857,8573.66768956118
1858,8352.731033117041
1859,8352.731033117041
1860,8352.731033117041
1861,8573.66768956118
1862,7413.272042046723
1863,8573.66768956118
1864,8573.66768956118
1865,7632.915738347463
1866,8573.66768956118
1867,8308.715139408665
1868,8573.66768956118
1869,8352.731033117041
1870,7632.915738347463
1871,8573.66768956118
1872,7706.348502226559
1873,7413.272042046723
1874,8573.66768956118
1875,6924.534136104643
1876,7799.216605616307
1877,7571.830112120034
1878,7571.830112120034
1879,8573.66768956118
1880,7569.890830224771
1881,8573.66768956118
1882,8573.66768956118
1883,8573.66768956118
1884,6924.534136104643
1885,8573.66768956118
1886,8573.66768956118
1887,8308.715139408665
1888,7632.915738347463
1889,8573.66768956118
1890,9121.267740775704
1891,8573.66768956118
1892,8573.66768956118
1893,9132.124327452615
1894,7571.830112120034
1895,8573.66768956118
1896,8573.66768956118
1897,7632.915738347463
1898,7413.272042046723
1899,6924.534136104643
1900,8573.66768956118
1901,8573.66768956118
1902,7413.272042046723
1903,8352.731033117041
1904,8573.66768956118
1905,8308.715139408665
1906,8573.66768956118
1907,7413.272042046723
1908,7413.272042046723
1909,6924.534136104643
1910,7126.080438057956
1911,7799.216605616307
1912,9132.124327452615
1913,8573.66768956118
1914,8573.66768956118
1915,8352.731033117041
1916,7632.915738347463
1917,8573.66768956118
1918,8573.66768956118
1919,8573.66768956118
1920,7632.915738347463
1921,8573.66768956118
1922,7799.216605616307
1923,8352.731033117041
1924,7706.348502226559
1925,8573.66768956118
1926,8352.731033117041
1927,7799.216605616307
1928,8573.66768956118
1929,8352.731033117041
1930,8352.731033117041
1931,8573.66768956118
1932,8352.731033117041
1933,7632.915738347463
1934,8573.66768956118
1935,8573.66768956118
1936,8573.66768956118
1937,7081.407990564091
1938,7571.830112120034
1939,8573.66768956118
1940,8573.66768956118
1941,8573.66768956118
1942,6924.534136104643
1943,8573.66768956118
1944,7569.890830224771
1945,8308.715139408665
1946,8573.66768956118
1947,7706.348502226559
1948,8352.731033117041
1949,7998.022526113079
1950,9132.124327452615
1951,7799.216605616307
1952,8573.66768956118
1953,8573.66768956118
1954,7706.348502226559
1955,8573.66768956118
1956,8573.66768956118
1957,7632.915738347463
1958,7289.1778412196845
1959,8573.66768956118
1960,7413.272042046723
1961,8573.66768956118
1962,7706.348502226559
1963,8573.66768956118
1964,8573.66768956118
1965,8573.66768956118
1966,7632.915738347463
1967,8573.66768956118
1968,8308.715139408665
1969,7706.348502226559
1970,8573.66768956118
1971,7571.830112120034
1972,9132.124327452615
1973,7799.216605616307
1974,8573.66768956118
1975,8573.66768956118
1976,8352.731033117041
1977,7632.915738347463
1978,7632.915738347463
1979,8573.66768956118
1980,8573.66768956118
1981,8573.66768956118
1982,8573.66768956118
1983,7632.915738347463
1984,7413.272042046723
1985,8352.731033117041
1986,7632.915738347463
1987,8573.66768956118
1988,8573.66768956118
1989,8573.66768956118
1990,8573.66768956118
1991,8573.66768956118
1992,8573.66768956118
1993,7799.216605616307
1994,7571.830112120034
1995,8573.66768956118
1996,7571.830112120034
1997,8573.66768956118
1998,7706.348502226559
1999,7571.830112120034
2000,8308.715139408665
2001,8573.66768956118
2002,8308.715139408665
2003,8573.66768956118
2004,8573.66768956118
2005,7799.216605616307
2006,8573.66768956118
2007,8573.66768956118
2008,7706.348502226559
2009,7081.407990564091
2010,8573.66768956118
2011,8573.66768956118
2012,7706.348502226559
2013,8573.66768956118
2014,8573.66768956118
2015,8573.66768956118
2016,8573.66768956118
2017,7289.1778412196845
2018,6924.534136104643
2019,8352.731033117041
2020,8573.66768956118
2021,7799.216605616307
2022,7632.915738347463
2023,7799.216605616307
2024,7632.915738347463
2025,7571.830112120034
2026,6924.534136104643
2027,8573.66768956118
2028,8573.66768956118
2029,9121.267740775704
2030,8573.66768956118
2031,6924.534136104643
2032,8573.66768956118
2033,8573.66768956118
2034,7799.216605616307
2035,7289.1778412196845
2036,7289.1778412196845
2037,7126.080438057956
2038,8573.66768956118
2039,8352.731033117041
2040,8573.66768956118
2041,8573.66768956118
2042,7998.022526113079
2043,7737.398552046128
2044,7706.348502226559
2045,8573.66768956118
2046,8573.66768956118
2047,8573.66768956118
2048,8573.66768956118
2049,8352.731033117041
2050,8573.66768956118
2051,7571.830112120034
2052,8573.66768956118
2053,7571.830112120034
2054,8573.66768956118
2055,7706.348502226559
2056,8573.66768956118
2057,8573.66768956118
2058,9132.124327452615
2059,7799.216605616307
2060,7998.022526113079
2061,7413.272042046723
2062,8573.66768956118
2063,8573.66768956118
2064,8573.66768956118
2065,7706.348502226559
2066,8573.66768956118
2067,7413.272042046723
2068,8352.731033117041
2069,8573.66768956118
2070,8573.66768956118
2071,8573.66768956118
2072,8573.66768956118
2073,8573.66768956118
2074,8573.66768956118
2075,7571.830112120034
2076,8573.66768956118
2077,8573.66768956118
2078,8573.66768956118
2079,7126.080438057956
2080,7586.382923904896
2081,8573.66768956118
2082,8573.66768956118
2083,7706.348502226559
2084,8352.731033117041
2085,8573.66768956118
2086,8352.731033117041
2087,8573.66768956118
2088,8352.731033117041
2089,7632.915738347463
2090,9132.124327452615
2091,8573.66768956118
2092,8352.731033117041
2093,7413.272042046723
2094,7413.272042046723
2095,8573.66768956118
2096,9132.124327452615
2097,8573.66768956118
2098,7413.272042046723
2099,8308.715139408665
2100,9132.124327452615
2101,8352.731033117041
2102,9132.124327452615
2103,8573.66768956118
2104,8573.66768956118
2105,7413.272042046723
2106,7289.1778412196845
2107,7569.890830224771
2108,7126.080438057956
2109,8573.66768956118
2110,7998.022526113079
2111,6924.534136104643
2112,8352.731033117041
2113,9264.59934370543
2114,7569.890830224771
2115,8573.66768956118
2116,8573.66768956118
2117,9132.124327452615
2118,8573.66768956118
2119,8573.66768956118
2120,8573.66768956118
2121,8573.66768956118
2122,8573.66768956118
2123,7571.830112120034
2124,8573.66768956118
2125,7706.348502226559
2126,6924.534136104643
2127,8573.66768956118
2128,8352.731033117041
2129,9264.59934370543
2130,8573.66768956118
2131,6924.534136104643
2132,8573.66768956118
2133,8308.715139408665
2134,7126.080438057956
2135,8573.66768956118
2136,8573.66768956118
2137,8573.66768956118
2138,8573.66768956118
2139,9132.124327452615
2140,7998.022526113079
2141,8573.66768956118
2142,7799.216605616307
2143,8573.66768956118
2144,8573.66768956118
2145,8573.66768956118
2146,8573.66768956118
2147,7799.216605616307
2148,7632.915738347463
2149,8573.66768956118
2150,8352.731033117041
2151,8308.715139408665
2152,6924.534136104643
2153,8573.66768956118
2154,8352.731033117041
2155,9132.124327452615
2156,7081.407990564091
2157,8573.66768956118
2158,7998.022526113079
2159,7126.080438057956
2160,8573.66768956118
2161,8573.66768956118
2162,8573.66768956118
2163,8573.66768956118
2164,8573.66768956118
2165,7126.080438057956
2166,8573.66768956118
2167,8573.66768956118
2168,7632.915738347463
2169,8573.66768956118
2170,8308.715139408665
2171,7706.348502226559
2172,8573.66768956118
2173,8573.66768956118
2174,8573.66768956118
2175,6924.534136104643
2176,8352.731033117041
2177,7569.890830224771
2178,7632.915738347463
2179,8573.66768956118
2180,7998.022526113079
2181,8573.66768956118
2182,9132.124327452615
2183,8573.66768956118
2184,8352.731033117041
2185,7706.348502226559
2186,8573.66768956118
2187,7126.080438057956
2188,8573.66768956118
2189,7571.830112120034
2190,8352.731033117041
2191,8573.66768956118
2192,8573.66768956118
2193,7998.022526113079
2194,8573.66768956118
2195,8573.66768956118
2196,8573.66768956118
2197,8573.66768956118
2198,7737.398552046128
2199,7126.080438057956
2200,8573.66768956118
2201,8573.66768956118
2202,7998.022526113079
2203,7706.348502226559
2204,8573.66768956118
2205,8573.66768956118
2206,8573.66768956118
2207,7081.407990564091
2208,7126.080438057956
2209,8308.715139408665
2210,7632.915738347463
2211,7571.830112120034
2212,8573.66768956118
2213,8573.66768956118
2214,8352.731033117041
2215,8573.66768956118
2216,7571.830112120034
2217,7413.272042046723
2218,7998.022526113079
2219,7799.216605616307
2220,9132.124327452615
2221,8573.66768956118
2222,8352.731033117041
2223,8573.66768956118
2224,8573.66768956118
2225,8573.66768956118
2226,7632.915738347463
2227,7569.890830224771
2228,8573.66768956118
2229,7706.348502226559
2230,7571.830112120034
2231,9121.267740775704
2232,7413.272042046723
2233,7706.348502226559
2234,7632.915738347463
2235,8573.66768956118
2236,7571.830112120034
2237,8352.731033117041
2238,7126.080438057956
2239,6924.534136104643
2240,8573.66768956118
2241,9132.124327452615
2242,8573.66768956118
2243,8573.66768956118
2244,8573.66768956118
2245,9132.124327452615
2246,8573.66768956118
2247,8352.731033117041
2248,8352.731033117041
2249,6924.534136104643
2250,8573.66768956118
2251,8352.731033117041
2252,7413.272042046723
2253,7289.1778412196845
2254,7632.915738347463
2255,7571.830112120034
2256,8573.66768956118
2257,8308.715139408665
2258,7799.216605616307
2259,8573.66768956118
2260,7632.915738347463
2261,7413.272042046723
2262,7571.830112120034
2263,7799.216605616307
2264,7799.216605616307
2265,8573.66768956118
2266,8352.731033117041
2267,8573.66768956118
2268,7571.830112120034
2269,7632.915738347463
2270,8573.66768956118
2271,8573.66768956118
2272,7413.272042046723
2273,8573.66768956118
2274,8573.66768956118
2275,8573.66768956118
2276,7632.915738347463
2277,8573.66768956118
2278,7799.216605616307
2279,8573.66768956118
2280,8573.66768956118
2281,7081.407990564091
2282,7632.915738347463
2283,7706.348502226559
2284,8573.66768956118
2285,8573.66768956118
2286,8573.66768956118
2287,8573.66768956118
2288,8573.66768956118
2289,8352.731033117041
2290,7126.080438057956
2291,7632.915738347463
2292,7632.915738347463
2293,7632.915738347463
2294,8573.66768956118
2295,7706.348502226559
2296,7126.080438057956
2297,8352.731033117041
2298,8573.66768956118
2299,8573.66768956118
2300,7706.348502226559
2301,7799.216605616307
2302,8573.66768956118
2303,7799.216605616307
2304,9132.124327452615
2305,8573.66768956118
2306,8573.66768956118
2307,8573.66768956118
2308,9264.59934370543
2309,8573.66768956118
2310,8573.66768956118
2311,8573.66768956118
2312,8573.66768956118
2313,8573.66768956118
2314,8573.66768956118
2315,7632.915738347463
2316,7799.216605616307
2317,8352.731033117041
2318,6924.534136104643
2319,7799.216605616307
2320,7706.348502226559
2321,8573.66768956118
2322,8573.66768956118
2323,8573.66768956118
2324,8308.715139408665
2325,8573.66768956118
2326,7126.080438057956
2327,8573.66768956118
2328,8352.731033117041
2329,8573.66768956118
2330,8573.66768956118
2331,8573.66768956118
2332,8573.66768956118
2333,7799.216605616307
2334,6924.534136104643
2335,7799.216605616307
2336,7586.382923904896
2337,8573.66768956118
2338,8573.66768956118
2339,8573.66768956118
2340,8573.66768956118
2341,8573.66768956118
2342,8352.731033117041
2343,8573.66768956118
2344,7126.080438057956
2345,8573.66768956118
2346,8352.731033117041
2347,9264.59934370543
2348,8573.66768956118
2349,8573.66768956118
2350,8352.731033117041
2351,8573.66768956118
2352,8573.66768956118
2353,8573.66768956118
2354,7571.830112120034
2355,7126.080438057956
2356,7799.216605616307
2357,8573.66768956118
2358,8573.66768956118
2359,8573.66768956118
2360,8308.715139408665
2361,7632.915738347463
2362,9132.124327452615
2363,7706.348502226559
2364,7632.915738347463
2365,8573.66768956118
2366,7706.348502226559
2367,7388.127807694575
2368,7632.915738347463
2369,8573.66768956118
2370,7571.830112120034
2371,8573.66768956118
2372,7737.398552046128
2373,8352.731033117041
2374,8573.66768956118
2375,8573.66768956118
2376,7632.915738347463
2377,7632.915738347463
2378,8573.66768956118
2379,7571.830112120034
2380,8573.66768956118
2381,7413.272042046723
2382,8573.66768956118
2383,7799.216605616307
2384,8573.66768956118
2385,7737.398552046128
2386,8573.66768956118
2387,8308.715139408665
2388,8573.66768956118
2389,7413.272042046723
2390,8573.66768956118
2391,7706.348502226559
2392,8573.66768956118
2393,8573.66768956118
2394,8573.66768956118
2395,8573.66768956118
2396,8573.66768956118
2397,9132.124327452615
2398,7126.080438057956
2399,7632.915738347463
2400,7706.348502226559
2401,6924.534136104643
2402,8573.66768956118
2403,8573.66768956118
2404,8573.66768956118
2405,7413.272042046723
2406,8352.731033117041
2407,8573.66768956118
2408,8352.731033117041
2409,8573.66768956118
2410,7632.915738347463
2411,8573.66768956118
2412,8573.66768956118
2413,8573.66768956118
2414,9132.124327452615
2415,7571.830112120034
2416,8573.66768956118
2417,8573.66768956118
2418,8573.66768956118
2419,8573.66768956118
2420,8352.731033117041
2421,8573.66768956118
2422,8573.66768956118
2423,7571.830112120034
2424,8352.731033117041
2425,8573.66768956118
2426,6924.534136104643
2427,6924.534136104643
2428,7998.022526113079
2429,8573.66768956118
2430,7706.348502226559
2431,8573.66768956118
2432,8573.66768956118
2433,6924.534136104643
2434,7998.022526113079
2435,7632.915738347463
2436,8573.66768956118
2437,8573.66768956118
2438,7799.216605616307
2439,8573.66768956118
2440,8573.66768956118
2441,7706.348502226559
2442,8308.715139408665
2443,8573.66768956118
2444,8573.66768956118
2445,8573.66768956118
2446,7632.915738347463
2447,7998.022526113079
2448,8573.66768956118
2449,8573.66768956118
2450,8352.731033117041
2451,8573.66768956118
2452,7799.216605616307
2453,7081.407990564091
2454,8308.715139408665
2455,7706.348502226559
2456,8573.66768956118
2457,8573.66768956118
2458,7413.272042046723
2459,8573.66768956118
2460,8573.66768956118
2461,7081.407990564091
2462,7799.216605616307
2463,9132.124327452615
2464,7719.335790186951
2465,8352.731033117041
2466,7632.915738347463
2467,8573.66768956118
2468,7998.022526113079
2469,8573.66768956118
2470,6924.534136104643
2471,6924.534136104643
2472,7998.022526113079
2473,8308.715139408665
2474,8573.66768956118
2475,8352.731033117041
2476,8573.66768956118
2477,8573.66768956118
2478,6924.534136104643
2479,9132.124327452615
2480,7413.272042046723
2481,8352.731033117041
2482,7289.1778412196845
2483,7569.890830224771
2484,8573.66768956118
2485,8573.66768956118
2486,8573.66768956118
2487,7799.216605616307
2488,8308.715139408665
2489,8308.715139408665
2490,9121.267740775704
2491,7706.348502226559
2492,7706.348502226559
2493,7569.890830224771
2494,7126.080438057956
2495,7998.022526113079
2496,8573.66768956118
2497,8573.66768956118
2498,8573.66768956118
2499,8573.66768956118
2500,9264.59934370543
2501,8352.731033117041
2502,7706.348502226559
2503,8573.66768956118
2504,7081.407990564091
2505,8573.66768956118
2506,8573.66768956118
2507,8573.66768956118
2508,7799.216605616307
2509,8352.731033117041
2510,7706.348502226559
2511,7998.022526113079
2512,8573.66768956118
2513,7571.830112120034
2514,8352.731033117041
2515,7632.915738347463
2516,7569.890830224771
2517,6924.534136104643
2518,7706.348502226559
2519,8573.66768956118
2520,7571.830112120034
2521,8352.731033117041
2522,8573.66768956118
2523,7126.080438057956
2524,8573.66768956118
2525,7706.348502226559
2526,8573.66768956118
2527,8352.731033117041
2528,8573.66768956118
2529,8573.66768956118
2530,7126.080438057956
2531,8573.66768956118
2532,8573.66768956118
2533,7413.272042046723
2534,8573.66768956118
2535,7126.080438057956
2536,7413.272042046723
2537,7586.382923904896
2538,6924.534136104643
2539,7126.080438057956
2540,8352.731033117041
2541,9132.124327452615
2542,8352.731033117041
2543,7413.272042046723
2544,7998.022526113079
2545,8308.715139408665
2546,8573.66768956118
2547,7289.1778412196845
2548,8573.66768956118
2549,8573.66768956118
2550,8352.731033117041
2551,8352.731033117041
2552,7799.216605616307
2553,8573.66768956118
2554,7632.915738347463
2555,7632.915738347463
2556,8573.66768956118
2557,8352.731033117041
2558,7413.272042046723
2559,7632.915738347463
2560,7413.272042046723
2561,7706.348502226559
2562,7998.022526113079
2563,8573.66768956118
2564,7706.348502226559
2565,8573.66768956118
2566,8573.66768956118
2567,8573.66768956118
2568,8573.66768956118
2569,10069.501877128383
2570,9152.342187676288
2571,10069.501877128383
2572,10069.501877128383
2573,10069.501877128383
2574,10069.501877128383
2575,8160.367825012959
2576,9509.13528140272
2577,8849.738130736076
2578,9673.812715785381
2579,9152.342187676288
2580,10069.501877128383
2581,10069.501877128383
2582,9673.812715785381
2583,8849.738130736076
2584,10069.501877128383
2585,10069.501877128383
2586,9673.812715785381
2587,10069.501877128383
2588,8798.205765542865
2589,10069.501877128383
2590,9246.571909580669
2591,10069.501877128383
2592,8849.738130736076
2593,10069.501877128383
2594,8160.367825012959
2595,9673.812715785381
2596,10069.501877128383
2597,9323.857524851815
2598,8849.738130736076
2599,9323.857524851815
2600,9673.812715785381
2601,10998.750883558354
2602,10069.501877128383
2603,9152.342187676288
2604,9152.342187676288
2605,10069.501877128383
2606,10069.501877128383
2607,10069.501877128383
2608,8986.571140566393
2609,11134.461035271825
2610,10069.501877128383
2611,9246.571909580669
2612,8707.741530438761
2613,8160.367825012959
2614,10069.501877128383
2615,9864.421820302741
2616,9152.342187676288
2617,10998.750883558354
2618,10069.501877128383
2619,8359.705156262817
2620,9673.812715785381
2621,10069.501877128383
2622,10998.750883558354
2623,9509.13528140272
2624,10069.501877128383
2625,10069.501877128383
2626,10069.501877128383
2627,10069.501877128383
2628,9246.571909580669
2629,10069.501877128383
2630,10069.501877128383
2631,9673.812715785381
2632,10998.750883558354
2633,10069.501877128383
2634,10069.501877128383
2635,9323.857524851815
2636,9673.812715785381
2637,10069.501877128383
2638,8359.705156262817
2639,8849.738130736076
2640,9152.342187676288
2641,10069.501877128383
2642,8160.367825012959
2643,10069.501877128383
2644,10069.501877128383
2645,10069.501877128383
2646,9246.571909580669
2647,9038.232137415973
2648,10069.501877128383
2649,10069.501877128383
2650,10069.501877128383
2651,10069.501877128383
2652,10998.750883558354
2653,10069.501877128383
2654,10069.501877128383
2655,9673.812715785381
2656,10069.501877128383
2657,10069.501877128383
2658,10069.501877128383
2659,10998.750883558354
2660,10069.501877128383
2661,10069.501877128383
2662,9864.421820302741
2663,9509.13528140272
2664,8160.367825012959
2665,9152.342187676288
2666,9509.13528140272
2667,10069.501877128383
2668,8707.741530438761
2669,8160.367825012959
2670,10069.501877128383
2671,9673.812715785381
2672,9152.342187676288
2673,8160.367825012959
2674,10069.501877128383
2675,10069.501877128383
2676,10069.501877128383
2677,10069.501877128383
2678,8849.738130736076
2679,11104.810871061502
2680,10069.501877128383
2681,9152.342187676288
2682,10069.501877128383
2683,10069.501877128383
2684,9864.421820302741
2685,10069.501877128383
2686,8359.705156262817
2687,10069.501877128383
2688,9323.857524851815
2689,10069.501877128383
2690,10069.501877128383
2691,10069.501877128383
2692,9509.13528140272
2693,9509.13528140272
2694,9509.13528140272
2695,9323.857524851815
2696,10069.501877128383
2697,9864.421820302741
2698,9152.342187676288
2699,10069.501877128383
2700,9673.812715785381
2701,10069.501877128383
2702,10069.501877128383
2703,10069.501877128383
2704,10069.501877128383
2705,10069.501877128383
2706,9152.342187676288
2707,8986.571140566393
2708,10069.501877128383
2709,10069.501877128383
2710,9673.812715785381
2711,10069.501877128383
2712,9864.421820302741
2713,10069.501877128383
2714,9673.812715785381
2715,9673.812715785381
2716,9673.812715785381
2717,10069.501877128383
2718,8798.205765542865
2719,10069.501877128383
2720,10069.501877128383
2721,9152.342187676288
2722,10069.501877128383
2723,9864.421820302741
2724,10069.501877128383
2725,9673.812715785381
2726,9152.342187676288
2727,10069.501877128383
2728,9323.857524851815
2729,8798.205765542865
2730,10069.501877128383
2731,8160.367825012959
2732,9246.571909580669
2733,8849.738130736076
2734,8849.738130736076
2735,10069.501877128383
2736,8986.571140566393
2737,10069.501877128383
2738,10069.501877128383
2739,10069.501877128383
2740,8160.367825012959
2741,10069.501877128383
2742,10069.501877128383
2743,9864.421820302741
2744,9152.342187676288
2745,10069.501877128383
2746,11134.461035271825
2747,10069.501877128383
2748,10069.501877128383
2749,10998.750883558354
2750,8849.738130736076
2751,10069.501877128383
2752,10069.501877128383
2753,9152.342187676288
2754,8798.205765542865
2755,8160.367825012959
2756,10069.501877128383
2757,10069.501877128383
2758,8798.205765542865
2759,9673.812715785381
2760,10069.501877128383
2761,9864.421820302741
2762,10069.501877128383
2763,8798.205765542865
2764,8798.205765542865
2765,8160.367825012959
2766,8359.705156262817
2767,9246.571909580669
2768,10998.750883558354
2769,10069.501877128383
2770,10069.501877128383
2771,9673.812715785381
2772,9152.342187676288
2773,10069.501877128383
2774,10069.501877128383
2775,10069.501877128383
2776,9152.342187676288
2777,10069.501877128383
2778,9246.571909580669
2779,9673.812715785381
2780,9323.857524851815
2781,10069.501877128383
2782,9673.812715785381
2783,9246.571909580669
2784,10069.501877128383
2785,9673.812715785381
2786,9673.812715785381
2787,10069.501877128383
2788,9673.812715785381
2789,9152.342187676288
2790,10069.501877128383
2791,10069.501877128383
2792,10069.501877128383
2793,8259.842748125631
2794,8849.738130736076
2795,10069.501877128383
2796,10069.501877128383
2797,10069.501877128383
2798,8160.367825012959
2799,10069.501877128383
2800,8986.571140566393
2801,9864.421820302741
2802,10069.501877128383
2803,9323.857524851815
2804,9673.812715785381
2805,9509.13528140272
2806,10998.750883558354
2807,9246.571909580669
2808,10069.501877128383
2809,10069.501877128383
2810,9323.857524851815
2811,10069.501877128383
2812,10069.501877128383
2813,9152.342187676288
2814,8707.741530438761
2815,10069.501877128383
2816,8798.205765542865
2817,10069.501877128383
2818,9323.857524851815
2819,10069.501877128383
2820,10069.501877128383
2821,10069.501877128383
2822,9152.342187676288
2823,10069.501877128383
2824,9864.421820302741
2825,9323.857524851815
2826,10069.501877128383
2827,8849.738130736076
2828,10998.750883558354
2829,9246.571909580669
2830,10069.501877128383
2831,10069.501877128383
2832,9673.812715785381
2833,9152.342187676288
2834,9152.342187676288
2835,10069.501877128383
2836,10069.501877128383
2837,10069.501877128383
2838,10069.501877128383
2839,9152.342187676288
2840,8798.205765542865
2841,9673.812715785381
2842,9152.342187676288
2843,10069.501877128383
2844,10069.501877128383
2845,10069.501877128383
2846,10069.501877128383
2847,10069.501877128383
2848,10069.501877128383
2849,9246.571909580669
2850,8849.738130736076
2851,10069.501877128383
2852,8849.738130736076
2853,10069.501877128383
2854,9323.857524851815
2855,8849.738130736076
2856,9864.421820302741
2857,10069.501877128383
2858,9864.421820302741
2859,10069.501877128383
2860,10069.501877128383
2861,9246.571909580669
2862,10069.501877128383
2863,10069.501877128383
2864,9323.857524851815
2865,8259.842748125631
2866,10069.501877128383
2867,10069.501877128383
2868,9323.857524851815
2869,10069.501877128383
2870,10069.501877128383
2871,10069.501877128383
2872,10069.501877128383
2873,8707.741530438761
2874,8160.367825012959
2875,9673.812715785381
2876,10069.501877128383
2877,9246.571909580669
2878,9152.342187676288
2879,9246.571909580669
2880,9152.342187676288
2881,8849.738130736076
2882,8160.367825012959
2883,10069.501877128383
2884,10069.501877128383
2885,11134.461035271825
2886,10069.501877128383
2887,8160.367825012959
2888,10069.501877128383
2889,10069.501877128383
2890,9246.571909580669
2891,8707.741530438761
2892,8707.741530438761
2893,8359.705156262817
2894,10069.501877128383
2895,9673.812715785381
2896,10069.501877128383
2897,10069.501877128383
2898,9509.13528140272
2899,9038.232137415973
2900,9323.857524851815
2901,10069.501877128383
2902,10069.501877128383
2903,10069.501877128383
2904,10069.501877128383
2905,9673.812715785381
2906,10069.501877128383
2907,8849.738130736076
2908,10069.501877128383
2909,8849.738130736076
2910,10069.501877128383
2911,9323.857524851815
2912,10069.501877128383
2913,10069.501877128383
2914,10998.750883558354
2915,9246.571909580669
2916,9509.13528140272
2917,8798.205765542865
2918,10069.501877128383
2919,10069.501877128383
2920,10069.501877128383
2921,9323.857524851815
2922,10069.501877128383
2923,8798.205765542865
2924,9673.812715785381
2925,10069.501877128383
2926,10069.501877128383
2927,10069.501877128383
2928,10069.501877128383
2929,10069.501877128383
2930,10069.501877128383
2931,8849.738130736076
2932,10069.501877128383
2933,10069.501877128383
2934,10069.501877128383
2935,8359.705156262817
2936,9228.981447502683
2937,10069.501877128383
2938,10069.501877128383
2939,9323.857524851815
2940,9673.812715785381
2941,10069.501877128383
2942,9673.812715785381
2943,10069.501877128383
2944,9673.812715785381
2945,9152.342187676288
2946,10998.750883558354
2947,10069.501877128383
2948,9673.812715785381
2949,8798.205765542865
2950,8798.205765542865
2951,10069.501877128383
2952,10998.750883558354
2953,10069.501877128383
2954,8798.205765542865
2955,9864.421820302741
2956,10998.750883558354
2957,9673.812715785381
2958,10998.750883558354
2959,10069.501877128383
2960,10069.501877128383
2961,8798.205765542865
2962,8707.741530438761
2963,8986.571140566393
2964,8359.705156262817
2965,10069.501877128383
2966,9509.13528140272
2967,8160.367825012959
2968,9673.812715785381
2969,11104.810871061502
2970,8986.571140566393
2971,10069.501877128383
2972,10069.501877128383
2973,10998.750883558354
2974,10069.501877128383
2975,10069.501877128383
2976,10069.501877128383
2977,10069.501877128383
2978,10069.501877128383
2979,8849.738130736076
2980,10069.501877128383
2981,9323.857524851815
2982,8160.367825012959
2983,10069.501877128383
2984,9673.812715785381
2985,11104.810871061502
2986,10069.501877128383
2987,8160.367825012959
2988,10069.501877128383
2989,9864.421820302741
2990,8359.705156262817
2991,10069.501877128383
2992,10069.501877128383
2993,10069.501877128383
2994,10069.501877128383
2995,10998.750883558354
2996,9509.13528140272
2997,10069.501877128383
2998,9246.571909580669
2999,10069.501877128383
3000,10069.501877128383
3001,10069.501877128383
3002,10069.501877128383
3003,9246.571909580669
3004,9152.342187676288
3005,10069.501877128383
3006,9673.812715785381
3007,9864.421820302741
3008,8160.367825012959
3009,10069.501877128383
3010,9673.812715785381
3011,10998.750883558354
3012,8259.842748125631
3013,10069.501877128383
3014,9509.13528140272
3015,8359.705156262817
3016,10069.501877128383
3017,10069.501877128383
3018,10069.501877128383
3019,10069.501877128383
3020,10069.501877128383
3021,8359.705156262817
3022,10069.501877128383
3023,10069.501877128383
3024,9152.342187676288
3025,10069.501877128383
3026,9864.421820302741
3027,9323.857524851815
3028,10069.501877128383
3029,10069.501877128383
3030,10069.501877128383
3031,8160.367825012959
3032,9673.812715785381
3033,8986.571140566393
3034,9152.342187676288
3035,10069.501877128383
3036,9509.13528140272
3037,10069.501877128383
3038,10998.750883558354
3039,10069.501877128383
3040,9673.812715785381
3041,9323.857524851815
3042,10069.501877128383
3043,8359.705156262817
3044,10069.501877128383
3045,8849.738130736076
3046,9673.812715785381
3047,10069.501877128383
3048,10069.501877128383
3049,9509.13528140272
3050,10069.501877128383
3051,10069.501877128383
3052,10069.501877128383
3053,10069.501877128383
3054,9038.232137415973
3055,8359.705156262817
3056,10069.501877128383
3057,10069.501877128383
3058,9509.13528140272
3059,9323.857524851815
3060,10069.501877128383
3061,10069.501877128383
3062,10069.501877128383
3063,8259.842748125631
3064,8359.705156262817
3065,9864.421820302741
3066,9152.342187676288
3067,8849.738130736076
3068,10069.501877128383
3069,10069.501877128383
3070,9673.812715785381
3071,10069.501877128383
3072,8849.738130736076
3073,8798.205765542865
3074,9509.13528140272
3075,9246.571909580669
3076,10998.750883558354
3077,10069.501877128383
3078,9673.812715785381
3079,10069.501877128383
3080,10069.501877128383
3081,10069.501877128383
3082,9152.342187676288
3083,8986.571140566393
3084,10069.501877128383
3085,9323.857524851815
3086,8849.738130736076
3087,11134.461035271825
3088,8798.205765542865
3089,9323.857524851815
3090,9152.342187676288
3091,10069.501877128383
3092,8849.738130736076
3093,9673.812715785381
3094,8359.705156262817
3095,8160.367825012959
3096,10069.501877128383
3097,10998.750883558354
3098,10069.501877128383
3099,10069.501877128383
3100,10069.501877128383
3101,10998.750883558354
3102,10069.501877128383
3103,9673.812715785381
3104,9673.812715785381
3105,8160.367825012959
3106,10069.501877128383
3107,9673.812715785381
3108,8798.205765542865
3109,8707.741530438761
3110,9152.342187676288
3111,8849.738130736076
3112,10069.501877128383
3113,9864.421820302741
3114,9246.571909580669
3115,10069.501877128383
3116,9152.342187676288
3117,8798.205765542865
3118,8849.738130736076
3119,9246.571909580669
3120,9246.571909580669
3121,10069.501877128383
3122,9673.812715785381
3123,10069.501877128383
3124,8849.738130736076
3125,9152.342187676288
3126,10069.501877128383
3127,10069.501877128383
3128,8798.205765542865
3129,10069.501877128383
3130,10069.501877128383
3131,10069.501877128383
3132,9152.342187676288
3133,10069.501877128383
3134,9246.571909580669
3135,10069.501877128383
3136,10069.501877128383
3137,8259.842748125631
3138,9152.342187676288
3139,9323.857524851815
3140,10069.501877128383
3141,10069.501877128383
3142,10069.501877128383
3143,10069.501877128383
3144,10069.501877128383
3145,9673.812715785381
3146,8359.705156262817
3147,9152.342187676288
3148,9152.342187676288
3149,9152.342187676288
3150,10069.501877128383
3151,9323.857524851815
3152,8359.705156262817
3153,9673.812715785381
3154,10069.501877128383
3155,10069.501877128383
3156,9323.857524851815
3157,9246.571909580669
3158,10069.501877128383
3159,9246.571909580669
3160,10998.750883558354
3161,10069.501877128383
3162,10069.501877128383
3163,10069.501877128383
3164,11104.810871061502
3165,10069.501877128383
3166,10069.501877128383
3167,10069.501877128383
3168,10069.501877128383
3169,10069.501877128383
3170,10069.501877128383
3171,9152.342187676288
3172,9246.571909580669
3173,9673.812715785381
3174,8160.367825012959
3175,9246.571909580669
3176,9323.857524851815
3177,10069.501877128383
3178,10069.501877128383
3179,10069.501877128383
3180,9864.421820302741
3181,10069.501877128383
3182,8359.705156262817
3183,10069.501877128383
3184,9673.812715785381
3185,10069.501877128383
3186,10069.501877128383
3187,10069.501877128383
3188,10069.501877128383
3189,9246.571909580669
3190,8160.367825012959
3191,9246.571909580669
3192,9228.981447502683
3193,10069.501877128383
3194,10069.501877128383
3195,10069.501877128383
3196,10069.501877128383
3197,10069.501877128383
3198,9673.812715785381
3199,10069.501877128383
3200,8359.705156262817
3201,10069.501877128383
3202,9673.812715785381
3203,11104.810871061502
3204,10069.501877128383
3205,10069.501877128383
3206,9673.812715785381
3207,10069.501877128383
3208,10069.501877128383
3209,10069.501877128383
3210,8849.738130736076
3211,8359.705156262817
3212,9246.571909580669
3213,10069.501877128383
3214,10069.501877128383
3215,10069.501877128383
3216,9864.421820302741
3217,9152.342187676288
3218,10998.750883558354
3219,9323.857524851815
3220,9152.342187676288
3221,10069.501877128383
3222,9323.857524851815
3223,6522.120495381292
3224,9152.342187676288
3225,10069.501877128383
3226,8849.738130736076
3227,10069.501877128383
3228,9038.232137415973
3229,9673.812715785381
3230,10069.501877128383
3231,10069.501877128383
3232,9152.342187676288
3233,9152.342187676288
3234,10069.501877128383
3235,8849.738130736076
3236,10069.501877128383
3237,8798.205765542865
3238,10069.501877128383
3239,9246.571909580669
3240,10069.501877128383
3241,9038.232137415973
3242,10069.501877128383
3243,9864.421820302741
3244,10069.501877128383
3245,8798.205765542865
3246,10069.501877128383
3247,9323.857524851815
3248,10069.501877128383
3249,10069.501877128383
3250,10069.501877128383
3251,10069.501877128383
3252,10069.501877128383
3253,10998.750883558354
3254,8359.705156262817
3255,9152.342187676288
3256,9323.857524851815
3257,8160.367825012959
3258,10069.501877128383
3259,10069.501877128383
3260,10069.501877128383
3261,8798.205765542865
3262,9673.812715785381
3263,10069.501877128383
3264,9673.812715785381
3265,10069.501877128383
3266,9152.342187676288
3267,10069.501877128383
3268,10069.501877128383
3269,10069.501877128383
3270,10998.750883558354
3271,8849.738130736076
3272,10069.501877128383
3273,10069.501877128383
3274,10069.501877128383
3275,10069.501877128383
3276,9673.812715785381
3277,10069.501877128383
3278,10069.501877128383
3279,8849.738130736076
3280,9673.812715785381
3281,10069.501877128383
3282,8160.367825012959
3283,8160.367825012959
3284,9509.13528140272
3285,10069.501877128383
3286,9323.857524851815
3287,10069.501877128383
3288,10069.501877128383
3289,8160.367825012959
3290,9509.13528140272
3291,9152.342187676288
3292,10069.501877128383
3293,10069.501877128383
3294,9246.571909580669
3295,10069.501877128383
3296,10069.501877128383
3297,9323.857524851815
3298,9864.421820302741
3299,10069.501877128383
3300,10069.501877128383
3301,10069.501877128383
3302,9152.342187676288
3303,9509.13528140272
3304,10069.501877128383
3305,10069.501877128383
3306,9673.812715785381
3307,10069.501877128383
3308,9246.571909580669
3309,8259.842748125631
3310,9864.421820302741
3311,9323.857524851815
3312,10069.501877128383
3313,10069.501877128383
3314,8798.205765542865
3315,10069.501877128383
3316,10069.501877128383
3317,8259.842748125631
3318,9246.571909580669
3319,10998.750883558354
3320,9248.60615764178
3321,9673.812715785381
3322,9152.342187676288
3323,10069.501877128383
3324,9509.13528140272
3325,10069.501877128383
3326,8160.367825012959
3327,8160.367825012959
3328,9509.13528140272
3329,9864.421820302741
3330,10069.501877128383
3331,9673.812715785381
3332,10069.501877128383
3333,10069.501877128383
3334,8160.367825012959
3335,10998.750883558354
3336,8798.205765542865
3337,9673.812715785381
3338,8707.741530438761
3339,8986.571140566393
3340,10069.501877128383
3341,10069.501877128383
3342,10069.501877128383
3343,9246.571909580669
3344,9864.421820302741
3345,9864.421820302741
3346,11134.461035271825
3347,9323.857524851815
3348,9323.857524851815
3349,8986.571140566393
3350,8359.705156262817
3351,9509.13528140272
3352,10069.501877128383
3353,10069.501877128383
3354,10069.501877128383
3355,10069.501877128383
3356,11104.810871061502
3357,9673.812715785381
3358,9323.857524851815
3359,10069.501877128383
3360,8259.842748125631
3361,10069.501877128383
3362,10069.501877128383
3363,10069.501877128383
3364,9246.571909580669
3365,9673.812715785381
3366,9323.857524851815
3367,9509.13528140272
3368,10069.501877128383
3369,8849.738130736076
3370,9673.812715785381
3371,9152.342187676288
3372,8986.571140566393
3373,8160.367825012959
3374,9323.857524851815
3375,10069.501877128383
3376,8849.738130736076
3377,9673.812715785381
3378,10069.501877128383
3379,8359.705156262817
3380,10069.501877128383
3381,9323.857524851815
3382,10069.501877128383
3383,9673.812715785381
3384,10069.501877128383
3385,10069.501877128383
3386,8359.705156262817
3387,10069.501877128383
3388,10069.501877128383
3389,8798.205765542865
3390,10069.501877128383
3391,8359.705156262817
3392,8798.205765542865
3393,9228.981447502683
3394,8160.367825012959
3395,8359.705156262817
3396,9673.812715785381
3397,10998.750883558354
3398,9673.812715785381
3399,8798.205765542865
3400,9509.13528140272
3401,9864.421820302741
3402,10069.501877128383
3403,8707.741530438761
3404,10069.501877128383
3405,10069.501877128383
3406,9673.812715785381
3407,9673.812715785381
3408,9246.571909580669
3409,10069.501877128383
3410,9152.342187676288
3411,9152.342187676288
3412,10069.501877128383
3413,9673.812715785381
3414,8798.205765542865
3415,9152.342187676288
3416,8798.205765542865
3417,9323.857524851815
3418,9509.13528140272
3419,10069.501877128383
3420,9323.857524851815
3421,10069.501877128383
3422,10069.501877128383
3423,10069.501877128383
3424,10069.501877128383
3425,308.96570487373543
3426,135.07147651044005
3427,308.96570487373543
3428,308.96570487373543
3429,308.96570487373543
3430,308.96570487373543
3431,33.16277469650504
3432,0.0
3433,0.0
3434,0.0
3435,135.07147651044005
3436,308.96570487373543
3437,308.96570487373543
3438,0.0
3439,0.0
3440,308.96570487373543
3441,308.96570487373543
3442,0.0
3443,308.96570487373543
3444,132.05243430669583
3445,308.96570487373543
3446,199.2253500897933
3447,308.96570487373543
3448,0.0
3449,308.96570487373543
3450,33.16277469650504
3451,0.0
3452,308.96570487373543
3453,216.52833980047865
3454,0.0
3455,216.52833980047865
3456,0.0
3457,0.0
3458,308.96570487373543
3459,135.07147651044005
3460,135.07147651044005
3461,308.96570487373543
3462,308.96570487373543
3463,308.96570487373543
3464,0.0
3465,0.0
3466,308.96570487373543
3467,199.2253500897933
3468,0.0
3469,33.16277469650504
3470,308.96570487373543
3471,0.0
3472,135.07147651044005
3473,0.0
3474,308.96570487373543
3475,0.0
3476,0.0
3477,308.96570487373543
3478,0.0
3479,0.0
3480,308.96570487373543
3481,308.96570487373543
3482,308.96570487373543
3483,308.96570487373543
3484,199.2253500897933
3485,308.96570487373543
3486,308.96570487373543
3487,0.0
3488,0.0
3489,308.96570487373543
3490,308.96570487373543
3491,216.52833980047865
3492,0.0
3493,308.96570487373543
3494,0.0
3495,0.0
3496,135.07147651044005
3497,308.96570487373543
3498,33.16277469650504
3499,308.96570487373543
3500,308.96570487373543
3501,308.96570487373543
3502,199.2253500897933
3503,0.0
3504,308.96570487373543
3505,308.96570487373543
3506,308.96570487373543
3507,308.96570487373543
3508,0.0
3509,308.96570487373543
3510,308.96570487373543
3511,0.0
3512,308.96570487373543
3513,308.96570487373543
3514,308.96570487373543
3515,0.0
3516,308.96570487373543
3517,308.96570487373543
3518,0.0
3519,0.0
3520,33.16277469650504
3521,135.07147651044005
3522,0.0
3523,308.96570487373543
3524,0.0
3525,33.16277469650504
3526,308.96570487373543
3527,0.0
3528,135.07147651044005
3529,33.16277469650504
3530,308.96570487373543
3531,308.96570487373543
3532,308.96570487373543
3533,308.96570487373543
3534,0.0
3535,1173.2069262530395
3536,308.96570487373543
3537,135.07147651044005
3538,308.96570487373543
3539,308.96570487373543
3540,0.0
3541,308.96570487373543
3542,0.0
3543,308.96570487373543
3544,216.52833980047865
3545,308.96570487373543
3546,308.96570487373543
3547,308.96570487373543
3548,0.0
3549,0.0
3550,0.0
3551,216.52833980047865
3552,308.96570487373543
3553,0.0
3554,135.07147651044005
3555,308.96570487373543
3556,0.0
3557,308.96570487373543
3558,308.96570487373543
3559,308.96570487373543
3560,308.96570487373543
3561,308.96570487373543
3562,135.07147651044005
3563,0.0
3564,308.96570487373543
3565,308.96570487373543
3566,0.0
3567,308.96570487373543
3568,0.0
3569,308.96570487373543
3570,0.0
3571,0.0
3572,0.0
3573,308.96570487373543
3574,132.05243430669583
3575,308.96570487373543
3576,308.96570487373543
3577,135.07147651044005
3578,308.96570487373543
3579,0.0
3580,308.96570487373543
3581,0.0
3582,135.07147651044005
3583,308.96570487373543
3584,216.52833980047865
3585,132.05243430669583
3586,308.96570487373543
3587,33.16277469650504
3588,199.2253500897933
3589,0.0
3590,0.0
3591,308.96570487373543
3592,0.0
3593,308.96570487373543
3594,308.96570487373543
3595,308.96570487373543
3596,33.16277469650504
3597,308.96570487373543
3598,308.96570487373543
3599,0.0
3600,135.07147651044005
3601,308.96570487373543
3602,0.0
3603,308.96570487373543
3604,308.96570487373543
3605,0.0
3606,0.0
3607,308.96570487373543
3608,308.96570487373543
3609,135.07147651044005
3610,132.05243430669583
3611,33.16277469650504
3612,308.96570487373543
3613,308.96570487373543
3614,132.05243430669583
3615,0.0
3616,308.96570487373543
3617,0.0
3618,308.96570487373543
3619,132.05243430669583
3620,132.05243430669583
3621,33.16277469650504
3622,0.0
3623,199.2253500897933
3624,0.0
3625,308.96570487373543
3626,308.96570487373543
3627,0.0
3628,135.07147651044005
3629,308.96570487373543
3630,308.96570487373543
3631,308.96570487373543
3632,135.07147651044005
3633,308.96570487373543
3634,199.2253500897933
3635,0.0
3636,216.52833980047865
3637,308.96570487373543
3638,0.0
3639,199.2253500897933
3640,308.96570487373543
3641,0.0
3642,0.0
3643,308.96570487373543
3644,0.0
3645,135.07147651044005
3646,308.96570487373543
3647,308.96570487373543
3648,308.96570487373543
3649,0.0
3650,0.0
3651,308.96570487373543
3652,308.96570487373543
3653,308.96570487373543
3654,33.16277469650504
3655,308.96570487373543
3656,0.0
3657,0.0
3658,308.96570487373543
3659,216.52833980047865
3660,0.0
3661,0.0
3662,0.0
3663,199.2253500897933
3664,308.96570487373543
3665,308.96570487373543
3666,216.52833980047865
3667,308.96570487373543
3668,308.96570487373543
3669,135.07147651044005
3670,0.0
3671,308.96570487373543
3672,132.05243430669583
3673,308.96570487373543
3674,216.52833980047865
3675,308.96570487373543
3676,308.96570487373543
3677,308.96570487373543
3678,135.07147651044005
3679,308.96570487373543
3680,0.0
3681,216.52833980047865
3682,308.96570487373543
3683,0.0
3684,0.0
3685,199.2253500897933
3686,308.96570487373543
3687,308.96570487373543
3688,0.0
3689,135.07147651044005
3690,135.07147651044005
3691,308.96570487373543
3692,308.96570487373543
3693,308.96570487373543
3694,308.96570487373543
3695,135.07147651044005
3696,132.05243430669583
3697,0.0
3698,135.07147651044005
3699,308.96570487373543
3700,308.96570487373543
3701,308.96570487373543
3702,308.96570487373543
3703,308.96570487373543
3704,308.96570487373543
3705,199.2253500897933
3706,0.0
3707,308.96570487373543
3708,0.0
3709,308.96570487373543
3710,216.52833980047865
3711,0.0
3712,0.0
3713,308.96570487373543
3714,0.0
3715,308.96570487373543
3716,308.96570487373543
3717,199.2253500897933
3718,308.96570487373543
3719,308.96570487373543
3720,216.52833980047865
3721,0.0
3722,308.96570487373543
3723,308.96570487373543
3724,216.52833980047865
3725,308.96570487373543
3726,308.96570487373543
3727,308.96570487373543
3728,308.96570487373543
3729,0.0
3730,33.16277469650504
3731,0.0
3732,308.96570487373543
3733,199.2253500897933
3734,135.07147651044005
3735,199.2253500897933
3736,135.07147651044005
3737,0.0
3738,33.16277469650504
3739,308.96570487373543
3740,308.96570487373543
3741,0.0
3742,308.96570487373543
3743,33.16277469650504
3744,308.96570487373543
3745,308.96570487373543
3746,199.2253500897933
3747,0.0
3748,0.0
3749,0.0
3750,308.96570487373543
3751,0.0
3752,308.96570487373543
3753,308.96570487373543
3754,0.0
3755,0.0
3756,216.52833980047865
3757,308.96570487373543
3758,308.96570487373543
3759,308.96570487373543
3760,308.96570487373543
3761,0.0
3762,308.96570487373543
3763,0.0
3764,308.96570487373543
3765,0.0
3766,308.96570487373543
3767,216.52833980047865
3768,308.96570487373543
3769,308.96570487373543
3770,0.0
3771,199.2253500897933
3772,0.0
3773,132.05243430669583
3774,308.96570487373543
3775,308.96570487373543
3776,308.96570487373543
3777,216.52833980047865
3778,308.96570487373543
3779,132.05243430669583
3780,0.0
3781,308.96570487373543
3782,308.96570487373543
3783,308.96570487373543
3784,308.96570487373543
3785,308.96570487373543
3786,308.96570487373543
3787,0.0
3788,308.96570487373543
3789,308.96570487373543
3790,308.96570487373543
3791,0.0
3792,0.0
3793,308.96570487373543
3794,308.96570487373543
3795,216.52833980047865
3796,0.0
3797,308.96570487373543
3798,0.0
3799,308.96570487373543
3800,0.0
3801,135.07147651044005
3802,0.0
3803,308.96570487373543
3804,0.0
3805,132.05243430669583
3806,132.05243430669583
3807,308.96570487373543
3808,0.0
3809,308.96570487373543
3810,132.05243430669583
3811,0.0
3812,0.0
3813,0.0
3814,0.0
3815,308.96570487373543
3816,308.96570487373543
3817,132.05243430669583
3818,0.0
3819,0.0
3820,0.0
3821,308.96570487373543
3822,0.0
3823,33.16277469650504
3824,0.0
3825,1173.2069262530395
3826,0.0
3827,308.96570487373543
3828,308.96570487373543
3829,0.0
3830,308.96570487373543
3831,308.96570487373543
3832,308.96570487373543
3833,308.96570487373543
3834,308.96570487373543
3835,0.0
3836,308.96570487373543
3837,216.52833980047865
3838,33.16277469650504
3839,308.96570487373543
3840,0.0
3841,1173.2069262530395
3842,308.96570487373543
3843,33.16277469650504
3844,308.96570487373543
3845,0.0
3846,0.0
3847,308.96570487373543
3848,308.96570487373543
3849,308.96570487373543
3850,308.96570487373543
3851,0.0
3852,0.0
3853,308.96570487373543
3854,199.2253500897933
3855,308.96570487373543
3856,308.96570487373543
3857,308.96570487373543
3858,308.96570487373543
3859,199.2253500897933
3860,135.07147651044005
3861,308.96570487373543
3862,0.0
3863,0.0
3864,33.16277469650504
3865,308.96570487373543
3866,0.0
3867,0.0
3868,0.0
3869,308.96570487373543
3870,0.0
3871,0.0
3872,308.96570487373543
3873,308.96570487373543
3874,308.96570487373543
3875,308.96570487373543
3876,308.96570487373543
3877,0.0
3878,308.96570487373543
3879,308.96570487373543
3880,135.07147651044005
3881,308.96570487373543
3882,0.0
3883,216.52833980047865
3884,308.96570487373543
3885,308.96570487373543
3886,308.96570487373543
3887,33.16277469650504
3888,0.0
3889,0.0
3890,135.07147651044005
3891,308.96570487373543
3892,0.0
3893,308.96570487373543
3894,0.0
3895,308.96570487373543
3896,0.0
3897,216.52833980047865
3898,308.96570487373543
3899,0.0
3900,308.96570487373543
3901,0.0
3902,0.0
3903,308.96570487373543
3904,308.96570487373543
3905,0.0
3906,308.96570487373543
3907,308.96570487373543
3908,308.96570487373543
3909,308.96570487373543
3910,0.0
3911,0.0
3912,308.96570487373543
3913,308.96570487373543
3914,0.0
3915,216.52833980047865
3916,308.96570487373543
3917,308.96570487373543
3918,308.96570487373543
3919,0.0
3920,0.0
3921,0.0
3922,135.07147651044005
3923,0.0
3924,308.96570487373543
3925,308.96570487373543
3926,0.0
3927,308.96570487373543
3928,0.0
3929,132.05243430669583
3930,0.0
3931,199.2253500897933
3932,0.0
3933,308.96570487373543
3934,0.0
3935,308.96570487373543
3936,308.96570487373543
3937,308.96570487373543
3938,135.07147651044005
3939,0.0
3940,308.96570487373543
3941,216.52833980047865
3942,0.0
3943,0.0
3944,132.05243430669583
3945,216.52833980047865
3946,135.07147651044005
3947,308.96570487373543
3948,0.0
3949,0.0
3950,0.0
3951,33.16277469650504
3952,308.96570487373543
3953,0.0
3954,308.96570487373543
3955,308.96570487373543
3956,308.96570487373543
3957,0.0
3958,308.96570487373543
3959,0.0
3960,0.0
3961,33.16277469650504
3962,308.96570487373543
3963,0.0
3964,132.05243430669583
3965,0.0
3966,135.07147651044005
3967,0.0
3968,308.96570487373543
3969,0.0
3970,199.2253500897933
3971,308.96570487373543
3972,135.07147651044005
3973,132.05243430669583
3974,0.0
3975,199.2253500897933
3976,199.2253500897933
3977,308.96570487373543
3978,0.0
3979,308.96570487373543
3980,0.0
3981,135.07147651044005
3982,308.96570487373543
3983,308.96570487373543
3984,132.05243430669583
3985,308.96570487373543
3986,308.96570487373543
3987,308.96570487373543
3988,135.07147651044005
3989,308.96570487373543
3990,199.2253500897933
3991,308.96570487373543
3992,308.96570487373543
3993,0.0
3994,135.07147651044005
3995,216.52833980047865
3996,308.96570487373543
3997,308.96570487373543
3998,308.96570487373543
3999,308.96570487373543
4000,308.96570487373543
4001,0.0
4002,0.0
4003,135.07147651044005
4004,135.07147651044005
4005,135.07147651044005
4006,308.96570487373543
4007,216.52833980047865
4008,0.0
4009,0.0
4010,308.96570487373543
4011,308.96570487373543
4012,216.52833980047865
4013,199.2253500897933
4014,308.96570487373543
4015,199.2253500897933
4016,0.0
4017,308.96570487373543
4018,308.96570487373543
4019,308.96570487373543
4020,1173.2069262530395
4021,308.96570487373543
4022,308.96570487373543
4023,308.96570487373543
4024,308.96570487373543
4025,308.96570487373543
4026,308.96570487373543
4027,135.07147651044005
4028,199.2253500897933
4029,0.0
4030,33.16277469650504
4031,199.2253500897933
4032,216.52833980047865
4033,308.96570487373543
4034,308.96570487373543
4035,308.96570487373543
4036,0.0
4037,308.96570487373543
4038,0.0
4039,308.96570487373543
4040,0.0
4041,308.96570487373543
4042,308.96570487373543
4043,308.96570487373543
4044,308.96570487373543
4045,199.2253500897933
4046,33.16277469650504
4047,199.2253500897933
4048,0.0
4049,308.96570487373543
4050,308.96570487373543
4051,308.96570487373543
4052,308.96570487373543
4053,308.96570487373543
4054,0.0
4055,308.96570487373543
4056,0.0
4057,308.96570487373543
4058,0.0
4059,1173.2069262530395
4060,308.96570487373543
4061,308.96570487373543
4062,0.0
4063,308.96570487373543
4064,308.96570487373543
4065,308.96570487373543
4066,0.0
4067,0.0
4068,199.2253500897933
4069,308.96570487373543
4070,308.96570487373543
4071,308.96570487373543
4072,0.0
4073,135.07147651044005
4074,0.0
4075,216.52833980047865
4076,135.07147651044005
4077,308.96570487373543
4078,216.52833980047865
4079,0.0
4080,135.07147651044005
4081,308.96570487373543
4082,0.0
4083,308.96570487373543
4084,0.0
4085,0.0
4086,308.96570487373543
4087,308.96570487373543
4088,135.07147651044005
4089,135.07147651044005
4090,308.96570487373543
4091,0.0
4092,308.96570487373543
4093,132.05243430669583
4094,308.96570487373543
4095,199.2253500897933
4096,308.96570487373543
4097,0.0
4098,308.96570487373543
4099,0.0
4100,308.96570487373543
4101,132.05243430669583
4102,308.96570487373543
4103,216.52833980047865
4104,308.96570487373543
4105,308.96570487373543
4106,308.96570487373543
4107,308.96570487373543
4108,308.96570487373543
4109,0.0
4110,0.0
4111,135.07147651044005
4112,216.52833980047865
4113,33.16277469650504
4114,308.96570487373543
4115,308.96570487373543
4116,308.96570487373543
4117,132.05243430669583
4118,0.0
4119,308.96570487373543
4120,0.0
4121,308.96570487373543
4122,135.07147651044005
4123,308.96570487373543
4124,308.96570487373543
4125,308.96570487373543
4126,0.0
4127,0.0
4128,308.96570487373543
4129,308.96570487373543
4130,308.96570487373543
4131,308.96570487373543
4132,0.0
4133,308.96570487373543
4134,308.96570487373543
4135,0.0
4136,0.0
4137,308.96570487373543
4138,33.16277469650504
4139,33.16277469650504
4140,0.0
4141,308.96570487373543
4142,216.52833980047865
4143,308.96570487373543
4144,308.96570487373543
4145,33.16277469650504
4146,0.0
4147,135.07147651044005
4148,308.96570487373543
4149,308.96570487373543
4150,199.2253500897933
4151,308.96570487373543
4152,308.96570487373543
4153,216.52833980047865
4154,0.0
4155,308.96570487373543
4156,308.96570487373543
4157,308.96570487373543
4158,135.07147651044005
4159,0.0
4160,308.96570487373543
4161,308.96570487373543
4162,0.0
4163,308.96570487373543
4164,199.2253500897933
4165,0.0
4166,0.0
4167,216.52833980047865
4168,308.96570487373543
4169,308.96570487373543
4170,132.05243430669583
4171,308.96570487373543
4172,308.96570487373543
4173,0.0
4174,199.2253500897933
4175,0.0
4176,0.0
4177,0.0
4178,135.07147651044005
4179,308.96570487373543
4180,0.0
4181,308.96570487373543
4182,33.16277469650504
4183,33.16277469650504
4184,0.0
4185,0.0
4186,308.96570487373543
4187,0.0
4188,308.96570487373543
4189,308.96570487373543
4190,33.16277469650504
4191,0.0
4192,132.05243430669583
4193,0.0
4194,0.0
4195,0.0
4196,308.96570487373543
4197,308.96570487373543
4198,308.96570487373543
4199,199.2253500897933
4200,0.0
4201,0.0
4202,0.0
4203,216.52833980047865
4204,216.52833980047865
4205,0.0
4206,0.0
4207,0.0
4208,308.96570487373543
4209,308.96570487373543
4210,308.96570487373543
4211,308.96570487373543
4212,1173.2069262530395
4213,0.0
4214,216.52833980047865
4215,308.96570487373543
4216,0.0
4217,308.96570487373543
4218,308.96570487373543
4219,308.96570487373543
4220,199.2253500897933
4221,0.0
4222,216.52833980047865
4223,0.0
4224,308.96570487373543
4225,0.0
4226,0.0
4227,135.07147651044005
4228,0.0
4229,33.16277469650504
4230,216.52833980047865
4231,308.96570487373543
4232,0.0
4233,0.0
4234,308.96570487373543
4235,0.0
4236,308.96570487373543
4237,216.52833980047865
4238,308.96570487373543
4239,0.0
4240,308.96570487373543
4241,308.96570487373543
4242,0.0
4243,308.96570487373543
4244,308.96570487373543
4245,132.05243430669583
4246,308.96570487373543
4247,0.0
4248,132.05243430669583
4249,0.0
4250,33.16277469650504
4251,0.0
4252,0.0
4253,0.0
4254,0.0
4255,132.05243430669583
4256,0.0
4257,0.0
4258,308.96570487373543
4259,0.0
4260,308.96570487373543
4261,308.96570487373543
4262,0.0
4263,0.0
4264,199.2253500897933
4265,308.96570487373543
4266,135.07147651044005
4267,135.07147651044005
4268,308.96570487373543
4269,0.0
4270,132.05243430669583
4271,135.07147651044005
4272,132.05243430669583
4273,216.52833980047865
4274,0.0
4275,308.96570487373543
4276,216.52833980047865
4277,308.96570487373543
4278,308.96570487373543
4279,308.96570487373543
4280,308.96570487373543
4281,6105.54272737628
4282,4816.885334026955
4283,6105.54272737628
4284,6105.54272737628
4285,6105.54272737628
4286,6105.54272737628
4287,5310.361126120411
4288,5450.512847831585
4289,5416.52579161751
4290,7003.4483098119745
4291,4816.885334026955
4292,6105.54272737628
4293,6105.54272737628
4294,7003.4483098119745
4295,5416.52579161751
4296,6105.54272737628
4297,6105.54272737628
4298,7003.4483098119745
4299,6105.54272737628
4300,5298.921872414424
4301,6105.54272737628
4302,5905.958900114833
4303,6105.54272737628
4304,5416.52579161751
4305,6105.54272737628
4306,5310.361126120411
4307,7003.4483098119745
4308,6105.54272737628
4309,5187.334323022757
4310,5416.52579161751
4311,5187.334323022757
4312,7003.4483098119745
4313,5251.659371028755
4314,6105.54272737628
4315,4816.885334026955
4316,4816.885334026955
4317,6105.54272737628
4318,6105.54272737628
4319,6105.54272737628
4320,5898.356305707557
4321,7243.813980510196
4322,6105.54272737628
4323,5905.958900114833
4324,4636.949618483758
4325,5310.361126120411
4326,6105.54272737628
4327,5425.788337188758
4328,4816.885334026955
4329,5251.659371028755
4330,6105.54272737628
4331,5373.803382733809
4332,7003.4483098119745
4333,6105.54272737628
4334,5251.659371028755
4335,5450.512847831585
4336,6105.54272737628
4337,6105.54272737628
4338,6105.54272737628
4339,6105.54272737628
4340,5905.958900114833
4341,6105.54272737628
4342,6105.54272737628
4343,7003.4483098119745
4344,5251.659371028755
4345,6105.54272737628
4346,6105.54272737628
4347,5187.334323022757
4348,7003.4483098119745
4349,6105.54272737628
4350,5373.803382733809
4351,5416.52579161751
4352,4816.885334026955
4353,6105.54272737628
4354,5310.361126120411
4355,6105.54272737628
4356,6105.54272737628
4357,6105.54272737628
4358,5905.958900114833
4359,6489.527860784833
4360,6105.54272737628
4361,6105.54272737628
4362,6105.54272737628
4363,6105.54272737628
4364,5251.659371028755
4365,6105.54272737628
4366,6105.54272737628
4367,7003.4483098119745
4368,6105.54272737628
4369,6105.54272737628
4370,6105.54272737628
4371,5251.659371028755
4372,6105.54272737628
4373,6105.54272737628
4374,5425.788337188758
4375,5450.512847831585
4376,5310.361126120411
4377,4816.885334026955
4378,5450.512847831585
4379,6105.54272737628
4380,4636.949618483758
4381,5310.361126120411
4382,6105.54272737628
4383,7003.4483098119745
4384,4816.885334026955
4385,5310.361126120411
4386,6105.54272737628
4387,6105.54272737628
4388,6105.54272737628
4389,6105.54272737628
4390,5416.52579161751
4391,6961.301638795901
4392,6105.54272737628
4393,4816.885334026955
4394,6105.54272737628
4395,6105.54272737628
4396,5425.788337188758
4397,6105.54272737628
4398,5373.803382733809
4399,6105.54272737628
4400,5187.334323022757
4401,6105.54272737628
4402,6105.54272737628
4403,6105.54272737628
4404,5450.512847831585
4405,5450.512847831585
4406,5450.512847831585
4407,5187.334323022757
4408,6105.54272737628
4409,5425.788337188758
4410,4816.885334026955
4411,6105.54272737628
4412,7003.4483098119745
4413,6105.54272737628
4414,6105.54272737628
4415,6105.54272737628
4416,6105.54272737628
4417,6105.54272737628
4418,4816.885334026955
4419,5898.356305707557
4420,6105.54272737628
4421,6105.54272737628
4422,7003.4483098119745
4423,6105.54272737628
4424,5425.788337188758
4425,6105.54272737628
4426,7003.4483098119745
4427,7003.4483098119745
4428,7003.4483098119745
4429,6105.54272737628
4430,5298.921872414424
4431,6105.54272737628
4432,6105.54272737628
4433,4816.885334026955
4434,6105.54272737628
4435,5425.788337188758
4436,6105.54272737628
4437,7003.4483098119745
4438,4816.885334026955
4439,6105.54272737628
4440,5187.334323022757
4441,5298.921872414424
4442,6105.54272737628
4443,5310.361126120411
4444,5905.958900114833
4445,5416.52579161751
4446,5416.52579161751
4447,6105.54272737628
4448,5898.356305707557
4449,6105.54272737628
4450,6105.54272737628
4451,6105.54272737628
4452,5310.361126120411
4453,6105.54272737628
4454,6105.54272737628
4455,5425.788337188758
4456,4816.885334026955
4457,6105.54272737628
4458,7243.813980510196
4459,6105.54272737628
4460,6105.54272737628
4461,5251.659371028755
4462,5416.52579161751
4463,6105.54272737628
4464,6105.54272737628
4465,4816.885334026955
4466,5298.921872414424
4467,5310.361126120411
4468,6105.54272737628
4469,6105.54272737628
4470,5298.921872414424
4471,7003.4483098119745
4472,6105.54272737628
4473,5425.788337188758
4474,6105.54272737628
4475,5298.921872414424
4476,5298.921872414424
4477,5310.361126120411
4478,5373.803382733809
4479,5905.958900114833
4480,5251.659371028755
4481,6105.54272737628
4482,6105.54272737628
4483,7003.4483098119745
4484,4816.885334026955
4485,6105.54272737628
4486,6105.54272737628
4487,6105.54272737628
4488,4816.885334026955
4489,6105.54272737628
4490,5905.958900114833
4491,7003.4483098119745
4492,5187.334323022757
4493,6105.54272737628
4494,7003.4483098119745
4495,5905.958900114833
4496,6105.54272737628
4497,7003.4483098119745
4498,7003.4483098119745
4499,6105.54272737628
4500,7003.4483098119745
4501,4816.885334026955
4502,6105.54272737628
4503,6105.54272737628
4504,6105.54272737628
4505,4648.133953521635
4506,5416.52579161751
4507,6105.54272737628
4508,6105.54272737628
4509,6105.54272737628
4510,5310.361126120411
4511,6105.54272737628
4512,5898.356305707557
4513,5425.788337188758
4514,6105.54272737628
4515,5187.334323022757
4516,7003.4483098119745
4517,5450.512847831585
4518,5251.659371028755
4519,5905.958900114833
4520,6105.54272737628
4521,6105.54272737628
4522,5187.334323022757
4523,6105.54272737628
4524,6105.54272737628
4525,4816.885334026955
4526,4636.949618483758
4527,6105.54272737628
4528,5298.921872414424
4529,6105.54272737628
4530,5187.334323022757
4531,6105.54272737628
4532,6105.54272737628
4533,6105.54272737628
4534,4816.885334026955
4535,6105.54272737628
4536,5425.788337188758
4537,5187.334323022757
4538,6105.54272737628
4539,5416.52579161751
4540,5251.659371028755
4541,5905.958900114833
4542,6105.54272737628
4543,6105.54272737628
4544,7003.4483098119745
4545,4816.885334026955
4546,4816.885334026955
4547,6105.54272737628
4548,6105.54272737628
4549,6105.54272737628
4550,6105.54272737628
4551,4816.885334026955
4552,5298.921872414424
4553,7003.4483098119745
4554,4816.885334026955
4555,6105.54272737628
4556,6105.54272737628
4557,6105.54272737628
4558,6105.54272737628
4559,6105.54272737628
4560,6105.54272737628
4561,5905.958900114833
4562,5416.52579161751
4563,6105.54272737628
4564,5416.52579161751
4565,6105.54272737628
4566,5187.334323022757
4567,5416.52579161751
4568,5425.788337188758
4569,6105.54272737628
4570,5425.788337188758
4571,6105.54272737628
4572,6105.54272737628
4573,5905.958900114833
4574,6105.54272737628
4575,6105.54272737628
4576,5187.334323022757
4577,4648.133953521635
4578,6105.54272737628
4579,6105.54272737628
4580,5187.334323022757
4581,6105.54272737628
4582,6105.54272737628
4583,6105.54272737628
4584,6105.54272737628
4585,4636.949618483758
4586,5310.361126120411
4587,7003.4483098119745
4588,6105.54272737628
4589,5905.958900114833
4590,4816.885334026955
4591,5905.958900114833
4592,4816.885334026955
4593,5416.52579161751
4594,5310.361126120411
4595,6105.54272737628
4596,6105.54272737628
4597,7243.813980510196
4598,6105.54272737628
4599,5310.361126120411
4600,6105.54272737628
4601,6105.54272737628
4602,5905.958900114833
4603,4636.949618483758
4604,4636.949618483758
4605,5373.803382733809
4606,6105.54272737628
4607,7003.4483098119745
4608,6105.54272737628
4609,6105.54272737628
4610,5450.512847831585
4611,6489.527860784833
4612,5187.334323022757
4613,6105.54272737628
4614,6105.54272737628
4615,6105.54272737628
4616,6105.54272737628
4617,7003.4483098119745
4618,6105.54272737628
4619,5416.52579161751
4620,6105.54272737628
4621,5416.52579161751
4622,6105.54272737628
4623,5187.334323022757
4624,6105.54272737628
4625,6105.54272737628
4626,5251.659371028755
4627,5905.958900114833
4628,5450.512847831585
4629,5298.921872414424
4630,6105.54272737628
4631,6105.54272737628
4632,6105.54272737628
4633,5187.334323022757
4634,6105.54272737628
4635,5298.921872414424
4636,7003.4483098119745
4637,6105.54272737628
4638,6105.54272737628
4639,6105.54272737628
4640,6105.54272737628
4641,6105.54272737628
4642,6105.54272737628
4643,5416.52579161751
4644,6105.54272737628
4645,6105.54272737628
4646,6105.54272737628
4647,5373.803382733809
4648,5395.163885864966
4649,6105.54272737628
4650,6105.54272737628
4651,5187.334323022757
4652,7003.4483098119745
4653,6105.54272737628
4654,7003.4483098119745
4655,6105.54272737628
4656,7003.4483098119745
4657,4816.885334026955
4658,5251.659371028755
4659,6105.54272737628
4660,7003.4483098119745
4661,5298.921872414424
4662,5298.921872414424
4663,6105.54272737628
4664,5251.659371028755
4665,6105.54272737628
4666,5298.921872414424
4667,5425.788337188758
4668,5251.659371028755
4669,7003.4483098119745
4670,5251.659371028755
4671,6105.54272737628
4672,6105.54272737628
4673,5298.921872414424
4674,4636.949618483758
4675,5898.356305707557
4676,5373.803382733809
4677,6105.54272737628
4678,5450.512847831585
4679,5310.361126120411
4680,7003.4483098119745
4681,6961.301638795901
4682,5898.356305707557
4683,6105.54272737628
4684,6105.54272737628
4685,5251.659371028755
4686,6105.54272737628
4687,6105.54272737628
4688,6105.54272737628
4689,6105.54272737628
4690,6105.54272737628
4691,5416.52579161751
4692,6105.54272737628
4693,5187.334323022757
4694,5310.361126120411
4695,6105.54272737628
4696,7003.4483098119745
4697,6961.301638795901
4698,6105.54272737628
4699,5310.361126120411
4700,6105.54272737628
4701,5425.788337188758
4702,5373.803382733809
4703,6105.54272737628
4704,6105.54272737628
4705,6105.54272737628
4706,6105.54272737628
4707,5251.659371028755
4708,5450.512847831585
4709,6105.54272737628
4710,5905.958900114833
4711,6105.54272737628
4712,6105.54272737628
4713,6105.54272737628
4714,6105.54272737628
4715,5905.958900114833
4716,4816.885334026955
4717,6105.54272737628
4718,7003.4483098119745
4719,5425.788337188758
4720,5310.361126120411
4721,6105.54272737628
4722,7003.4483098119745
4723,5251.659371028755
4724,4648.133953521635
4725,6105.54272737628
4726,5450.512847831585
4727,5373.803382733809
4728,6105.54272737628
4729,6105.54272737628
4730,6105.54272737628
4731,6105.54272737628
4732,6105.54272737628
4733,5373.803382733809
4734,6105.54272737628
4735,6105.54272737628
4736,4816.885334026955
4737,6105.54272737628
4738,5425.788337188758
4739,5187.334323022757
4740,6105.54272737628
4741,6105.54272737628
4742,6105.54272737628
4743,5310.361126120411
4744,7003.4483098119745
4745,5898.356305707557
4746,4816.885334026955
4747,6105.54272737628
4748,5450.512847831585
4749,6105.54272737628
4750,5251.659371028755
4751,6105.54272737628
4752,7003.4483098119745
4753,5187.334323022757
4754,6105.54272737628
4755,5373.803382733809
4756,6105.54272737628
4757,5416.52579161751
4758,7003.4483098119745
4759,6105.54272737628
4760,6105.54272737628
4761,5450.512847831585
4762,6105.54272737628
4763,6105.54272737628
4764,6105.54272737628
4765,6105.54272737628
4766,6489.527860784833
4767,5373.803382733809
4768,6105.54272737628
4769,6105.54272737628
4770,5450.512847831585
4771,5187.334323022757
4772,6105.54272737628
4773,6105.54272737628
4774,6105.54272737628
4775,4648.133953521635
4776,5373.803382733809
4777,5425.788337188758
4778,4816.885334026955
4779,5416.52579161751
4780,6105.54272737628
4781,6105.54272737628
4782,7003.4483098119745
4783,6105.54272737628
4784,5416.52579161751
4785,5298.921872414424
4786,5450.512847831585
4787,5905.958900114833
4788,5251.659371028755
4789,6105.54272737628
4790,7003.4483098119745
4791,6105.54272737628
4792,6105.54272737628
4793,6105.54272737628
4794,4816.885334026955
4795,5898.356305707557
4796,6105.54272737628
4797,5187.334323022757
4798,5416.52579161751
4799,7243.813980510196
4800,5298.921872414424
4801,5187.334323022757
4802,4816.885334026955
4803,6105.54272737628
4804,5416.52579161751
4805,7003.4483098119745
4806,5373.803382733809
4807,5310.361126120411
4808,6105.54272737628
4809,5251.659371028755
4810,6105.54272737628
4811,6105.54272737628
4812,6105.54272737628
4813,5251.659371028755
4814,6105.54272737628
4815,7003.4483098119745
4816,7003.4483098119745
4817,5310.361126120411
4818,6105.54272737628
4819,7003.4483098119745
4820,5298.921872414424
4821,4636.949618483758
4822,4816.885334026955
4823,5416.52579161751
4824,6105.54272737628
4825,5425.788337188758
4826,5905.958900114833
4827,6105.54272737628
4828,4816.885334026955
4829,5298.921872414424
4830,5416.52579161751
4831,5905.958900114833
4832,5905.958900114833
4833,6105.54272737628
4834,7003.4483098119745
4835,6105.54272737628
4836,5416.52579161751
4837,4816.885334026955
4838,6105.54272737628
4839,6105.54272737628
4840,5298.921872414424
4841,6105.54272737628
4842,6105.54272737628
4843,6105.54272737628
4844,4816.885334026955
4845,6105.54272737628
4846,5905.958900114833
4847,6105.54272737628
4848,6105.54272737628
4849,4648.133953521635
4850,4816.885334026955
4851,5187.334323022757
4852,6105.54272737628
4853,6105.54272737628
4854,6105.54272737628
4855,6105.54272737628
4856,6105.54272737628
4857,7003.4483098119745
4858,5373.803382733809
4859,4816.885334026955
4860,4816.885334026955
4861,4816.885334026955
4862,6105.54272737628
4863,5187.334323022757
4864,5373.803382733809
4865,7003.4483098119745
4866,6105.54272737628
4867,6105.54272737628
4868,5187.334323022757
4869,5905.958900114833
4870,6105.54272737628
4871,5905.958900114833
4872,5251.659371028755
4873,6105.54272737628
4874,6105.54272737628
4875,6105.54272737628
4876,6961.301638795901
4877,6105.54272737628
4878,6105.54272737628
4879,6105.54272737628
4880,6105.54272737628
4881,6105.54272737628
4882,6105.54272737628
4883,4816.885334026955
4884,5905.958900114833
4885,7003.4483098119745
4886,5310.361126120411
4887,5905.958900114833
4888,5187.334323022757
4889,6105.54272737628
4890,6105.54272737628
4891,6105.54272737628
4892,5425.788337188758
4893,6105.54272737628
4894,5373.803382733809
4895,6105.54272737628
4896,7003.4483098119745
4897,6105.54272737628
4898,6105.54272737628
4899,6105.54272737628
4900,6105.54272737628
4901,5905.958900114833
4902,5310.361126120411
4903,5905.958900114833
4904,5395.163885864966
4905,6105.54272737628
4906,6105.54272737628
4907,6105.54272737628
4908,6105.54272737628
4909,6105.54272737628
4910,7003.4483098119745
4911,6105.54272737628
4912,5373.803382733809
4913,6105.54272737628
4914,7003.4483098119745
4915,6961.301638795901
4916,6105.54272737628
4917,6105.54272737628
4918,7003.4483098119745
4919,6105.54272737628
4920,6105.54272737628
4921,6105.54272737628
4922,5416.52579161751
4923,5373.803382733809
4924,5905.958900114833
4925,6105.54272737628
4926,6105.54272737628
4927,6105.54272737628
4928,5425.788337188758
4929,4816.885334026955
4930,5251.659371028755
4931,5187.334323022757
4932,4816.885334026955
4933,6105.54272737628
4934,5187.334323022757
4935,5870.995293277418
4936,4816.885334026955
4937,6105.54272737628
4938,5416.52579161751
4939,6105.54272737628
4940,6489.527860784833
4941,7003.4483098119745
4942,6105.54272737628
4943,6105.54272737628
4944,4816.885334026955
4945,4816.885334026955
4946,6105.54272737628
4947,5416.52579161751
4948,6105.54272737628
4949,5298.921872414424
4950,6105.54272737628
4951,5905.958900114833
4952,6105.54272737628
4953,6489.527860784833
4954,6105.54272737628
4955,5425.788337188758
4956,6105.54272737628
4957,5298.921872414424
4958,6105.54272737628
4959,5187.334323022757
4960,6105.54272737628
4961,6105.54272737628
4962,6105.54272737628
4963,6105.54272737628
4964,6105.54272737628
4965,5251.659371028755
4966,5373.803382733809
4967,4816.885334026955
4968,5187.334323022757
4969,5310.361126120411
4970,6105.54272737628
4971,6105.54272737628
4972,6105.54272737628
4973,5298.921872414424
4974,7003.4483098119745
4975,6105.54272737628
4976,7003.4483098119745
4977,6105.54272737628
4978,4816.885334026955
4979,6105.54272737628
4980,6105.54272737628
4981,6105.54272737628
4982,5251.659371028755
4983,5416.52579161751
4984,6105.54272737628
4985,6105.54272737628
4986,6105.54272737628
4987,6105.54272737628
4988,7003.4483098119745
4989,6105.54272737628
4990,6105.54272737628
4991,5416.52579161751
4992,7003.4483098119745
4993,6105.54272737628
4994,5310.361126120411
4995,5310.361126120411
4996,5450.512847831585
4997,6105.54272737628
4998,5187.334323022757
4999,6105.54272737628
5000,6105.54272737628
5001,5310.361126120411
5002,5450.512847831585
5003,4816.885334026955
5004,6105.54272737628
5005,6105.54272737628
5006,5905.958900114833
5007,6105.54272737628
5008,6105.54272737628
5009,5187.334323022757
5010,5425.788337188758
5011,6105.54272737628
5012,6105.54272737628
5013,6105.54272737628
5014,4816.885334026955
5015,5450.512847831585
5016,6105.54272737628
5017,6105.54272737628
5018,7003.4483098119745
5019,6105.54272737628
5020,5905.958900114833
5021,4648.133953521635
5022,5425.788337188758
5023,5187.334323022757
5024,6105.54272737628
5025,6105.54272737628
5026,5298.921872414424
5027,6105.54272737628
5028,6105.54272737628
5029,4648.133953521635
5030,5905.958900114833
5031,5251.659371028755
5032,5203.982747925428
5033,7003.4483098119745
5034,4816.885334026955
5035,6105.54272737628
5036,5450.512847831585
5037,6105.54272737628
5038,5310.361126120411
5039,5310.361126120411
5040,5450.512847831585
5041,5425.788337188758
5042,6105.54272737628
5043,7003.4483098119745
5044,6105.54272737628
5045,6105.54272737628
5046,5310.361126120411
5047,5251.659371028755
5048,5298.921872414424
5049,7003.4483098119745
5050,4636.949618483758
5051,5898.356305707557
5052,6105.54272737628
5053,6105.54272737628
5054,6105.54272737628
5055,5905.958900114833
5056,5425.788337188758
5057,5425.788337188758
5058,7243.813980510196
5059,5187.334323022757
5060,5187.334323022757
5061,5898.356305707557
5062,5373.803382733809
5063,5450.512847831585
5064,6105.54272737628
5065,6105.54272737628
5066,6105.54272737628
5067,6105.54272737628
5068,6961.301638795901
5069,7003.4483098119745
5070,5187.334323022757
5071,6105.54272737628
5072,4648.133953521635
5073,6105.54272737628
5074,6105.54272737628
5075,6105.54272737628
5076,5905.958900114833
5077,7003.4483098119745
5078,5187.334323022757
5079,5450.512847831585
5080,6105.54272737628
5081,5416.52579161751
5082,7003.4483098119745
5083,4816.885334026955
5084,5898.356305707557
5085,5310.361126120411
5086,5187.334323022757
5087,6105.54272737628
5088,5416.52579161751
5089,7003.4483098119745
5090,6105.54272737628
5091,5373.803382733809
5092,6105.54272737628
5093,5187.334323022757
5094,6105.54272737628
5095,7003.4483098119745
5096,6105.54272737628
5097,6105.54272737628
5098,5373.803382733809
5099,6105.54272737628
5100,6105.54272737628
5101,5298.921872414424
5102,6105.54272737628
5103,5373.803382733809
5104,5298.921872414424
5105,5395.163885864966
5106,5310.361126120411
5107,5373.803382733809
5108,7003.4483098119745
5109,5251.659371028755
5110,7003.4483098119745
5111,5298.921872414424
5112,5450.512847831585
5113,5425.788337188758
5114,6105.54272737628
5115,4636.949618483758
5116,6105.54272737628
5117,6105.54272737628
5118,7003.4483098119745
5119,7003.4483098119745
5120,5905.958900114833
5121,6105.54272737628
5122,4816.885334026955
5123,4816.885334026955
5124,6105.54272737628
5125,7003.4483098119745
5126,5298.921872414424
5127,4816.885334026955
5128,5298.921872414424
5129,5187.334323022757
5130,5450.512847831585
5131,6105.54272737628
5132,5187.334323022757
5133,6105.54272737628
5134,6105.54272737628
5135,6105.54272737628
5136,6105.54272737628
5137,6537.377646653581
5138,5559.696918503076
5139,6537.377646653581
5140,6537.377646653581
5141,6537.377646653581
5142,6537.377646653581
5143,5134.943893097958
5144,5519.964137139839
5145,5384.389473601511
5146,6464.885121552131
5147,5559.696918503076
5148,6537.377646653581
5149,6537.377646653581
5150,6464.885121552131
5151,5384.389473601511
5152,6537.377646653581
5153,6537.377646653581
5154,6464.885121552131
5155,6537.377646653581
5156,5440.779548309979
5157,6537.377646653581
5158,5815.4177083587765
5159,6537.377646653581
5160,5384.389473601511
5161,6537.377646653581
5162,5134.943893097958
5163,6464.885121552131
5164,6537.377646653581
5165,5679.22186285275
5166,5384.389473601511
5167,5679.22186285275
5168,6464.885121552131
5169,6369.952045417568
5170,6537.377646653581
5171,5559.696918503076
5172,5559.696918503076
5173,6537.377646653581
5174,6537.377646653581
5175,6537.377646653581
5176,6059.888798869708
5177,6764.761666954246
5178,6537.377646653581
5179,5815.4177083587765
5180,5458.320353308317
5181,5134.943893097958
5182,6537.377646653581
5183,5914.173098354912
5184,5559.696918503076
5185,6369.952045417568
5186,6537.377646653581
5187,5496.382205414122
5188,6464.885121552131
5189,6537.377646653581
5190,6369.952045417568
5191,5519.964137139839
5192,6537.377646653581
5193,6537.377646653581
5194,6537.377646653581
5195,6537.377646653581
5196,5815.4177083587765
5197,6537.377646653581
5198,6537.377646653581
5199,6464.885121552131
5200,6369.952045417568
5201,6537.377646653581
5202,6537.377646653581
5203,5679.22186285275
5204,6464.885121552131
5205,6537.377646653581
5206,5496.382205414122
5207,5384.389473601511
5208,5559.696918503076
5209,6537.377646653581
5210,5134.943893097958
5211,6537.377646653581
5212,6537.377646653581
5213,6537.377646653581
5214,5815.4177083587765
5215,6277.634639623154
5216,6537.377646653581
5217,6537.377646653581
5218,6537.377646653581
5219,6537.377646653581
5220,6369.952045417568
5221,6537.377646653581
5222,6537.377646653581
5223,6464.885121552131
5224,6537.377646653581
5225,6537.377646653581
5226,6537.377646653581
5227,6369.952045417568
5228,6537.377646653581
5229,6537.377646653581
5230,5914.173098354912
5231,5519.964137139839
5232,5134.943893097958
5233,5559.696918503076
5234,5519.964137139839
5235,6537.377646653581
5236,5458.320353308317
5237,5134.943893097958
5238,6537.377646653581
5239,6464.885121552131
5240,5559.696918503076
5241,5134.943893097958
5242,6537.377646653581
5243,6537.377646653581
5244,6537.377646653581
5245,6537.377646653581
5246,5384.389473601511
5247,6998.418967640201
5248,6537.377646653581
5249,5559.696918503076
5250,6537.377646653581
5251,6537.377646653581
5252,5914.173098354912
5253,6537.377646653581
5254,5496.382205414122
5255,6537.377646653581
5256,5679.22186285275
5257,6537.377646653581
5258,6537.377646653581
5259,6537.377646653581
5260,5519.964137139839
5261,5519.964137139839
5262,5519.964137139839
5263,5679.22186285275
5264,6537.377646653581
5265,5914.173098354912
5266,5559.696918503076
5267,6537.377646653581
5268,6464.885121552131
5269,6537.377646653581
5270,6537.377646653581
5271,6537.377646653581
5272,6537.377646653581
5273,6537.377646653581
5274,5559.696918503076
5275,6059.888798869708
5276,6537.377646653581
5277,6537.377646653581
5278,6464.885121552131
5279,6537.377646653581
5280,5914.173098354912
5281,6537.377646653581
5282,6464.885121552131
5283,6464.885121552131
5284,6464.885121552131
5285,6537.377646653581
5286,5440.779548309979
5287,6537.377646653581
5288,6537.377646653581
5289,5559.696918503076
5290,6537.377646653581
5291,5914.173098354912
5292,6537.377646653581
5293,6464.885121552131
5294,5559.696918503076
5295,6537.377646653581
5296,5679.22186285275
5297,5440.779548309979
5298,6537.377646653581
5299,5134.943893097958
5300,5815.4177083587765
5301,5384.389473601511
5302,5384.389473601511
5303,6537.377646653581
5304,6059.888798869708
5305,6537.377646653581
5306,6537.377646653581
5307,6537.377646653581
5308,5134.943893097958
5309,6537.377646653581
5310,6537.377646653581
5311,5914.173098354912
5312,5559.696918503076
5313,6537.377646653581
5314,6764.761666954246
5315,6537.377646653581
5316,6537.377646653581
5317,6369.952045417568
5318,5384.389473601511
5319,6537.377646653581
5320,6537.377646653581
5321,5559.696918503076
5322,5440.779548309979
5323,5134.943893097958
5324,6537.377646653581
5325,6537.377646653581
5326,5440.779548309979
5327,6464.885121552131
5328,6537.377646653581
5329,5914.173098354912
5330,6537.377646653581
5331,5440.779548309979
5332,5440.779548309979
5333,5134.943893097958
5334,5496.382205414122
5335,5815.4177083587765
5336,6369.952045417568
5337,6537.377646653581
5338,6537.377646653581
5339,6464.885121552131
5340,5559.696918503076
5341,6537.377646653581
5342,6537.377646653581
5343,6537.377646653581
5344,5559.696918503076
5345,6537.377646653581
5346,5815.4177083587765
5347,6464.885121552131
5348,5679.22186285275
5349,6537.377646653581
5350,6464.885121552131
5351,5815.4177083587765
5352,6537.377646653581
5353,6464.885121552131
5354,6464.885121552131
5355,6537.377646653581
5356,6464.885121552131
5357,5559.696918503076
5358,6537.377646653581
5359,6537.377646653581
5360,6537.377646653581
5361,5106.601565709859
5362,5384.389473601511
5363,6537.377646653581
5364,6537.377646653581
5365,6537.377646653581
5366,5134.943893097958
5367,6537.377646653581
5368,6059.888798869708
5369,5914.173098354912
5370,6537.377646653581
5371,5679.22186285275
5372,6464.885121552131
5373,5519.964137139839
5374,6369.952045417568
5375,5815.4177083587765
5376,6537.377646653581
5377,6537.377646653581
5378,5679.22186285275
5379,6537.377646653581
5380,6537.377646653581
5381,5559.696918503076
5382,5458.320353308317
5383,6537.377646653581
5384,5440.779548309979
5385,6537.377646653581
5386,5679.22186285275
5387,6537.377646653581
5388,6537.377646653581
5389,6537.377646653581
5390,5559.696918503076
5391,6537.377646653581
5392,5914.173098354912
5393,5679.22186285275
5394,6537.377646653581
5395,5384.389473601511
5396,6369.952045417568
5397,5815.4177083587765
5398,6537.377646653581
5399,6537.377646653581
5400,6464.885121552131
5401,5559.696918503076
5402,5559.696918503076
5403,6537.377646653581
5404,6537.377646653581
5405,6537.377646653581
5406,6537.377646653581
5407,5559.696918503076
5408,5440.779548309979
5409,6464.885121552131
5410,5559.696918503076
5411,6537.377646653581
5412,6537.377646653581
5413,6537.377646653581
5414,6537.377646653581
5415,6537.377646653581
5416,6537.377646653581
5417,5815.4177083587765
5418,5384.389473601511
5419,6537.377646653581
5420,5384.389473601511
5421,6537.377646653581
5422,5679.22186285275
5423,5384.389473601511
5424,5914.173098354912
5425,6537.377646653581
5426,5914.173098354912
5427,6537.377646653581
5428,6537.377646653581
5429,5815.4177083587765
5430,6537.377646653581
5431,6537.377646653581
5432,5679.22186285275
5433,5106.601565709859
5434,6537.377646653581
5435,6537.377646653581
5436,5679.22186285275
5437,6537.377646653581
5438,6537.377646653581
5439,6537.377646653581
5440,6537.377646653581
5441,5458.320353308317
5442,5134.943893097958
5443,6464.885121552131
5444,6537.377646653581
5445,5815.4177083587765
5446,5559.696918503076
5447,5815.4177083587765
5448,5559.696918503076
5449,5384.389473601511
5450,5134.943893097958
5451,6537.377646653581
5452,6537.377646653581
5453,6764.761666954246
5454,6537.377646653581
5455,5134.943893097958
5456,6537.377646653581
5457,6537.377646653581
5458,5815.4177083587765
5459,5458.320353308317
5460,5458.320353308317
5461,5496.382205414122
5462,6537.377646653581
5463,6464.885121552131
5464,6537.377646653581
5465,6537.377646653581
5466,5519.964137139839
5467,6277.634639623154
5468,5679.22186285275
5469,6537.377646653581
5470,6537.377646653581
5471,6537.377646653581
5472,6537.377646653581
5473,6464.885121552131
5474,6537.377646653581
5475,5384.389473601511
5476,6537.377646653581
5477,5384.389473601511
5478,6537.377646653581
5479,5679.22186285275
5480,6537.377646653581
5481,6537.377646653581
5482,6369.952045417568
5483,5815.4177083587765
5484,5519.964137139839
5485,5440.779548309979
5486,6537.377646653581
5487,6537.377646653581
5488,6537.377646653581
5489,5679.22186285275
5490,6537.377646653581
5491,5440.779548309979
5492,6464.885121552131
5493,6537.377646653581
5494,6537.377646653581
5495,6537.377646653581
5496,6537.377646653581
5497,6537.377646653581
5498,6537.377646653581
5499,5384.389473601511
5500,6537.377646653581
5501,6537.377646653581
5502,6537.377646653581
5503,5496.382205414122
5504,5532.638826381813
5505,6537.377646653581
5506,6537.377646653581
5507,5679.22186285275
5508,6464.885121552131
5509,6537.377646653581
5510,6464.885121552131
5511,6537.377646653581
5512,6464.885121552131
5513,5559.696918503076
5514,6369.952045417568
5515,6537.377646653581
5516,6464.885121552131
5517,5440.779548309979
5518,5440.779548309979
5519,6537.377646653581
5520,6369.952045417568
5521,6537.377646653581
5522,5440.779548309979
5523,5914.173098354912
5524,6369.952045417568
5525,6464.885121552131
5526,6369.952045417568
5527,6537.377646653581
5528,6537.377646653581
5529,5440.779548309979
5530,5458.320353308317
5531,6059.888798869708
5532,5496.382205414122
5533,6537.377646653581
5534,5519.964137139839
5535,5134.943893097958
5536,6464.885121552131
5537,6998.418967640201
5538,6059.888798869708
5539,6537.377646653581
5540,6537.377646653581
5541,6369.952045417568
5542,6537.377646653581
5543,6537.377646653581
5544,6537.377646653581
5545,6537.377646653581
5546,6537.377646653581
5547,5384.389473601511
5548,6537.377646653581
5549,5679.22186285275
5550,5134.943893097958
5551,6537.377646653581
5552,6464.885121552131
5553,6998.418967640201
5554,6537.377646653581
5555,5134.943893097958
5556,6537.377646653581
5557,5914.173098354912
5558,5496.382205414122
5559,6537.377646653581
5560,6537.377646653581
5561,6537.377646653581
5562,6537.377646653581
5563,6369.952045417568
5564,5519.964137139839
5565,6537.377646653581
5566,5815.4177083587765
5567,6537.377646653581
5568,6537.377646653581
5569,6537.377646653581
5570,6537.377646653581
5571,5815.4177083587765
5572,5559.696918503076
5573,6537.377646653581
5574,6464.885121552131
5575,5914.173098354912
5576,5134.943893097958
5577,6537.377646653581
5578,6464.885121552131
5579,6369.952045417568
5580,5106.601565709859
5581,6537.377646653581
5582,5519.964137139839
5583,5496.382205414122
5584,6537.377646653581
5585,6537.377646653581
5586,6537.377646653581
5587,6537.377646653581
5588,6537.377646653581
5589,5496.382205414122
5590,6537.377646653581
5591,6537.377646653581
5592,5559.696918503076
5593,6537.377646653581
5594,5914.173098354912
5595,5679.22186285275
5596,6537.377646653581
5597,6537.377646653581
5598,6537.377646653581
5599,5134.943893097958
5600,6464.885121552131
5601,6059.888798869708
5602,5559.696918503076
5603,6537.377646653581
5604,5519.964137139839
5605,6537.377646653581
5606,6369.952045417568
5607,6537.377646653581
5608,6464.885121552131
5609,5679.22186285275
5610,6537.377646653581
5611,5496.382205414122
5612,6537.377646653581
5613,5384.389473601511
5614,6464.885121552131
5615,6537.377646653581
5616,6537.377646653581
5617,5519.964137139839
5618,6537.377646653581
5619,6537.377646653581
5620,6537.377646653581
5621,6537.377646653581
5622,6277.634639623154
5623,5496.382205414122
5624,6537.377646653581
5625,6537.377646653581
5626,5519.964137139839
5627,5679.22186285275
5628,6537.377646653581
5629,6537.377646653581
5630,6537.377646653581
5631,5106.601565709859
5632,5496.382205414122
5633,5914.173098354912
5634,5559.696918503076
5635,5384.389473601511
5636,6537.377646653581
5637,6537.377646653581
5638,6464.885121552131
5639,6537.377646653581
5640,5384.389473601511
5641,5440.779548309979
5642,5519.964137139839
5643,5815.4177083587765
5644,6369.952045417568
5645,6537.377646653581
5646,6464.885121552131
5647,6537.377646653581
5648,6537.377646653581
5649,6537.377646653581
5650,5559.696918503076
5651,6059.888798869708
5652,6537.377646653581
5653,5679.22186285275
5654,5384.389473601511
5655,6764.761666954246
5656,5440.779548309979
5657,5679.22186285275
5658,5559.696918503076
5659,6537.377646653581
5660,5384.389473601511
5661,6464.885121552131
5662,5496.382205414122
5663,5134.943893097958
5664,6537.377646653581
5665,6369.952045417568
5666,6537.377646653581
5667,6537.377646653581
5668,6537.377646653581
5669,6369.952045417568
5670,6537.377646653581
5671,6464.885121552131
5672,6464.885121552131
5673,5134.943893097958
5674,6537.377646653581
5675,6464.885121552131
5676,5440.779548309979
5677,5458.320353308317
5678,5559.696918503076
5679,5384.389473601511
5680,6537.377646653581
5681,5914.173098354912
5682,5815.4177083587765
5683,6537.377646653581
5684,5559.696918503076
5685,5440.779548309979
5686,5384.389473601511
5687,5815.4177083587765
5688,5815.4177083587765
5689,6537.377646653581
5690,6464.885121552131
5691,6537.377646653581
5692,5384.389473601511
5693,5559.696918503076
5694,6537.377646653581
5695,6537.377646653581
5696,5440.779548309979
5697,6537.377646653581
5698,6537.377646653581
5699,6537.377646653581
5700,5559.696918503076
5701,6537.377646653581
5702,5815.4177083587765
5703,6537.377646653581
5704,6537.377646653581
5705,5106.601565709859
5706,5559.696918503076
5707,5679.22186285275
5708,6537.377646653581
5709,6537.377646653581
5710,6537.377646653581
5711,6537.377646653581
5712,6537.377646653581
5713,6464.885121552131
5714,5496.382205414122
5715,5559.696918503076
5716,5559.696918503076
5717,5559.696918503076
5718,6537.377646653581
5719,5679.22186285275
5720,5496.382205414122
5721,6464.885121552131
5722,6537.377646653581
5723,6537.377646653581
5724,5679.22186285275
5725,5815.4177083587765
5726,6537.377646653581
5727,5815.4177083587765
5728,6369.952045417568
5729,6537.377646653581
5730,6537.377646653581
5731,6537.377646653581
5732,6998.418967640201
5733,6537.377646653581
5734,6537.377646653581
5735,6537.377646653581
5736,6537.377646653581
5737,6537.377646653581
5738,6537.377646653581
5739,5559.696918503076
5740,5815.4177083587765
5741,6464.885121552131
5742,5134.943893097958
5743,5815.4177083587765
5744,5679.22186285275
5745,6537.377646653581
5746,6537.377646653581
5747,6537.377646653581
5748,5914.173098354912
5749,6537.377646653581
5750,5496.382205414122
5751,6537.377646653581
5752,6464.885121552131
5753,6537.377646653581
5754,6537.377646653581
5755,6537.377646653581
5756,6537.377646653581
5757,5815.4177083587765
5758,5134.943893097958
5759,5815.4177083587765
5760,5532.638826381813
5761,6537.377646653581
5762,6537.377646653581
5763,6537.377646653581
5764,6537.377646653581
5765,6537.377646653581
5766,6464.885121552131
5767,6537.377646653581
5768,5496.382205414122
5769,6537.377646653581
5770,6464.885121552131
5771,6998.418967640201
5772,6537.377646653581
5773,6537.377646653581
5774,6464.885121552131
5775,6537.377646653581
5776,6537.377646653581
5777,6537.377646653581
5778,5384.389473601511
5779,5496.382205414122
5780,5815.4177083587765
5781,6537.377646653581
5782,6537.377646653581
5783,6537.377646653581
5784,5914.173098354912
5785,5559.696918503076
5786,6369.952045417568
5787,5679.22186285275
5788,5559.696918503076
5789,6537.377646653581
5790,5679.22186285275
5791,5783.792782244444
5792,5559.696918503076
5793,6537.377646653581
5794,5384.389473601511
5795,6537.377646653581
5796,6277.634639623154
5797,6464.885121552131
5798,6537.377646653581
5799,6537.377646653581
5800,5559.696918503076
5801,5559.696918503076
5802,6537.377646653581
5803,5384.389473601511
5804,6537.377646653581
5805,5440.779548309979
5806,6537.377646653581
5807,5815.4177083587765
5808,6537.377646653581
5809,6277.634639623154
5810,6537.377646653581
5811,5914.173098354912
5812,6537.377646653581
5813,5440.779548309979
5814,6537.377646653581
5815,5679.22186285275
5816,6537.377646653581
5817,6537.377646653581
5818,6537.377646653581
5819,6537.377646653581
5820,6537.377646653581
5821,6369.952045417568
5822,5496.382205414122
5823,5559.696918503076
5824,5679.22186285275
5825,5134.943893097958
5826,6537.377646653581
5827,6537.377646653581
5828,6537.377646653581
5829,5440.779548309979
5830,6464.885121552131
5831,6537.377646653581
5832,6464.885121552131
5833,6537.377646653581
5834,5559.696918503076
5835,6537.377646653581
5836,6537.377646653581
5837,6537.377646653581
5838,6369.952045417568
5839,5384.389473601511
5840,6537.377646653581
5841,6537.377646653581
5842,6537.377646653581
5843,6537.377646653581
5844,6464.885121552131
5845,6537.377646653581
5846,6537.377646653581
5847,5384.389473601511
5848,6464.885121552131
5849,6537.377646653581
5850,5134.943893097958
5851,5134.943893097958
5852,5519.964137139839
5853,6537.377646653581
5854,5679.22186285275
5855,6537.377646653581
5856,6537.377646653581
5857,5134.943893097958
5858,5519.964137139839
5859,5559.696918503076
5860,6537.377646653581
5861,6537.377646653581
5862,5815.4177083587765
5863,6537.377646653581
5864,6537.377646653581
5865,5679.22186285275
5866,5914.173098354912
5867,6537.377646653581
5868,6537.377646653581
5869,6537.377646653581
5870,5559.696918503076
5871,5519.964137139839
5872,6537.377646653581
5873,6537.377646653581
5874,6464.885121552131
5875,6537.377646653581
5876,5815.4177083587765
5877,5106.601565709859
5878,5914.173098354912
5879,5679.22186285275
5880,6537.377646653581
5881,6537.377646653581
5882,5440.779548309979
5883,6537.377646653581
5884,6537.377646653581
5885,5106.601565709859
5886,5815.4177083587765
5887,6369.952045417568
5888,5588.688042860813
5889,6464.885121552131
5890,5559.696918503076
5891,6537.377646653581
5892,5519.964137139839
5893,6537.377646653581
5894,5134.943893097958
5895,5134.943893097958
5896,5519.964137139839
5897,5914.173098354912
5898,6537.377646653581
5899,6464.885121552131
5900,6537.377646653581
5901,6537.377646653581
5902,5134.943893097958
5903,6369.952045417568
5904,5440.779548309979
5905,6464.885121552131
5906,5458.320353308317
5907,6059.888798869708
5908,6537.377646653581
5909,6537.377646653581
5910,6537.377646653581
5911,5815.4177083587765
5912,5914.173098354912
5913,5914.173098354912
5914,6764.761666954246
5915,5679.22186285275
5916,5679.22186285275
5917,6059.888798869708
5918,5496.382205414122
5919,5519.964137139839
5920,6537.377646653581
5921,6537.377646653581
5922,6537.377646653581
5923,6537.377646653581
5924,6998.418967640201
5925,6464.885121552131
5926,5679.22186285275
5927,6537.377646653581
5928,5106.601565709859
5929,6537.377646653581
5930,6537.377646653581
5931,6537.377646653581
5932,5815.4177083587765
5933,6464.885121552131
5934,5679.22186285275
5935,5519.964137139839
5936,6537.377646653581
5937,5384.389473601511
5938,6464.885121552131
5939,5559.696918503076
5940,6059.888798869708
5941,5134.943893097958
5942,5679.22186285275
5943,6537.377646653581
5944,5384.389473601511
5945,6464.885121552131
5946,6537.377646653581
5947,5496.382205414122
5948,6537.377646653581
5949,5679.22186285275
5950,6537.377646653581
5951,6464.885121552131
5952,6537.377646653581
5953,6537.377646653581
5954,5496.382205414122
5955,6537.377646653581
5956,6537.377646653581
5957,5440.779548309979
5958,6537.377646653581
5959,5496.382205414122
5960,5440.779548309979
5961,5532.638826381813
5962,5134.943893097958
5963,5496.382205414122
5964,6464.885121552131
5965,6369.952045417568
5966,6464.885121552131
5967,5440.779548309979
5968,5519.964137139839
5969,5914.173098354912
5970,6537.377646653581
5971,5458.320353308317
5972,6537.377646653581
5973,6537.377646653581
5974,6464.885121552131
5975,6464.885121552131
5976,5815.4177083587765
5977,6537.377646653581
5978,5559.696918503076
5979,5559.696918503076
5980,6537.377646653581
5981,6464.885121552131
5982,5440.779548309979
5983,5559.696918503076
5984,5440.779548309979
5985,5679.22186285275
5986,5519.964137139839
5987,6537.377646653581
5988,5679.22186285275
5989,6537.377646653581
5990,6537.377646653581
5991,6537.377646653581
5992,6537.377646653581
5993,5427.646098715521
5994,4610.0628297382455
5995,5427.646098715521
5996,5427.646098715521
5997,5427.646098715521
5998,5427.646098715521
5999,4236.825841350954
6000,4523.158997283172
6001,4371.0365875808175
6002,5252.042295426485
6003,4610.0628297382455
6004,5427.646098715521
6005,5427.646098715521
6006,5252.042295426485
6007,4371.0365875808175
6008,5427.646098715521
6009,5427.646098715521
6010,5252.042295426485
6011,5427.646098715521
6012,4482.034222551239
6013,5427.646098715521
6014,4762.166074452162
6015,5427.646098715521
6016,4371.0365875808175
6017,5427.646098715521
6018,4236.825841350954
6019,5252.042295426485
6020,5427.646098715521
6021,4650.705442163069
6022,4371.0365875808175
6023,4650.705442163069
6024,5252.042295426485
6025,5284.269429124317
6026,5427.646098715521
6027,4610.0628297382455
6028,4610.0628297382455
6029,5427.646098715521
6030,5427.646098715521
6031,5427.646098715521
6032,4809.138839322173
6033,5466.11523710472
6034,5427.646098715521
6035,4762.166074452162
6036,4312.557172529494
6037,4236.825841350954
6038,5427.646098715521
6039,4904.657041198837
6040,4610.0628297382455
6041,5284.269429124317
6042,5427.646098715521
6043,4392.88911621015
6044,5252.042295426485
6045,5427.646098715521
6046,5284.269429124317
6047,4523.158997283172
6048,5427.646098715521
6049,5427.646098715521
6050,5427.646098715521
6051,5427.646098715521
6052,4762.166074452162
6053,5427.646098715521
6054,5427.646098715521
6055,5252.042295426485
6056,5284.269429124317
6057,5427.646098715521
6058,5427.646098715521
6059,4650.705442163069
6060,5252.042295426485
6061,5427.646098715521
6062,4392.88911621015
6063,4371.0365875808175
6064,4610.0628297382455
6065,5427.646098715521
6066,4236.825841350954
6067,5427.646098715521
6068,5427.646098715521
6069,5427.646098715521
6070,4762.166074452162
6071,4988.132889443565
6072,5427.646098715521
6073,5427.646098715521
6074,5427.646098715521
6075,5427.646098715521
6076,5284.269429124317
6077,5427.646098715521
6078,5427.646098715521
6079,5252.042295426485
6080,5427.646098715521
6081,5427.646098715521
6082,5427.646098715521
6083,5284.269429124317
6084,5427.646098715521
6085,5427.646098715521
6086,4904.657041198837
6087,4523.158997283172
6088,4236.825841350954
6089,4610.0628297382455
6090,4523.158997283172
6091,5427.646098715521
6092,4312.557172529494
6093,4236.825841350954
6094,5427.646098715521
6095,5252.042295426485
6096,4610.0628297382455
6097,4236.825841350954
6098,5427.646098715521
6099,5427.646098715521
6100,5427.646098715521
6101,5427.646098715521
6102,4371.0365875808175
6103,5822.719259468348
6104,5427.646098715521
6105,4610.0628297382455
6106,5427.646098715521
6107,5427.646098715521
6108,4904.657041198837
6109,5427.646098715521
6110,4392.88911621015
6111,5427.646098715521
6112,4650.705442163069
6113,5427.646098715521
6114,5427.646098715521
6115,5427.646098715521
6116,4523.158997283172
6117,4523.158997283172
6118,4523.158997283172
6119,4650.705442163069
6120,5427.646098715521
6121,4904.657041198837
6122,4610.0628297382455
6123,5427.646098715521
6124,5252.042295426485
6125,5427.646098715521
6126,5427.646098715521
6127,5427.646098715521
6128,5427.646098715521
6129,5427.646098715521
6130,4610.0628297382455
6131,4809.138839322173
6132,5427.646098715521
6133,5427.646098715521
6134,5252.042295426485
6135,5427.646098715521
6136,4904.657041198837
6137,5427.646098715521
6138,5252.042295426485
6139,5252.042295426485
6140,5252.042295426485
6141,5427.646098715521
6142,4482.034222551239
6143,5427.646098715521
6144,5427.646098715521
6145,4610.0628297382455
6146,5427.646098715521
6147,4904.657041198837
6148,5427.646098715521
6149,5252.042295426485
6150,4610.0628297382455
6151,5427.646098715521
6152,4650.705442163069
6153,4482.034222551239
6154,5427.646098715521
6155,4236.825841350954
6156,4762.166074452162
6157,4371.0365875808175
6158,4371.0365875808175
6159,5427.646098715521
6160,4809.138839322173
6161,5427.646098715521
6162,5427.646098715521
6163,5427.646098715521
6164,4236.825841350954
6165,5427.646098715521
6166,5427.646098715521
6167,4904.657041198837
6168,4610.0628297382455
6169,5427.646098715521
6170,5466.11523710472
6171,5427.646098715521
6172,5427.646098715521
6173,5284.269429124317
6174,4371.0365875808175
6175,5427.646098715521
6176,5427.646098715521
6177,4610.0628297382455
6178,4482.034222551239
6179,4236.825841350954
6180,5427.646098715521
6181,5427.646098715521
6182,4482.034222551239
6183,5252.042295426485
6184,5427.646098715521
6185,4904.657041198837
6186,5427.646098715521
6187,4482.034222551239
6188,4482.034222551239
6189,4236.825841350954
6190,4392.88911621015
6191,4762.166074452162
6192,5284.269429124317
6193,5427.646098715521
6194,5427.646098715521
6195,5252.042295426485
6196,4610.0628297382455
6197,5427.646098715521
6198,5427.646098715521
6199,5427.646098715521
6200,4610.0628297382455
6201,5427.646098715521
6202,4762.166074452162
6203,5252.042295426485
6204,4650.705442163069
6205,5427.646098715521
6206,5252.042295426485
6207,4762.166074452162
6208,5427.646098715521
6209,5252.042295426485
6210,5252.042295426485
6211,5427.646098715521
6212,5252.042295426485
6213,4610.0628297382455
6214,5427.646098715521
6215,5427.646098715521
6216,5427.646098715521
6217,4332.095695225696
6218,4371.0365875808175
6219,5427.646098715521
6220,5427.646098715521
6221,5427.646098715521
6222,4236.825841350954
6223,5427.646098715521
6224,4809.138839322173
6225,4904.657041198837
6226,5427.646098715521
6227,4650.705442163069
6228,5252.042295426485
6229,4523.158997283172
6230,5284.269429124317
6231,4762.166074452162
6232,5427.646098715521
6233,5427.646098715521
6234,4650.705442163069
6235,5427.646098715521
6236,5427.646098715521
6237,4610.0628297382455
6238,4312.557172529494
6239,5427.646098715521
6240,4482.034222551239
6241,5427.646098715521
6242,4650.705442163069
6243,5427.646098715521
6244,5427.646098715521
6245,5427.646098715521
6246,4610.0628297382455
6247,5427.646098715521
6248,4904.657041198837
6249,4650.705442163069
6250,5427.646098715521
6251,4371.0365875808175
6252,5284.269429124317
6253,4762.166074452162
6254,5427.646098715521
6255,5427.646098715521
6256,5252.042295426485
6257,4610.0628297382455
6258,4610.0628297382455
6259,5427.646098715521
6260,5427.646098715521
6261,5427.646098715521
6262,5427.646098715521
6263,4610.0628297382455
6264,4482.034222551239
6265,5252.042295426485
6266,4610.0628297382455
6267,5427.646098715521
6268,5427.646098715521
6269,5427.646098715521
6270,5427.646098715521
6271,5427.646098715521
6272,5427.646098715521
6273,4762.166074452162
6274,4371.0365875808175
6275,5427.646098715521
6276,4371.0365875808175
6277,5427.646098715521
6278,4650.705442163069
6279,4371.0365875808175
6280,4904.657041198837
6281,5427.646098715521
6282,4904.657041198837
6283,5427.646098715521
6284,5427.646098715521
6285,4762.166074452162
6286,5427.646098715521
6287,5427.646098715521
6288,4650.705442163069
6289,4332.095695225696
6290,5427.646098715521
6291,5427.646098715521
6292,4650.705442163069
6293,5427.646098715521
6294,5427.646098715521
6295,5427.646098715521
6296,5427.646098715521
6297,4312.557172529494
6298,4236.825841350954
6299,5252.042295426485
6300,5427.646098715521
6301,4762.166074452162
6302,4610.0628297382455
6303,4762.166074452162
6304,4610.0628297382455
6305,4371.0365875808175
6306,4236.825841350954
6307,5427.646098715521
6308,5427.646098715521
6309,5466.11523710472
6310,5427.646098715521
6311,4236.825841350954
6312,5427.646098715521
6313,5427.646098715521
6314,4762.166074452162
6315,4312.557172529494
6316,4312.557172529494
6317,4392.88911621015
6318,5427.646098715521
6319,5252.042295426485
6320,5427.646098715521
6321,5427.646098715521
6322,4523.158997283172
6323,4988.132889443565
6324,4650.705442163069
6325,5427.646098715521
6326,5427.646098715521
6327,5427.646098715521
6328,5427.646098715521
6329,5252.042295426485
6330,5427.646098715521
6331,4371.0365875808175
6332,5427.646098715521
6333,4371.0365875808175
6334,5427.646098715521
6335,4650.705442163069
6336,5427.646098715521
6337,5427.646098715521
6338,5284.269429124317
6339,4762.166074452162
6340,4523.158997283172
6341,4482.034222551239
6342,5427.646098715521
6343,5427.646098715521
6344,5427.646098715521
6345,4650.705442163069
6346,5427.646098715521
6347,4482.034222551239
6348,5252.042295426485
6349,5427.646098715521
6350,5427.646098715521
6351,5427.646098715521
6352,5427.646098715521
6353,5427.646098715521
6354,5427.646098715521
6355,4371.0365875808175
6356,5427.646098715521
6357,5427.646098715521
6358,5427.646098715521
6359,4392.88911621015
6360,4607.9082893842
6361,5427.646098715521
6362,5427.646098715521
6363,4650.705442163069
6364,5252.042295426485
6365,5427.646098715521
6366,5252.042295426485
6367,5427.646098715521
6368,5252.042295426485
6369,4610.0628297382455
6370,5284.269429124317
6371,5427.646098715521
6372,5252.042295426485
6373,4482.034222551239
6374,4482.034222551239
6375,5427.646098715521
6376,5284.269429124317
6377,5427.646098715521
6378,4482.034222551239
6379,4904.657041198837
6380,5284.269429124317
6381,5252.042295426485
6382,5284.269429124317
6383,5427.646098715521
6384,5427.646098715521
6385,4482.034222551239
6386,4312.557172529494
6387,4809.138839322173
6388,4392.88911621015
6389,5427.646098715521
6390,4523.158997283172
6391,4236.825841350954
6392,5252.042295426485
6393,5822.719259468348
6394,4809.138839322173
6395,5427.646098715521
6396,5427.646098715521
6397,5284.269429124317
6398,5427.646098715521
6399,5427.646098715521
6400,5427.646098715521
6401,5427.646098715521
6402,5427.646098715521
6403,4371.0365875808175
6404,5427.646098715521
6405,4650.705442163069
6406,4236.825841350954
6407,5427.646098715521
6408,5252.042295426485
6409,5822.719259468348
6410,5427.646098715521
6411,4236.825841350954
6412,5427.646098715521
6413,4904.657041198837
6414,4392.88911621015
6415,5427.646098715521
6416,5427.646098715521
6417,5427.646098715521
6418,5427.646098715521
6419,5284.269429124317
6420,4523.158997283172
6421,5427.646098715521
6422,4762.166074452162
6423,5427.646098715521
6424,5427.646098715521
6425,5427.646098715521
6426,5427.646098715521
6427,4762.166074452162
6428,4610.0628297382455
6429,5427.646098715521
6430,5252.042295426485
6431,4904.657041198837
6432,4236.825841350954
6433,5427.646098715521
6434,5252.042295426485
6435,5284.269429124317
6436,4332.095695225696
6437,5427.646098715521
6438,4523.158997283172
6439,4392.88911621015
6440,5427.646098715521
6441,5427.646098715521
6442,5427.646098715521
6443,5427.646098715521
6444,5427.646098715521
6445,4392.88911621015
6446,5427.646098715521
6447,5427.646098715521
6448,4610.0628297382455
6449,5427.646098715521
6450,4904.657041198837
6451,4650.705442163069
6452,5427.646098715521
6453,5427.646098715521
6454,5427.646098715521
6455,4236.825841350954
6456,5252.042295426485
6457,4809.138839322173
6458,4610.0628297382455
6459,5427.646098715521
6460,4523.158997283172
6461,5427.646098715521
6462,5284.269429124317
6463,5427.646098715521
6464,5252.042295426485
6465,4650.705442163069
6466,5427.646098715521
6467,4392.88911621015
6468,5427.646098715521
6469,4371.0365875808175
6470,5252.042295426485
6471,5427.646098715521
6472,5427.646098715521
6473,4523.158997283172
6474,5427.646098715521
6475,5427.646098715521
6476,5427.646098715521
6477,5427.646098715521
6478,4988.132889443565
6479,4392.88911621015
6480,5427.646098715521
6481,5427.646098715521
6482,4523.158997283172
6483,4650.705442163069
6484,5427.646098715521
6485,5427.646098715521
6486,5427.646098715521
6487,4332.095695225696
6488,4392.88911621015
6489,4904.657041198837
6490,4610.0628297382455
6491,4371.0365875808175
6492,5427.646098715521
6493,5427.646098715521
6494,5252.042295426485
6495,5427.646098715521
6496,4371.0365875808175
6497,4482.034222551239
6498,4523.158997283172
6499,4762.166074452162
6500,5284.269429124317
6501,5427.646098715521
6502,5252.042295426485
6503,5427.646098715521
6504,5427.646098715521
6505,5427.646098715521
6506,4610.0628297382455
6507,4809.138839322173
6508,5427.646098715521
6509,4650.705442163069
6510,4371.0365875808175
6511,5466.11523710472
6512,4482.034222551239
6513,4650.705442163069
6514,4610.0628297382455
6515,5427.646098715521
6516,4371.0365875808175
6517,5252.042295426485
6518,4392.88911621015
6519,4236.825841350954
6520,5427.646098715521
6521,5284.269429124317
6522,5427.646098715521
6523,5427.646098715521
6524,5427.646098715521
6525,5284.269429124317
6526,5427.646098715521
6527,5252.042295426485
6528,5252.042295426485
6529,4236.825841350954
6530,5427.646098715521
6531,5252.042295426485
6532,4482.034222551239
6533,4312.557172529494
6534,4610.0628297382455
6535,4371.0365875808175
6536,5427.646098715521
6537,4904.657041198837
6538,4762.166074452162
6539,5427.646098715521
6540,4610.0628297382455
6541,4482.034222551239
6542,4371.0365875808175
6543,4762.166074452162
6544,4762.166074452162
6545,5427.646098715521
6546,5252.042295426485
6547,5427.646098715521
6548,4371.0365875808175
6549,4610.0628297382455
6550,5427.646098715521
6551,5427.646098715521
6552,4482.034222551239
6553,5427.646098715521
6554,5427.646098715521
6555,5427.646098715521
6556,4610.0628297382455
6557,5427.646098715521
6558,4762.166074452162
6559,5427.646098715521
6560,5427.646098715521
6561,4332.095695225696
6562,4610.0628297382455
6563,4650.705442163069
6564,5427.646098715521
6565,5427.646098715521
6566,5427.646098715521
6567,5427.646098715521
6568,5427.646098715521
6569,5252.042295426485
6570,4392.88911621015
6571,4610.0628297382455
6572,4610.0628297382455
6573,4610.0628297382455
6574,5427.646098715521
6575,4650.705442163069
6576,4392.88911621015
6577,5252.042295426485
6578,5427.646098715521
6579,5427.646098715521
6580,4650.705442163069
6581,4762.166074452162
6582,5427.646098715521
6583,4762.166074452162
6584,5284.269429124317
6585,5427.646098715521
6586,5427.646098715521
6587,5427.646098715521
6588,5822.719259468348
6589,5427.646098715521
6590,5427.646098715521
6591,5427.646098715521
6592,5427.646098715521
6593,5427.646098715521
6594,5427.646098715521
6595,4610.0628297382455
6596,4762.166074452162
6597,5252.042295426485
6598,4236.825841350954
6599,4762.166074452162
6600,4650.705442163069
6601,5427.646098715521
6602,5427.646098715521
6603,5427.646098715521
6604,4904.657041198837
6605,5427.646098715521
6606,4392.88911621015
6607,5427.646098715521
6608,5252.042295426485
6609,5427.646098715521
6610,5427.646098715521
6611,5427.646098715521
6612,5427.646098715521
6613,4762.166074452162
6614,4236.825841350954
6615,4762.166074452162
6616,4607.9082893842
6617,5427.646098715521
6618,5427.646098715521
6619,5427.646098715521
6620,5427.646098715521
6621,5427.646098715521
6622,5252.042295426485
6623,5427.646098715521
6624,4392.88911621015
6625,5427.646098715521
6626,5252.042295426485
6627,5822.719259468348
6628,5427.646098715521
6629,5427.646098715521
6630,5252.042295426485
6631,5427.646098715521
6632,5427.646098715521
6633,5427.646098715521
6634,4371.0365875808175
6635,4392.88911621015
6636,4762.166074452162
6637,5427.646098715521
6638,5427.646098715521
6639,5427.646098715521
6640,4904.657041198837
6641,4610.0628297382455
6642,5284.269429124317
6643,4650.705442163069
6644,4610.0628297382455
6645,5427.646098715521
6646,4650.705442163069
6647,4252.590512828671
6648,4610.0628297382455
6649,5427.646098715521
6650,4371.0365875808175
6651,5427.646098715521
6652,4988.132889443565
6653,5252.042295426485
6654,5427.646098715521
6655,5427.646098715521
6656,4610.0628297382455
6657,4610.0628297382455
6658,5427.646098715521
6659,4371.0365875808175
6660,5427.646098715521
6661,4482.034222551239
6662,5427.646098715521
6663,4762.166074452162
6664,5427.646098715521
6665,4988.132889443565
6666,5427.646098715521
6667,4904.657041198837
6668,5427.646098715521
6669,4482.034222551239
6670,5427.646098715521
6671,4650.705442163069
6672,5427.646098715521
6673,5427.646098715521
6674,5427.646098715521
6675,5427.646098715521
6676,5427.646098715521
6677,5284.269429124317
6678,4392.88911621015
6679,4610.0628297382455
6680,4650.705442163069
6681,4236.825841350954
6682,5427.646098715521
6683,5427.646098715521
6684,5427.646098715521
6685,4482.034222551239
6686,5252.042295426485
6687,5427.646098715521
6688,5252.042295426485
6689,5427.646098715521
6690,4610.0628297382455
6691,5427.646098715521
6692,5427.646098715521
6693,5427.646098715521
6694,5284.269429124317
6695,4371.0365875808175
6696,5427.646098715521
6697,5427.646098715521
6698,5427.646098715521
6699,5427.646098715521
6700,5252.042295426485
6701,5427.646098715521
6702,5427.646098715521
6703,4371.0365875808175
6704,5252.042295426485
6705,5427.646098715521
6706,4236.825841350954
6707,4236.825841350954
6708,4523.158997283172
6709,5427.646098715521
6710,4650.705442163069
6711,5427.646098715521
6712,5427.646098715521
6713,4236.825841350954
6714,4523.158997283172
6715,4610.0628297382455
6716,5427.646098715521
6717,5427.646098715521
6718,4762.166074452162
6719,5427.646098715521
6720,5427.646098715521
6721,4650.705442163069
6722,4904.657041198837
6723,5427.646098715521
6724,5427.646098715521
6725,5427.646098715521
6726,4610.0628297382455
6727,4523.158997283172
6728,5427.646098715521
6729,5427.646098715521
6730,5252.042295426485
6731,5427.646098715521
6732,4762.166074452162
6733,4332.095695225696
6734,4904.657041198837
6735,4650.705442163069
6736,5427.646098715521
6737,5427.646098715521
6738,4482.034222551239
6739,5427.646098715521
6740,5427.646098715521
6741,4332.095695225696
6742,4762.166074452162
6743,5284.269429124317
6744,4605.998596447271
6745,5252.042295426485
6746,4610.0628297382455
6747,5427.646098715521
6748,4523.158997283172
6749,5427.646098715521
6750,4236.825841350954
6751,4236.825841350954
6752,4523.158997283172
6753,4904.657041198837
6754,5427.646098715521
6755,5252.042295426485
6756,5427.646098715521
6757,5427.646098715521
6758,4236.825841350954
6759,5284.269429124317
6760,4482.034222551239
6761,5252.042295426485
6762,4312.557172529494
6763,4809.138839322173
6764,5427.646098715521
6765,5427.646098715521
6766,5427.646098715521
6767,4762.166074452162
6768,4904.657041198837
6769,4904.657041198837
6770,5466.11523710472
6771,4650.705442163069
6772,4650.705442163069
6773,4809.138839322173
6774,4392.88911621015
6775,4523.158997283172
6776,5427.646098715521
6777,5427.646098715521
6778,5427.646098715521
6779,5427.646098715521
6780,5822.719259468348
6781,5252.042295426485
6782,4650.705442163069
6783,5427.646098715521
6784,4332.095695225696
6785,5427.646098715521
6786,5427.646098715521
6787,5427.646098715521
6788,4762.166074452162
6789,5252.042295426485
6790,4650.705442163069
6791,4523.158997283172
6792,5427.646098715521
6793,4371.0365875808175
6794,5252.042295426485
6795,4610.0628297382455
6796,4809.138839322173
6797,4236.825841350954
6798,4650.705442163069
6799,5427.646098715521
6800,4371.0365875808175
6801,5252.042295426485
6802,5427.646098715521
6803,4392.88911621015
6804,5427.646098715521
6805,4650.705442163069
6806,5427.646098715521
6807,5252.042295426485
6808,5427.646098715521
6809,5427.646098715521
6810,4392.88911621015
6811,5427.646098715521
6812,5427.646098715521
6813,4482.034222551239
6814,5427.646098715521
6815,4392.88911621015
6816,4482.034222551239
6817,4607.9082893842
6818,4236.825841350954
6819,4392.88911621015
6820,5252.042295426485
6821,5284.269429124317
6822,5252.042295426485
6823,4482.034222551239
6824,4523.158997283172
6825,4904.657041198837
6826,5427.646098715521
6827,4312.557172529494
6828,5427.646098715521
6829,5427.646098715521
6830,5252.042295426485
6831,5252.042295426485
6832,4762.166074452162
6833,5427.646098715521
6834,4610.0628297382455
6835,4610.0628297382455
6836,5427.646098715521
6837,5252.042295426485
6838,4482.034222551239
6839,4610.0628297382455
6840,4482.034222551239
6841,4650.705442163069
6842,4523.158997283172
6843,5427.646098715521
6844,4650.705442163069
6845,5427.646098715521
6846,5427.646098715521
6847,5427.646098715521
6848,5427.646098715521
6849,5766.530148319413
6850,4838.65826928834
6851,5766.530148319413
6852,5766.530148319413
6853,5766.530148319413
6854,5766.530148319413
6855,4529.503919220147
6856,4874.008718227808
6857,4732.912825654623
6858,5724.23168311
6859,4838.65826928834
6860,5766.530148319413
6861,5766.530148319413
6862,5724.23168311
6863,4732.912825654623
6864,5766.530148319413
6865,5766.530148319413
6866,5724.23168311
6867,5766.530148319413
6868,4778.513493959597
6869,5766.530148319413
6870,5062.748987960775
6871,5766.530148319413
6872,4732.912825654623
6873,5766.530148319413
6874,4529.503919220147
6875,5724.23168311
6876,5766.530148319413
6877,5002.398179947377
6878,4732.912825654623
6879,5002.398179947377
6880,5724.23168311
6881,5535.934501501763
6882,5766.530148319413
6883,4838.65826928834
6884,4838.65826928834
6885,5766.530148319413
6886,5766.530148319413
6887,5766.530148319413
6888,5048.844783470854
6889,5666.140130798315
6890,5766.530148319413
6891,5062.748987960775
6892,4708.2008083660385
6893,4529.503919220147
6894,5766.530148319413
6895,5127.4771638712355
6896,4838.65826928834
6897,5535.934501501763
6898,5766.530148319413
6899,4684.648853525065
6900,5724.23168311
6901,5766.530148319413
6902,5535.934501501763
6903,4874.008718227808
6904,5766.530148319413
6905,5766.530148319413
6906,5766.530148319413
6907,5766.530148319413
6908,5062.748987960775
6909,5766.530148319413
6910,5766.530148319413
6911,5724.23168311
6912,5535.934501501763
6913,5766.530148319413
6914,5766.530148319413
6915,5002.398179947377
6916,5724.23168311
6917,5766.530148319413
6918,4684.648853525065
6919,4732.912825654623
6920,4838.65826928834
6921,5766.530148319413
6922,4529.503919220147
6923,5766.530148319413
6924,5766.530148319413
6925,5766.530148319413
6926,5062.748987960775
6927,5344.662564020694
6928,5766.530148319413
6929,5766.530148319413
6930,5766.530148319413
6931,5766.530148319413
6932,5535.934501501763
6933,5766.530148319413
6934,5766.530148319413
6935,5724.23168311
6936,5766.530148319413
6937,5766.530148319413
6938,5766.530148319413
6939,5535.934501501763
6940,5766.530148319413
6941,5766.530148319413
6942,5127.4771638712355
6943,4874.008718227808
6944,4529.503919220147
6945,4838.65826928834
6946,4874.008718227808
6947,5766.530148319413
6948,4708.2008083660385
6949,4529.503919220147
6950,5766.530148319413
6951,5724.23168311
6952,4838.65826928834
6953,4529.503919220147
6954,5766.530148319413
6955,5766.530148319413
6956,5766.530148319413
6957,5766.530148319413
6958,4732.912825654623
6959,6141.051152445709
6960,5766.530148319413
6961,4838.65826928834
6962,5766.530148319413
6963,5766.530148319413
6964,5127.4771638712355
6965,5766.530148319413
6966,4684.648853525065
6967,5766.530148319413
6968,5002.398179947377
6969,5766.530148319413
6970,5766.530148319413
6971,5766.530148319413
6972,4874.008718227808
6973,4874.008718227808
6974,4874.008718227808
6975,5002.398179947377
6976,5766.530148319413
6977,5127.4771638712355
6978,4838.65826928834
6979,5766.530148319413
6980,5724.23168311
6981,5766.530148319413
6982,5766.530148319413
6983,5766.530148319413
6984,5766.530148319413
6985,5766.530148319413
6986,4838.65826928834
6987,5048.844783470854
6988,5766.530148319413
6989,5766.530148319413
6990,5724.23168311
6991,5766.530148319413
6992,5127.4771638712355
6993,5766.530148319413
6994,5724.23168311
6995,5724.23168311
6996,5724.23168311
6997,5766.530148319413
6998,4778.513493959597
6999,5766.530148319413
7000,5766.530148319413
7001,4838.65826928834
7002,5766.530148319413
7003,5127.4771638712355
7004,5766.530148319413
7005,5724.23168311
7006,4838.65826928834
7007,5766.530148319413
7008,5002.398179947377
7009,4778.513493959597
7010,5766.530148319413
7011,4529.503919220147
7012,5062.748987960775
7013,4732.912825654623
7014,4732.912825654623
7015,5766.530148319413
7016,5048.844783470854
7017,5766.530148319413
7018,5766.530148319413
7019,5766.530148319413
7020,4529.503919220147
7021,5766.530148319413
7022,5766.530148319413
7023,5127.4771638712355
7024,4838.65826928834
7025,5766.530148319413
7026,5666.140130798315
7027,5766.530148319413
7028,5766.530148319413
7029,5535.934501501763
7030,4732.912825654623
7031,5766.530148319413
7032,5766.530148319413
7033,4838.65826928834
7034,4778.513493959597
7035,4529.503919220147
7036,5766.530148319413
7037,5766.530148319413
7038,4778.513493959597
7039,5724.23168311
7040,5766.530148319413
7041,5127.4771638712355
7042,5766.530148319413
7043,4778.513493959597
7044,4778.513493959597
7045,4529.503919220147
7046,4684.648853525065
7047,5062.748987960775
7048,5535.934501501763
7049,5766.530148319413
7050,5766.530148319413
7051,5724.23168311
7052,4838.65826928834
7053,5766.530148319413
7054,5766.530148319413
7055,5766.530148319413
7056,4838.65826928834
7057,5766.530148319413
7058,5062.748987960775
7059,5724.23168311
7060,5002.398179947377
7061,5766.530148319413
7062,5724.23168311
7063,5062.748987960775
7064,5766.530148319413
7065,5724.23168311
7066,5724.23168311
7067,5766.530148319413
7068,5724.23168311
7069,4838.65826928834
7070,5766.530148319413
7071,5766.530148319413
7072,5766.530148319413
7073,4483.406700176694
7074,4732.912825654623
7075,5766.530148319413
7076,5766.530148319413
7077,5766.530148319413
7078,4529.503919220147
7079,5766.530148319413
7080,5048.844783470854
7081,5127.4771638712355
7082,5766.530148319413
7083,5002.398179947377
7084,5724.23168311
7085,4874.008718227808
7086,5535.934501501763
7087,5062.748987960775
7088,5766.530148319413
7089,5766.530148319413
7090,5002.398179947377
7091,5766.530148319413
7092,5766.530148319413
7093,4838.65826928834
7094,4708.2008083660385
7095,5766.530148319413
7096,4778.513493959597
7097,5766.530148319413
7098,5002.398179947377
7099,5766.530148319413
7100,5766.530148319413
7101,5766.530148319413
7102,4838.65826928834
7103,5766.530148319413
7104,5127.4771638712355
7105,5002.398179947377
7106,5766.530148319413
7107,4732.912825654623
7108,5535.934501501763
7109,5062.748987960775
7110,5766.530148319413
7111,5766.530148319413
7112,5724.23168311
7113,4838.65826928834
7114,4838.65826928834
7115,5766.530148319413
7116,5766.530148319413
7117,5766.530148319413
7118,5766.530148319413
7119,4838.65826928834
7120,4778.513493959597
7121,5724.23168311
7122,4838.65826928834
7123,5766.530148319413
7124,5766.530148319413
7125,5766.530148319413
7126,5766.530148319413
7127,5766.530148319413
7128,5766.530148319413
7129,5062.748987960775
7130,4732.912825654623
7131,5766.530148319413
7132,4732.912825654623
7133,5766.530148319413
7134,5002.398179947377
7135,4732.912825654623
7136,5127.4771638712355
7137,5766.530148319413
7138,5127.4771638712355
7139,5766.530148319413
7140,5766.530148319413
7141,5062.748987960775
7142,5766.530148319413
7143,5766.530148319413
7144,5002.398179947377
7145,4483.406700176694
7146,5766.530148319413
7147,5766.530148319413
7148,5002.398179947377
7149,5766.530148319413
7150,5766.530148319413
7151,5766.530148319413
7152,5766.530148319413
7153,4708.2008083660385
7154,4529.503919220147
7155,5724.23168311
7156,5766.530148319413
7157,5062.748987960775
7158,4838.65826928834
7159,5062.748987960775
7160,4838.65826928834
7161,4732.912825654623
7162,4529.503919220147
7163,5766.530148319413
7164,5766.530148319413
7165,5666.140130798315
7166,5766.530148319413
7167,4529.503919220147
7168,5766.530148319413
7169,5766.530148319413
7170,5062.748987960775
7171,4708.2008083660385
7172,4708.2008083660385
7173,4684.648853525065
7174,5766.530148319413
7175,5724.23168311
7176,5766.530148319413
7177,5766.530148319413
7178,4874.008718227808
7179,5344.662564020694
7180,5002.398179947377
7181,5766.530148319413
7182,5766.530148319413
7183,5766.530148319413
7184,5766.530148319413
7185,5724.23168311
7186,5766.530148319413
7187,4732.912825654623
7188,5766.530148319413
7189,4732.912825654623
7190,5766.530148319413
7191,5002.398179947377
7192,5766.530148319413
7193,5766.530148319413
7194,5535.934501501763
7195,5062.748987960775
7196,4874.008718227808
7197,4778.513493959597
7198,5766.530148319413
7199,5766.530148319413
7200,5766.530148319413
7201,5002.398179947377
7202,5766.530148319413
7203,4778.513493959597
7204,5724.23168311
7205,5766.530148319413
7206,5766.530148319413
7207,5766.530148319413
7208,5766.530148319413
7209,5766.530148319413
7210,5766.530148319413
7211,4732.912825654623
7212,5766.530148319413
7213,5766.530148319413
7214,5766.530148319413
7215,4684.648853525065
7216,4890.1547184951
7217,5766.530148319413
7218,5766.530148319413
7219,5002.398179947377
7220,5724.23168311
7221,5766.530148319413
7222,5724.23168311
7223,5766.530148319413
7224,5724.23168311
7225,4838.65826928834
7226,5535.934501501763
7227,5766.530148319413
7228,5724.23168311
7229,4778.513493959597
7230,4778.513493959597
7231,5766.530148319413
7232,5535.934501501763
7233,5766.530148319413
7234,4778.513493959597
7235,5127.4771638712355
7236,5535.934501501763
7237,5724.23168311
7238,5535.934501501763
7239,5766.530148319413
7240,5766.530148319413
7241,4778.513493959597
7242,4708.2008083660385
7243,5048.844783470854
7244,4684.648853525065
7245,5766.530148319413
7246,4874.008718227808
7247,4529.503919220147
7248,5724.23168311
7249,6141.051152445709
7250,5048.844783470854
7251,5766.530148319413
7252,5766.530148319413
7253,5535.934501501763
7254,5766.530148319413
7255,5766.530148319413
7256,5766.530148319413
7257,5766.530148319413
7258,5766.530148319413
7259,4732.912825654623
7260,5766.530148319413
7261,5002.398179947377
7262,4529.503919220147
7263,5766.530148319413
7264,5724.23168311
7265,6141.051152445709
7266,5766.530148319413
7267,4529.503919220147
7268,5766.530148319413
7269,5127.4771638712355
7270,4684.648853525065
7271,5766.530148319413
7272,5766.530148319413
7273,5766.530148319413
7274,5766.530148319413
7275,5535.934501501763
7276,4874.008718227808
7277,5766.530148319413
7278,5062.748987960775
7279,5766.530148319413
7280,5766.530148319413
7281,5766.530148319413
7282,5766.530148319413
7283,5062.748987960775
7284,4838.65826928834
7285,5766.530148319413
7286,5724.23168311
7287,5127.4771638712355
7288,4529.503919220147
7289,5766.530148319413
7290,5724.23168311
7291,5535.934501501763
7292,4483.406700176694
7293,5766.530148319413
7294,4874.008718227808
7295,4684.648853525065
7296,5766.530148319413
7297,5766.530148319413
7298,5766.530148319413
7299,5766.530148319413
7300,5766.530148319413
7301,4684.648853525065
7302,5766.530148319413
7303,5766.530148319413
7304,4838.65826928834
7305,5766.530148319413
7306,5127.4771638712355
7307,5002.398179947377
7308,5766.530148319413
7309,5766.530148319413
7310,5766.530148319413
7311,4529.503919220147
7312,5724.23168311
7313,5048.844783470854
7314,4838.65826928834
7315,5766.530148319413
7316,4874.008718227808
7317,5766.530148319413
7318,5535.934501501763
7319,5766.530148319413
7320,5724.23168311
7321,5002.398179947377
7322,5766.530148319413
7323,4684.648853525065
7324,5766.530148319413
7325,4732.912825654623
7326,5724.23168311
7327,5766.530148319413
7328,5766.530148319413
7329,4874.008718227808
7330,5766.530148319413
7331,5766.530148319413
7332,5766.530148319413
7333,5766.530148319413
7334,5344.662564020694
7335,4684.648853525065
7336,5766.530148319413
7337,5766.530148319413
7338,4874.008718227808
7339,5002.398179947377
7340,5766.530148319413
7341,5766.530148319413
7342,5766.530148319413
7343,4483.406700176694
7344,4684.648853525065
7345,5127.4771638712355
7346,4838.65826928834
7347,4732.912825654623
7348,5766.530148319413
7349,5766.530148319413
7350,5724.23168311
7351,5766.530148319413
7352,4732.912825654623
7353,4778.513493959597
7354,4874.008718227808
7355,5062.748987960775
7356,5535.934501501763
7357,5766.530148319413
7358,5724.23168311
7359,5766.530148319413
7360,5766.530148319413
7361,5766.530148319413
7362,4838.65826928834
7363,5048.844783470854
7364,5766.530148319413
7365,5002.398179947377
7366,4732.912825654623
7367,5666.140130798315
7368,4778.513493959597
7369,5002.398179947377
7370,4838.65826928834
7371,5766.530148319413
7372,4732.912825654623
7373,5724.23168311
7374,4684.648853525065
7375,4529.503919220147
7376,5766.530148319413
7377,5535.934501501763
7378,5766.530148319413
7379,5766.530148319413
7380,5766.530148319413
7381,5535.934501501763
7382,5766.530148319413
7383,5724.23168311
7384,5724.23168311
7385,4529.503919220147
7386,5766.530148319413
7387,5724.23168311
7388,4778.513493959597
7389,4708.2008083660385
7390,4838.65826928834
7391,4732.912825654623
7392,5766.530148319413
7393,5127.4771638712355
7394,5062.748987960775
7395,5766.530148319413
7396,4838.65826928834
7397,4778.513493959597
7398,4732.912825654623
7399,5062.748987960775
7400,5062.748987960775
7401,5766.530148319413
7402,5724.23168311
7403,5766.530148319413
7404,4732.912825654623
7405,4838.65826928834
7406,5766.530148319413
7407,5766.530148319413
7408,4778.513493959597
7409,5766.530148319413
7410,5766.530148319413
7411,5766.530148319413
7412,4838.65826928834
7413,5766.530148319413
7414,5062.748987960775
7415,5766.530148319413
7416,5766.530148319413
7417,4483.406700176694
7418,4838.65826928834
7419,5002.398179947377
7420,5766.530148319413
7421,5766.530148319413
7422,5766.530148319413
7423,5766.530148319413
7424,5766.530148319413
7425,5724.23168311
7426,4684.648853525065
7427,4838.65826928834
7428,4838.65826928834
7429,4838.65826928834
7430,5766.530148319413
7431,5002.398179947377
7432,4684.648853525065
7433,5724.23168311
7434,5766.530148319413
7435,5766.530148319413
7436,5002.398179947377
7437,5062.748987960775
7438,5766.530148319413
7439,5062.748987960775
7440,5535.934501501763
7441,5766.530148319413
7442,5766.530148319413
7443,5766.530148319413
7444,6141.051152445709
7445,5766.530148319413
7446,5766.530148319413
7447,5766.530148319413
7448,5766.530148319413
7449,5766.530148319413
7450,5766.530148319413
7451,4838.65826928834
7452,5062.748987960775
7453,5724.23168311
7454,4529.503919220147
7455,5062.748987960775
7456,5002.398179947377
7457,5766.530148319413
7458,5766.530148319413
7459,5766.530148319413
7460,5127.4771638712355
7461,5766.530148319413
7462,4684.648853525065
7463,5766.530148319413
7464,5724.23168311
7465,5766.530148319413
7466,5766.530148319413
7467,5766.530148319413
7468,5766.530148319413
7469,5062.748987960775
7470,4529.503919220147
7471,5062.748987960775
7472,4890.1547184951
7473,5766.530148319413
7474,5766.530148319413
7475,5766.530148319413
7476,5766.530148319413
7477,5766.530148319413
7478,5724.23168311
7479,5766.530148319413
7480,4684.648853525065
7481,5766.530148319413
7482,5724.23168311
7483,6141.051152445709
7484,5766.530148319413
7485,5766.530148319413
7486,5724.23168311
7487,5766.530148319413
7488,5766.530148319413
7489,5766.530148319413
7490,4732.912825654623
7491,4684.648853525065
7492,5062.748987960775
7493,5766.530148319413
7494,5766.530148319413
7495,5766.530148319413
7496,5127.4771638712355
7497,4838.65826928834
7498,5535.934501501763
7499,5002.398179947377
7500,4838.65826928834
7501,5766.530148319413
7502,5002.398179947377
7503,4275.926755788722
7504,4838.65826928834
7505,5766.530148319413
7506,4732.912825654623
7507,5766.530148319413
7508,5344.662564020694
7509,5724.23168311
7510,5766.530148319413
7511,5766.530148319413
7512,4838.65826928834
7513,4838.65826928834
7514,5766.530148319413
7515,4732.912825654623
7516,5766.530148319413
7517,4778.513493959597
7518,5766.530148319413
7519,5062.748987960775
7520,5766.530148319413
7521,5344.662564020694
7522,5766.530148319413
7523,5127.4771638712355
7524,5766.530148319413
7525,4778.513493959597
7526,5766.530148319413
7527,5002.398179947377
7528,5766.530148319413
7529,5766.530148319413
7530,5766.530148319413
7531,5766.530148319413
7532,5766.530148319413
7533,5535.934501501763
7534,4684.648853525065
7535,4838.65826928834
7536,5002.398179947377
7537,4529.503919220147
7538,5766.530148319413
7539,5766.530148319413
7540,5766.530148319413
7541,4778.513493959597
7542,5724.23168311
7543,5766.530148319413
7544,5724.23168311
7545,5766.530148319413
7546,4838.65826928834
7547,5766.530148319413
7548,5766.530148319413
7549,5766.530148319413
7550,5535.934501501763
7551,4732.912825654623
7552,5766.530148319413
7553,5766.530148319413
7554,5766.530148319413
7555,5766.530148319413
7556,5724.23168311
7557,5766.530148319413
7558,5766.530148319413
7559,4732.912825654623
7560,5724.23168311
7561,5766.530148319413
7562,4529.503919220147
7563,4529.503919220147
7564,4874.008718227808
7565,5766.530148319413
7566,5002.398179947377
7567,5766.530148319413
7568,5766.530148319413
7569,4529.503919220147
7570,4874.008718227808
7571,4838.65826928834
7572,5766.530148319413
7573,5766.530148319413
7574,5062.748987960775
7575,5766.530148319413
7576,5766.530148319413
7577,5002.398179947377
7578,5127.4771638712355
7579,5766.530148319413
7580,5766.530148319413
7581,5766.530148319413
7582,4838.65826928834
7583,4874.008718227808
7584,5766.530148319413
7585,5766.530148319413
7586,5724.23168311
7587,5766.530148319413
7588,5062.748987960775
7589,4483.406700176694
7590,5127.4771638712355
7591,5002.398179947377
7592,5766.530148319413
7593,5766.530148319413
7594,4778.513493959597
7595,5766.530148319413
7596,5766.530148319413
7597,4483.406700176694
7598,5062.748987960775
7599,5535.934501501763
7600,4992.0963563637515
7601,5724.23168311
7602,4838.65826928834
7603,5766.530148319413
7604,4874.008718227808
7605,5766.530148319413
7606,4529.503919220147
7607,4529.503919220147
7608,4874.008718227808
7609,5127.4771638712355
7610,5766.530148319413
7611,5724.23168311
7612,5766.530148319413
7613,5766.530148319413
7614,4529.503919220147
7615,5535.934501501763
7616,4778.513493959597
7617,5724.23168311
7618,4708.2008083660385
7619,5048.844783470854
7620,5766.530148319413
7621,5766.530148319413
7622,5766.530148319413
7623,5062.748987960775
7624,5127.4771638712355
7625,5127.4771638712355
7626,5666.140130798315
7627,5002.398179947377
7628,5002.398179947377
7629,5048.844783470854
7630,4684.648853525065
7631,4874.008718227808
7632,5766.530148319413
7633,5766.530148319413
7634,5766.530148319413
7635,5766.530148319413
7636,6141.051152445709
7637,5724.23168311
7638,5002.398179947377
7639,5766.530148319413
7640,4483.406700176694
7641,5766.530148319413
7642,5766.530148319413
7643,5766.530148319413
7644,5062.748987960775
7645,5724.23168311
7646,5002.398179947377
7647,4874.008718227808
7648,5766.530148319413
7649,4732.912825654623
7650,5724.23168311
7651,4838.65826928834
7652,5048.844783470854
7653,4529.503919220147
7654,5002.398179947377
7655,5766.530148319413
7656,4732.912825654623
7657,5724.23168311
7658,5766.530148319413
7659,4684.648853525065
7660,5766.530148319413
7661,5002.398179947377
7662,5766.530148319413
7663,5724.23168311
7664,5766.530148319413
7665,5766.530148319413
7666,4684.648853525065
7667,5766.530148319413
7668,5766.530148319413
7669,4778.513493959597
7670,5766.530148319413
7671,4684.648853525065
7672,4778.513493959597
7673,4890.1547184951
7674,4529.503919220147
7675,4684.648853525065
7676,5724.23168311
7677,5535.934501501763
7678,5724.23168311
7679,4778.513493959597
7680,4874.008718227808
7681,5127.4771638712355
7682,5766.530148319413
7683,4708.2008083660385
7684,5766.530148319413
7685,5766.530148319413
7686,5724.23168311
7687,5724.23168311
7688,5062.748987960775
7689,5766.530148319413
7690,4838.65826928834
7691,4838.65826928834
7692,5766.530148319413
7693,5724.23168311
7694,4778.513493959597
7695,4838.65826928834
7696,4778.513493959597
7697,5002.398179947377
7698,4874.008718227808
7699,5766.530148319413
7700,5002.398179947377
7701,5766.530148319413
7702,5766.530148319413
7703,5766.530148319413
7704,5766.530148319413
7705,6004.592038013104
7706,4991.070032898287
7707,6004.592038013104
7708,6004.592038013104
7709,6004.592038013104
7710,6004.592038013104
7711,4675.038993996703
7712,5026.072625716574
7713,4774.02033661311
7714,5807.033562317161
7715,4991.070032898287
7716,6004.592038013104
7717,6004.592038013104
7718,5807.033562317161
7719,4774.02033661311
7720,6004.592038013104
7721,6004.592038013104
7722,5807.033562317161
7723,6004.592038013104
7724,4901.824836099693
7725,6004.592038013104
7726,5178.286986436136
7727,6004.592038013104
7728,4774.02033661311
7729,6004.592038013104
7730,4675.038993996703
7731,5807.033562317161
7732,6004.592038013104
7733,5033.278505203972
7734,4774.02033661311
7735,5033.278505203972
7736,5807.033562317161
7737,5737.967038497247
7738,6004.592038013104
7739,4991.070032898287
7740,4991.070032898287
7741,6004.592038013104
7742,6004.592038013104
7743,6004.592038013104
7744,5188.126611725252
7745,5782.597014785518
7746,6004.592038013104
7747,5178.286986436136
7748,4721.092957096981
7749,4675.038993996703
7750,6004.592038013104
7751,5306.186906381187
7752,4991.070032898287
7753,5737.967038497247
7754,6004.592038013104
7755,4823.766432271195
7756,5807.033562317161
7757,6004.592038013104
7758,5737.967038497247
7759,5026.072625716574
7760,6004.592038013104
7761,6004.592038013104
7762,6004.592038013104
7763,6004.592038013104
7764,5178.286986436136
7765,6004.592038013104
7766,6004.592038013104
7767,5807.033562317161
7768,5737.967038497247
7769,6004.592038013104
7770,6004.592038013104
7771,5033.278505203972
7772,5807.033562317161
7773,6004.592038013104
7774,4823.766432271195
7775,4774.02033661311
7776,4991.070032898287
7777,6004.592038013104
7778,4675.038993996703
7779,6004.592038013104
7780,6004.592038013104
7781,6004.592038013104
7782,5178.286986436136
7783,5386.850735314002
7784,6004.592038013104
7785,6004.592038013104
7786,6004.592038013104
7787,6004.592038013104
7788,5737.967038497247
7789,6004.592038013104
7790,6004.592038013104
7791,5807.033562317161
7792,6004.592038013104
7793,6004.592038013104
7794,6004.592038013104
7795,5737.967038497247
7796,6004.592038013104
7797,6004.592038013104
7798,5306.186906381187
7799,5026.072625716574
7800,4675.038993996703
7801,4991.070032898287
7802,5026.072625716574
7803,6004.592038013104
7804,4721.092957096981
7805,4675.038993996703
7806,6004.592038013104
7807,5807.033562317161
7808,4991.070032898287
7809,4675.038993996703
7810,6004.592038013104
7811,6004.592038013104
7812,6004.592038013104
7813,6004.592038013104
7814,4774.02033661311
7815,6230.908572340731
7816,6004.592038013104
7817,4991.070032898287
7818,6004.592038013104
7819,6004.592038013104
7820,5306.186906381187
7821,6004.592038013104
7822,4823.766432271195
7823,6004.592038013104
7824,5033.278505203972
7825,6004.592038013104
7826,6004.592038013104
7827,6004.592038013104
7828,5026.072625716574
7829,5026.072625716574
7830,5026.072625716574
7831,5033.278505203972
7832,6004.592038013104
7833,5306.186906381187
7834,4991.070032898287
7835,6004.592038013104
7836,5807.033562317161
7837,6004.592038013104
7838,6004.592038013104
7839,6004.592038013104
7840,6004.592038013104
7841,6004.592038013104
7842,4991.070032898287
7843,5188.126611725252
7844,6004.592038013104
7845,6004.592038013104
7846,5807.033562317161
7847,6004.592038013104
7848,5306.186906381187
7849,6004.592038013104
7850,5807.033562317161
7851,5807.033562317161
7852,5807.033562317161
7853,6004.592038013104
7854,4901.824836099693
7855,6004.592038013104
7856,6004.592038013104
7857,4991.070032898287
7858,6004.592038013104
7859,5306.186906381187
7860,6004.592038013104
7861,5807.033562317161
7862,4991.070032898287
7863,6004.592038013104
7864,5033.278505203972
7865,4901.824836099693
7866,6004.592038013104
7867,4675.038993996703
7868,5178.286986436136
7869,4774.02033661311
7870,4774.02033661311
7871,6004.592038013104
7872,5188.126611725252
7873,6004.592038013104
7874,6004.592038013104
7875,6004.592038013104
7876,4675.038993996703
7877,6004.592038013104
7878,6004.592038013104
7879,5306.186906381187
7880,4991.070032898287
7881,6004.592038013104
7882,5782.597014785518
7883,6004.592038013104
7884,6004.592038013104
7885,5737.967038497247
7886,4774.02033661311
7887,6004.592038013104
7888,6004.592038013104
7889,4991.070032898287
7890,4901.824836099693
7891,4675.038993996703
7892,6004.592038013104
7893,6004.592038013104
7894,4901.824836099693
7895,5807.033562317161
7896,6004.592038013104
7897,5306.186906381187
7898,6004.592038013104
7899,4901.824836099693
7900,4901.824836099693
7901,4675.038993996703
7902,4823.766432271195
7903,5178.286986436136
7904,5737.967038497247
7905,6004.592038013104
7906,6004.592038013104
7907,5807.033562317161
7908,4991.070032898287
7909,6004.592038013104
7910,6004.592038013104
7911,6004.592038013104
7912,4991.070032898287
7913,6004.592038013104
7914,5178.286986436136
7915,5807.033562317161
7916,5033.278505203972
7917,6004.592038013104
7918,5807.033562317161
7919,5178.286986436136
7920,6004.592038013104
7921,5807.033562317161
7922,5807.033562317161
7923,6004.592038013104
7924,5807.033562317161
7925,4991.070032898287
7926,6004.592038013104
7927,6004.592038013104
7928,6004.592038013104
7929,4603.618402926571
7930,4774.02033661311
7931,6004.592038013104
7932,6004.592038013104
7933,6004.592038013104
7934,4675.038993996703
7935,6004.592038013104
7936,5188.126611725252
7937,5306.186906381187
7938,6004.592038013104
7939,5033.278505203972
7940,5807.033562317161
7941,5026.072625716574
7942,5737.967038497247
7943,5178.286986436136
7944,6004.592038013104
7945,6004.592038013104
7946,5033.278505203972
7947,6004.592038013104
7948,6004.592038013104
7949,4991.070032898287
7950,4721.092957096981
7951,6004.592038013104
7952,4901.824836099693
7953,6004.592038013104
7954,5033.278505203972
7955,6004.592038013104
7956,6004.592038013104
7957,6004.592038013104
7958,4991.070032898287
7959,6004.592038013104
7960,5306.186906381187
7961,5033.278505203972
7962,6004.592038013104
7963,4774.02033661311
7964,5737.967038497247
7965,5178.286986436136
7966,6004.592038013104
7967,6004.592038013104
7968,5807.033562317161
7969,4991.070032898287
7970,4991.070032898287
7971,6004.592038013104
7972,6004.592038013104
7973,6004.592038013104
7974,6004.592038013104
7975,4991.070032898287
7976,4901.824836099693
7977,5807.033562317161
7978,4991.070032898287
7979,6004.592038013104
7980,6004.592038013104
7981,6004.592038013104
7982,6004.592038013104
7983,6004.592038013104
7984,6004.592038013104
7985,5178.286986436136
7986,4774.02033661311
7987,6004.592038013104
7988,4774.02033661311
7989,6004.592038013104
7990,5033.278505203972
7991,4774.02033661311
7992,5306.186906381187
7993,6004.592038013104
7994,5306.186906381187
7995,6004.592038013104
7996,6004.592038013104
7997,5178.286986436136
7998,6004.592038013104
7999,6004.592038013104
8000,5033.278505203972
8001,4603.618402926571
8002,6004.592038013104
8003,6004.592038013104
8004,5033.278505203972
8005,6004.592038013104
8006,6004.592038013104
8007,6004.592038013104
8008,6004.592038013104
8009,4721.092957096981
8010,4675.038993996703
8011,5807.033562317161
8012,6004.592038013104
8013,5178.286986436136
8014,4991.070032898287
8015,5178.286986436136
8016,4991.070032898287
8017,4774.02033661311
8018,4675.038993996703
8019,6004.592038013104
8020,6004.592038013104
8021,5782.597014785518
8022,6004.592038013104
8023,4675.038993996703
8024,6004.592038013104
8025,6004.592038013104
8026,5178.286986436136
8027,4721.092957096981
8028,4721.092957096981
8029,4823.766432271195
8030,6004.592038013104
8031,5807.033562317161
8032,6004.592038013104
8033,6004.592038013104
8034,5026.072625716574
8035,5386.850735314002
8036,5033.278505203972
8037,6004.592038013104
8038,6004.592038013104
8039,6004.592038013104
8040,6004.592038013104
8041,5807.033562317161
8042,6004.592038013104
8043,4774.02033661311
8044,6004.592038013104
8045,4774.02033661311
8046,6004.592038013104
8047,5033.278505203972
8048,6004.592038013104
8049,6004.592038013104
8050,5737.967038497247
8051,5178.286986436136
8052,5026.072625716574
8053,4901.824836099693
8054,6004.592038013104
8055,6004.592038013104
8056,6004.592038013104
8057,5033.278505203972
8058,6004.592038013104
8059,4901.824836099693
8060,5807.033562317161
8061,6004.592038013104
8062,6004.592038013104
8063,6004.592038013104
8064,6004.592038013104
8065,6004.592038013104
8066,6004.592038013104
8067,4774.02033661311
8068,6004.592038013104
8069,6004.592038013104
8070,6004.592038013104
8071,4823.766432271195
8072,4934.394237005376
8073,6004.592038013104
8074,6004.592038013104
8075,5033.278505203972
8076,5807.033562317161
8077,6004.592038013104
8078,5807.033562317161
8079,6004.592038013104
8080,5807.033562317161
8081,4991.070032898287
8082,5737.967038497247
8083,6004.592038013104
8084,5807.033562317161
8085,4901.824836099693
8086,4901.824836099693
8087,6004.592038013104
8088,5737.967038497247
8089,6004.592038013104
8090,4901.824836099693
8091,5306.186906381187
8092,5737.967038497247
8093,5807.033562317161
8094,5737.967038497247
8095,6004.592038013104
8096,6004.592038013104
8097,4901.824836099693
8098,4721.092957096981
8099,5188.126611725252
8100,4823.766432271195
8101,6004.592038013104
8102,5026.072625716574
8103,4675.038993996703
8104,5807.033562317161
8105,6230.908572340731
8106,5188.126611725252
8107,6004.592038013104
8108,6004.592038013104
8109,5737.967038497247
8110,6004.592038013104
8111,6004.592038013104
8112,6004.592038013104
8113,6004.592038013104
8114,6004.592038013104
8115,4774.02033661311
8116,6004.592038013104
8117,5033.278505203972
8118,4675.038993996703
8119,6004.592038013104
8120,5807.033562317161
8121,6230.908572340731
8122,6004.592038013104
8123,4675.038993996703
8124,6004.592038013104
8125,5306.186906381187
8126,4823.766432271195
8127,6004.592038013104
8128,6004.592038013104
8129,6004.592038013104
8130,6004.592038013104
8131,5737.967038497247
8132,5026.072625716574
8133,6004.592038013104
8134,5178.286986436136
8135,6004.592038013104
8136,6004.592038013104
8137,6004.592038013104
8138,6004.592038013104
8139,5178.286986436136
8140,4991.070032898287
8141,6004.592038013104
8142,5807.033562317161
8143,5306.186906381187
8144,4675.038993996703
8145,6004.592038013104
8146,5807.033562317161
8147,5737.967038497247
8148,4603.618402926571
8149,6004.592038013104
8150,5026.072625716574
8151,4823.766432271195
8152,6004.592038013104
8153,6004.592038013104
8154,6004.592038013104
8155,6004.592038013104
8156,6004.592038013104
8157,4823.766432271195
8158,6004.592038013104
8159,6004.592038013104
8160,4991.070032898287
8161,6004.592038013104
8162,5306.186906381187
8163,5033.278505203972
8164,6004.592038013104
8165,6004.592038013104
8166,6004.592038013104
8167,4675.038993996703
8168,5807.033562317161
8169,5188.126611725252
8170,4991.070032898287
8171,6004.592038013104
8172,5026.072625716574
8173,6004.592038013104
8174,5737.967038497247
8175,6004.592038013104
8176,5807.033562317161
8177,5033.278505203972
8178,6004.592038013104
8179,4823.766432271195
8180,6004.592038013104
8181,4774.02033661311
8182,5807.033562317161
8183,6004.592038013104
8184,6004.592038013104
8185,5026.072625716574
8186,6004.592038013104
8187,6004.592038013104
8188,6004.592038013104
8189,6004.592038013104
8190,5386.850735314002
8191,4823.766432271195
8192,6004.592038013104
8193,6004.592038013104
8194,5026.072625716574
8195,5033.278505203972
8196,6004.592038013104
8197,6004.592038013104
8198,6004.592038013104
8199,4603.618402926571
8200,4823.766432271195
8201,5306.186906381187
8202,4991.070032898287
8203,4774.02033661311
8204,6004.592038013104
8205,6004.592038013104
8206,5807.033562317161
8207,6004.592038013104
8208,4774.02033661311
8209,4901.824836099693
8210,5026.072625716574
8211,5178.286986436136
8212,5737.967038497247
8213,6004.592038013104
8214,5807.033562317161
8215,6004.592038013104
8216,6004.592038013104
8217,6004.592038013104
8218,4991.070032898287
8219,5188.126611725252
8220,6004.592038013104
8221,5033.278505203972
8222,4774.02033661311
8223,5782.597014785518
8224,4901.824836099693
8225,5033.278505203972
8226,4991.070032898287
8227,6004.592038013104
8228,4774.02033661311
8229,5807.033562317161
8230,4823.766432271195
8231,4675.038993996703
8232,6004.592038013104
8233,5737.967038497247
8234,6004.592038013104
8235,6004.592038013104
8236,6004.592038013104
8237,5737.967038497247
8238,6004.592038013104
8239,5807.033562317161
8240,5807.033562317161
8241,4675.038993996703
8242,6004.592038013104
8243,5807.033562317161
8244,4901.824836099693
8245,4721.092957096981
8246,4991.070032898287
8247,4774.02033661311
8248,6004.592038013104
8249,5306.186906381187
8250,5178.286986436136
8251,6004.592038013104
8252,4991.070032898287
8253,4901.824836099693
8254,4774.02033661311
8255,5178.286986436136
8256,5178.286986436136
8257,6004.592038013104
8258,5807.033562317161
8259,6004.592038013104
8260,4774.02033661311
8261,4991.070032898287
8262,6004.592038013104
8263,6004.592038013104
8264,4901.824836099693
8265,6004.592038013104
8266,6004.592038013104
8267,6004.592038013104
8268,4991.070032898287
8269,6004.592038013104
8270,5178.286986436136
8271,6004.592038013104
8272,6004.592038013104
8273,4603.618402926571
8274,4991.070032898287
8275,5033.278505203972
8276,6004.592038013104
8277,6004.592038013104
8278,6004.592038013104
8279,6004.592038013104
8280,6004.592038013104
8281,5807.033562317161
8282,4823.766432271195
8283,4991.070032898287
8284,4991.070032898287
8285,4991.070032898287
8286,6004.592038013104
8287,5033.278505203972
8288,4823.766432271195
8289,5807.033562317161
8290,6004.592038013104
8291,6004.592038013104
8292,5033.278505203972
8293,5178.286986436136
8294,6004.592038013104
8295,5178.286986436136
8296,5737.967038497247
8297,6004.592038013104
8298,6004.592038013104
8299,6004.592038013104
8300,6230.908572340731
8301,6004.592038013104
8302,6004.592038013104
8303,6004.592038013104
8304,6004.592038013104
8305,6004.592038013104
8306,6004.592038013104
8307,4991.070032898287
8308,5178.286986436136
8309,5807.033562317161
8310,4675.038993996703
8311,5178.286986436136
8312,5033.278505203972
8313,6004.592038013104
8314,6004.592038013104
8315,6004.592038013104
8316,5306.186906381187
8317,6004.592038013104
8318,4823.766432271195
8319,6004.592038013104
8320,5807.033562317161
8321,6004.592038013104
8322,6004.592038013104
8323,6004.592038013104
8324,6004.592038013104
8325,5178.286986436136
8326,4675.038993996703
8327,5178.286986436136
8328,4934.394237005376
8329,6004.592038013104
8330,6004.592038013104
8331,6004.592038013104
8332,6004.592038013104
8333,6004.592038013104
8334,5807.033562317161
8335,6004.592038013104
8336,4823.766432271195
8337,6004.592038013104
8338,5807.033562317161
8339,6230.908572340731
8340,6004.592038013104
8341,6004.592038013104
8342,5807.033562317161
8343,6004.592038013104
8344,6004.592038013104
8345,6004.592038013104
8346,4774.02033661311
8347,4823.766432271195
8348,5178.286986436136
8349,6004.592038013104
8350,6004.592038013104
8351,6004.592038013104
8352,5306.186906381187
8353,4991.070032898287
8354,5737.967038497247
8355,5033.278505203972
8356,4991.070032898287
8357,6004.592038013104
8358,5033.278505203972
8359,4275.926755788722
8360,4991.070032898287
8361,6004.592038013104
8362,4774.02033661311
8363,6004.592038013104
8364,5386.850735314002
8365,5807.033562317161
8366,6004.592038013104
8367,6004.592038013104
8368,4991.070032898287
8369,4991.070032898287
8370,6004.592038013104
8371,4774.02033661311
8372,6004.592038013104
8373,4901.824836099693
8374,6004.592038013104
8375,5178.286986436136
8376,6004.592038013104
8377,5386.850735314002
8378,6004.592038013104
8379,5306.186906381187
8380,6004.592038013104
8381,4901.824836099693
8382,6004.592038013104
8383,5033.278505203972
8384,6004.592038013104
8385,6004.592038013104
8386,6004.592038013104
8387,6004.592038013104
8388,6004.592038013104
8389,5737.967038497247
8390,4823.766432271195
8391,4991.070032898287
8392,5033.278505203972
8393,4675.038993996703
8394,6004.592038013104
8395,6004.592038013104
8396,6004.592038013104
8397,4901.824836099693
8398,5807.033562317161
8399,6004.592038013104
8400,5807.033562317161
8401,6004.592038013104
8402,4991.070032898287
8403,6004.592038013104
8404,6004.592038013104
8405,6004.592038013104
8406,5737.967038497247
8407,4774.02033661311
8408,6004.592038013104
8409,6004.592038013104
8410,6004.592038013104
8411,6004.592038013104
8412,5807.033562317161
8413,6004.592038013104
8414,6004.592038013104
8415,4774.02033661311
8416,5807.033562317161
8417,6004.592038013104
8418,4675.038993996703
8419,4675.038993996703
8420,5026.072625716574
8421,6004.592038013104
8422,5033.278505203972
8423,6004.592038013104
8424,6004.592038013104
8425,4675.038993996703
8426,5026.072625716574
8427,4991.070032898287
8428,6004.592038013104
8429,6004.592038013104
8430,5178.286986436136
8431,6004.592038013104
8432,6004.592038013104
8433,5033.278505203972
8434,5306.186906381187
8435,6004.592038013104
8436,6004.592038013104
8437,6004.592038013104
8438,4991.070032898287
8439,5026.072625716574
8440,6004.592038013104
8441,6004.592038013104
8442,5807.033562317161
8443,6004.592038013104
8444,5178.286986436136
8445,4603.618402926571
8446,5306.186906381187
8447,5033.278505203972
8448,6004.592038013104
8449,6004.592038013104
8450,4901.824836099693
8451,6004.592038013104
8452,6004.592038013104
8453,4603.618402926571
8454,5178.286986436136
8455,5737.967038497247
8456,5022.369931989964
8457,5807.033562317161
8458,4991.070032898287
8459,6004.592038013104
8460,5026.072625716574
8461,6004.592038013104
8462,4675.038993996703
8463,4675.038993996703
8464,5026.072625716574
8465,5306.186906381187
8466,6004.592038013104
8467,5807.033562317161
8468,6004.592038013104
8469,6004.592038013104
8470,4675.038993996703
8471,5737.967038497247
8472,4901.824836099693
8473,5807.033562317161
8474,4721.092957096981
8475,5188.126611725252
8476,6004.592038013104
8477,6004.592038013104
8478,6004.592038013104
8479,5178.286986436136
8480,5306.186906381187
8481,5306.186906381187
8482,5782.597014785518
8483,5033.278505203972
8484,5033.278505203972
8485,5188.126611725252
8486,4823.766432271195
8487,5026.072625716574
8488,6004.592038013104
8489,6004.592038013104
8490,6004.592038013104
8491,6004.592038013104
8492,6230.908572340731
8493,5807.033562317161
8494,5033.278505203972
8495,6004.592038013104
8496,4603.618402926571
8497,6004.592038013104
8498,6004.592038013104
8499,6004.592038013104
8500,5178.286986436136
8501,5807.033562317161
8502,5033.278505203972
8503,5026.072625716574
8504,6004.592038013104
8505,4774.02033661311
8506,5807.033562317161
8507,4991.070032898287
8508,5188.126611725252
8509,4675.038993996703
8510,5033.278505203972
8511,6004.592038013104
8512,4774.02033661311
8513,5807.033562317161
8514,6004.592038013104
8515,4823.766432271195
8516,6004.592038013104
8517,5033.278505203972
8518,6004.592038013104
8519,5807.033562317161
8520,6004.592038013104
8521,6004.592038013104
8522,4823.766432271195
8523,6004.592038013104
8524,6004.592038013104
8525,4901.824836099693
8526,6004.592038013104
8527,4823.766432271195
8528,4901.824836099693
8529,4934.394237005376
8530,4675.038993996703
8531,4823.766432271195
8532,5807.033562317161
8533,5737.967038497247
8534,5807.033562317161
8535,4901.824836099693
8536,5026.072625716574
8537,5306.186906381187
8538,6004.592038013104
8539,4721.092957096981
8540,6004.592038013104
8541,6004.592038013104
8542,5807.033562317161
8543,5807.033562317161
8544,5178.286986436136
8545,6004.592038013104
8546,4991.070032898287
8547,4991.070032898287
8548,6004.592038013104
8549,5807.033562317161
8550,4901.824836099693
8551,4991.070032898287
8552,4901.824836099693
8553,5033.278505203972
8554,5026.072625716574
8555,6004.592038013104
8556,5033.278505203972
8557,6004.592038013104
8558,6004.592038013104
8559,6004.592038013104
8560,6004.592038013104
8561,6009.055358445136
8562,4964.493690058645
8563,6009.055358445136
8564,6009.055358445136
8565,6009.055358445136
8566,6009.055358445136
8567,4661.294540497731
8568,4998.993461282129
8569,4770.977062007788
8570,5806.151913614057
8571,4964.493690058645
8572,6009.055358445136
8573,6009.055358445136
8574,5806.151913614057
8575,4770.977062007788
8576,6009.055358445136
8577,6009.055358445136
8578,5806.151913614057
8579,6009.055358445136
8580,4891.834435812213
8581,6009.055358445136
8582,5166.8996101502435
8583,6009.055358445136
8584,4770.977062007788
8585,6009.055358445136
8586,4661.294540497731
8587,5806.151913614057
8588,6009.055358445136
8589,5034.735931256556
8590,4770.977062007788
8591,5034.735931256556
8592,5806.151913614057
8593,5736.033358101808
8594,6009.055358445136
8595,4964.493690058645
8596,4964.493690058645
8597,6009.055358445136
8598,6009.055358445136
8599,6009.055358445136
8600,5181.287155151871
8601,5782.427450318128
8602,6009.055358445136
8603,5166.8996101502435
8604,4722.375488628298
8605,4661.294540497731
8606,6009.055358445136
8607,5231.230261654611
8608,4964.493690058645
8609,5736.033358101808
8610,6009.055358445136
8611,4824.3589219547675
8612,5806.151913614057
8613,6009.055358445136
8614,5736.033358101808
8615,4998.993461282129
8616,6009.055358445136
8617,6009.055358445136
8618,6009.055358445136
8619,6009.055358445136
8620,5166.8996101502435
8621,6009.055358445136
8622,6009.055358445136
8623,5806.151913614057
8624,5736.033358101808
8625,6009.055358445136
8626,6009.055358445136
8627,5034.735931256556
8628,5806.151913614057
8629,6009.055358445136
8630,4824.3589219547675
8631,4770.977062007788
8632,4964.493690058645
8633,6009.055358445136
8634,4661.294540497731
8635,6009.055358445136
8636,6009.055358445136
8637,6009.055358445136
8638,5166.8996101502435
8639,5511.58155092657
8640,6009.055358445136
8641,6009.055358445136
8642,6009.055358445136
8643,6009.055358445136
8644,5736.033358101808
8645,6009.055358445136
8646,6009.055358445136
8647,5806.151913614057
8648,6009.055358445136
8649,6009.055358445136
8650,6009.055358445136
8651,5736.033358101808
8652,6009.055358445136
8653,6009.055358445136
8654,5231.230261654611
8655,4998.993461282129
8656,4661.294540497731
8657,4964.493690058645
8658,4998.993461282129
8659,6009.055358445136
8660,4722.375488628298
8661,4661.294540497731
8662,6009.055358445136
8663,5806.151913614057
8664,4964.493690058645
8665,4661.294540497731
8666,6009.055358445136
8667,6009.055358445136
8668,6009.055358445136
8669,6009.055358445136
8670,4770.977062007788
8671,6259.023889726872
8672,6009.055358445136
8673,4964.493690058645
8674,6009.055358445136
8675,6009.055358445136
8676,5231.230261654611
8677,6009.055358445136
8678,4824.3589219547675
8679,6009.055358445136
8680,5034.735931256556
8681,6009.055358445136
8682,6009.055358445136
8683,6009.055358445136
8684,4998.993461282129
8685,4998.993461282129
8686,4998.993461282129
8687,5034.735931256556
8688,6009.055358445136
8689,5231.230261654611
8690,4964.493690058645
8691,6009.055358445136
8692,5806.151913614057
8693,6009.055358445136
8694,6009.055358445136
8695,6009.055358445136
8696,6009.055358445136
8697,6009.055358445136
8698,4964.493690058645
8699,5181.287155151871
8700,6009.055358445136
8701,6009.055358445136
8702,5806.151913614057
8703,6009.055358445136
8704,5231.230261654611
8705,6009.055358445136
8706,5806.151913614057
8707,5806.151913614057
8708,5806.151913614057
8709,6009.055358445136
8710,4891.834435812213
8711,6009.055358445136
8712,6009.055358445136
8713,4964.493690058645
8714,6009.055358445136
8715,5231.230261654611
8716,6009.055358445136
8717,5806.151913614057
8718,4964.493690058645
8719,6009.055358445136
8720,5034.735931256556
8721,4891.834435812213
8722,6009.055358445136
8723,4661.294540497731
8724,5166.8996101502435
8725,4770.977062007788
8726,4770.977062007788
8727,6009.055358445136
8728,5181.287155151871
8729,6009.055358445136
8730,6009.055358445136
8731,6009.055358445136
8732,4661.294540497731
8733,6009.055358445136
8734,6009.055358445136
8735,5231.230261654611
8736,4964.493690058645
8737,6009.055358445136
8738,5782.427450318128
8739,6009.055358445136
8740,6009.055358445136
8741,5736.033358101808
8742,4770.977062007788
8743,6009.055358445136
8744,6009.055358445136
8745,4964.493690058645
8746,4891.834435812213
8747,4661.294540497731
8748,6009.055358445136
8749,6009.055358445136
8750,4891.834435812213
8751,5806.151913614057
8752,6009.055358445136
8753,5231.230261654611
8754,6009.055358445136
8755,4891.834435812213
8756,4891.834435812213
8757,4661.294540497731
8758,4824.3589219547675
8759,5166.8996101502435
8760,5736.033358101808
8761,6009.055358445136
8762,6009.055358445136
8763,5806.151913614057
8764,4964.493690058645
8765,6009.055358445136
8766,6009.055358445136
8767,6009.055358445136
8768,4964.493690058645
8769,6009.055358445136
8770,5166.8996101502435
8771,5806.151913614057
8772,5034.735931256556
8773,6009.055358445136
8774,5806.151913614057
8775,5166.8996101502435
8776,6009.055358445136
8777,5806.151913614057
8778,5806.151913614057
8779,6009.055358445136
8780,5806.151913614057
8781,4964.493690058645
8782,6009.055358445136
8783,6009.055358445136
8784,6009.055358445136
8785,4566.161442237703
8786,4770.977062007788
8787,6009.055358445136
8788,6009.055358445136
8789,6009.055358445136
8790,4661.294540497731
8791,6009.055358445136
8792,5181.287155151871
8793,5231.230261654611
8794,6009.055358445136
8795,5034.735931256556
8796,5806.151913614057
8797,4998.993461282129
8798,5736.033358101808
8799,5166.8996101502435
8800,6009.055358445136
8801,6009.055358445136
8802,5034.735931256556
8803,6009.055358445136
8804,6009.055358445136
8805,4964.493690058645
8806,4722.375488628298
8807,6009.055358445136
8808,4891.834435812213
8809,6009.055358445136
8810,5034.735931256556
8811,6009.055358445136
8812,6009.055358445136
8813,6009.055358445136
8814,4964.493690058645
8815,6009.055358445136
8816,5231.230261654611
8817,5034.735931256556
8818,6009.055358445136
8819,4770.977062007788
8820,5736.033358101808
8821,5166.8996101502435
8822,6009.055358445136
8823,6009.055358445136
8824,5806.151913614057
8825,4964.493690058645
8826,4964.493690058645
8827,6009.055358445136
8828,6009.055358445136
8829,6009.055358445136
8830,6009.055358445136
8831,4964.493690058645
8832,4891.834435812213
8833,5806.151913614057
8834,4964.493690058645
8835,6009.055358445136
8836,6009.055358445136
8837,6009.055358445136
8838,6009.055358445136
8839,6009.055358445136
8840,6009.055358445136
8841,5166.8996101502435
8842,4770.977062007788
8843,6009.055358445136
8844,4770.977062007788
8845,6009.055358445136
8846,5034.735931256556
8847,4770.977062007788
8848,5231.230261654611
8849,6009.055358445136
8850,5231.230261654611
8851,6009.055358445136
8852,6009.055358445136
8853,5166.8996101502435
8854,6009.055358445136
8855,6009.055358445136
8856,5034.735931256556
8857,4566.161442237703
8858,6009.055358445136
8859,6009.055358445136
8860,5034.735931256556
8861,6009.055358445136
8862,6009.055358445136
8863,6009.055358445136
8864,6009.055358445136
8865,4722.375488628298
8866,4661.294540497731
8867,5806.151913614057
8868,6009.055358445136
8869,5166.8996101502435
8870,4964.493690058645
8871,5166.8996101502435
8872,4964.493690058645
8873,4770.977062007788
8874,4661.294540497731
8875,6009.055358445136
8876,6009.055358445136
8877,5782.427450318128
8878,6009.055358445136
8879,4661.294540497731
8880,6009.055358445136
8881,6009.055358445136
8882,5166.8996101502435
8883,4722.375488628298
8884,4722.375488628298
8885,4824.3589219547675
8886,6009.055358445136
8887,5806.151913614057
8888,6009.055358445136
8889,6009.055358445136
8890,4998.993461282129
8891,5511.58155092657
8892,5034.735931256556
8893,6009.055358445136
8894,6009.055358445136
8895,6009.055358445136
8896,6009.055358445136
8897,5806.151913614057
8898,6009.055358445136
8899,4770.977062007788
8900,6009.055358445136
8901,4770.977062007788
8902,6009.055358445136
8903,5034.735931256556
8904,6009.055358445136
8905,6009.055358445136
8906,5736.033358101808
8907,5166.8996101502435
8908,4998.993461282129
8909,4891.834435812213
8910,6009.055358445136
8911,6009.055358445136
8912,6009.055358445136
8913,5034.735931256556
8914,6009.055358445136
8915,4891.834435812213
8916,5806.151913614057
8917,6009.055358445136
8918,6009.055358445136
8919,6009.055358445136
8920,6009.055358445136
8921,6009.055358445136
8922,6009.055358445136
8923,4770.977062007788
8924,6009.055358445136
8925,6009.055358445136
8926,6009.055358445136
8927,4824.3589219547675
8928,4931.350962400055
8929,6009.055358445136
8930,6009.055358445136
8931,5034.735931256556
8932,5806.151913614057
8933,6009.055358445136
8934,5806.151913614057
8935,6009.055358445136
8936,5806.151913614057
8937,4964.493690058645
8938,5736.033358101808
8939,6009.055358445136
8940,5806.151913614057
8941,4891.834435812213
8942,4891.834435812213
8943,6009.055358445136
8944,5736.033358101808
8945,6009.055358445136
8946,4891.834435812213
8947,5231.230261654611
8948,5736.033358101808
8949,5806.151913614057
8950,5736.033358101808
8951,6009.055358445136
8952,6009.055358445136
8953,4891.834435812213
8954,4722.375488628298
8955,5181.287155151871
8956,4824.3589219547675
8957,6009.055358445136
8958,4998.993461282129
8959,4661.294540497731
8960,5806.151913614057
8961,6259.023889726872
8962,5181.287155151871
8963,6009.055358445136
8964,6009.055358445136
8965,5736.033358101808
8966,6009.055358445136
8967,6009.055358445136
8968,6009.055358445136
8969,6009.055358445136
8970,6009.055358445136
8971,4770.977062007788
8972,6009.055358445136
8973,5034.735931256556
8974,4661.294540497731
8975,6009.055358445136
8976,5806.151913614057
8977,6259.023889726872
8978,6009.055358445136
8979,4661.294540497731
8980,6009.055358445136
8981,5231.230261654611
8982,4824.3589219547675
8983,6009.055358445136
8984,6009.055358445136
8985,6009.055358445136
8986,6009.055358445136
8987,5736.033358101808
8988,4998.993461282129
8989,6009.055358445136
8990,5166.8996101502435
8991,6009.055358445136
8992,6009.055358445136
8993,6009.055358445136
8994,6009.055358445136
8995,5166.8996101502435
8996,4964.493690058645
8997,6009.055358445136
8998,5806.151913614057
8999,5231.230261654611
9000,4661.294540497731
9001,6009.055358445136
9002,5806.151913614057
9003,5736.033358101808
9004,4566.161442237703
9005,6009.055358445136
9006,4998.993461282129
9007,4824.3589219547675
9008,6009.055358445136
9009,6009.055358445136
9010,6009.055358445136
9011,6009.055358445136
9012,6009.055358445136
9013,4824.3589219547675
9014,6009.055358445136
9015,6009.055358445136
9016,4964.493690058645
9017,6009.055358445136
9018,5231.230261654611
9019,5034.735931256556
9020,6009.055358445136
9021,6009.055358445136
9022,6009.055358445136
9023,4661.294540497731
9024,5806.151913614057
9025,5181.287155151871
9026,4964.493690058645
9027,6009.055358445136
9028,4998.993461282129
9029,6009.055358445136
9030,5736.033358101808
9031,6009.055358445136
9032,5806.151913614057
9033,5034.735931256556
9034,6009.055358445136
9035,4824.3589219547675
9036,6009.055358445136
9037,4770.977062007788
9038,5806.151913614057
9039,6009.055358445136
9040,6009.055358445136
9041,4998.993461282129
9042,6009.055358445136
9043,6009.055358445136
9044,6009.055358445136
9045,6009.055358445136
9046,5511.58155092657
9047,4824.3589219547675
9048,6009.055358445136
9049,6009.055358445136
9050,4998.993461282129
9051,5034.735931256556
9052,6009.055358445136
9053,6009.055358445136
9054,6009.055358445136
9055,4566.161442237703
9056,4824.3589219547675
9057,5231.230261654611
9058,4964.493690058645
9059,4770.977062007788
9060,6009.055358445136
9061,6009.055358445136
9062,5806.151913614057
9063,6009.055358445136
9064,4770.977062007788
9065,4891.834435812213
9066,4998.993461282129
9067,5166.8996101502435
9068,5736.033358101808
9069,6009.055358445136
9070,5806.151913614057
9071,6009.055358445136
9072,6009.055358445136
9073,6009.055358445136
9074,4964.493690058645
9075,5181.287155151871
9076,6009.055358445136
9077,5034.735931256556
9078,4770.977062007788
9079,5782.427450318128
9080,4891.834435812213
9081,5034.735931256556
9082,4964.493690058645
9083,6009.055358445136
9084,4770.977062007788
9085,5806.151913614057
9086,4824.3589219547675
9087,4661.294540497731
9088,6009.055358445136
9089,5736.033358101808
9090,6009.055358445136
9091,6009.055358445136
9092,6009.055358445136
9093,5736.033358101808
9094,6009.055358445136
9095,5806.151913614057
9096,5806.151913614057
9097,4661.294540497731
9098,6009.055358445136
9099,5806.151913614057
9100,4891.834435812213
9101,4722.375488628298
9102,4964.493690058645
9103,4770.977062007788
9104,6009.055358445136
9105,5231.230261654611
9106,5166.8996101502435
9107,6009.055358445136
9108,4964.493690058645
9109,4891.834435812213
9110,4770.977062007788
9111,5166.8996101502435
9112,5166.8996101502435
9113,6009.055358445136
9114,5806.151913614057
9115,6009.055358445136
9116,4770.977062007788
9117,4964.493690058645
9118,6009.055358445136
9119,6009.055358445136
9120,4891.834435812213
9121,6009.055358445136
9122,6009.055358445136
9123,6009.055358445136
9124,4964.493690058645
9125,6009.055358445136
9126,5166.8996101502435
9127,6009.055358445136
9128,6009.055358445136
9129,4566.161442237703
9130,4964.493690058645
9131,5034.735931256556
9132,6009.055358445136
9133,6009.055358445136
9134,6009.055358445136
9135,6009.055358445136
9136,6009.055358445136
9137,5806.151913614057
9138,4824.3589219547675
9139,4964.493690058645
9140,4964.493690058645
9141,4964.493690058645
9142,6009.055358445136
9143,5034.735931256556
9144,4824.3589219547675
9145,5806.151913614057
9146,6009.055358445136
9147,6009.055358445136
9148,5034.735931256556
9149,5166.8996101502435
9150,6009.055358445136
9151,5166.8996101502435
9152,5736.033358101808
9153,6009.055358445136
9154,6009.055358445136
9155,6009.055358445136
9156,6259.023889726872
9157,6009.055358445136
9158,6009.055358445136
9159,6009.055358445136
9160,6009.055358445136
9161,6009.055358445136
9162,6009.055358445136
9163,4964.493690058645
9164,5166.8996101502435
9165,5806.151913614057
9166,4661.294540497731
9167,5166.8996101502435
9168,5034.735931256556
9169,6009.055358445136
9170,6009.055358445136
9171,6009.055358445136
9172,5231.230261654611
9173,6009.055358445136
9174,4824.3589219547675
9175,6009.055358445136
9176,5806.151913614057
9177,6009.055358445136
9178,6009.055358445136
9179,6009.055358445136
9180,6009.055358445136
9181,5166.8996101502435
9182,4661.294540497731
9183,5166.8996101502435
9184,4931.350962400055
9185,6009.055358445136
9186,6009.055358445136
9187,6009.055358445136
9188,6009.055358445136
9189,6009.055358445136
9190,5806.151913614057
9191,6009.055358445136
9192,4824.3589219547675
9193,6009.055358445136
9194,5806.151913614057
9195,6259.023889726872
9196,6009.055358445136
9197,6009.055358445136
9198,5806.151913614057
9199,6009.055358445136
9200,6009.055358445136
9201,6009.055358445136
9202,4770.977062007788
9203,4824.3589219547675
9204,5166.8996101502435
9205,6009.055358445136
9206,6009.055358445136
9207,6009.055358445136
9208,5231.230261654611
9209,4964.493690058645
9210,5736.033358101808
9211,5034.735931256556
9212,4964.493690058645
9213,6009.055358445136
9214,5034.735931256556
9215,4300.892796169842
9216,4964.493690058645
9217,6009.055358445136
9218,4770.977062007788
9219,6009.055358445136
9220,5511.58155092657
9221,5806.151913614057
9222,6009.055358445136
9223,6009.055358445136
9224,4964.493690058645
9225,4964.493690058645
9226,6009.055358445136
9227,4770.977062007788
9228,6009.055358445136
9229,4891.834435812213
9230,6009.055358445136
9231,5166.8996101502435
9232,6009.055358445136
9233,5511.58155092657
9234,6009.055358445136
9235,5231.230261654611
9236,6009.055358445136
9237,4891.834435812213
9238,6009.055358445136
9239,5034.735931256556
9240,6009.055358445136
9241,6009.055358445136
9242,6009.055358445136
9243,6009.055358445136
9244,6009.055358445136
9245,5736.033358101808
9246,4824.3589219547675
9247,4964.493690058645
9248,5034.735931256556
9249,4661.294540497731
9250,6009.055358445136
9251,6009.055358445136
9252,6009.055358445136
9253,4891.834435812213
9254,5806.151913614057
9255,6009.055358445136
9256,5806.151913614057
9257,6009.055358445136
9258,4964.493690058645
9259,6009.055358445136
9260,6009.055358445136
9261,6009.055358445136
9262,5736.033358101808
9263,4770.977062007788
9264,6009.055358445136
9265,6009.055358445136
9266,6009.055358445136
9267,6009.055358445136
9268,5806.151913614057
9269,6009.055358445136
9270,6009.055358445136
9271,4770.977062007788
9272,5806.151913614057
9273,6009.055358445136
9274,4661.294540497731
9275,4661.294540497731
9276,4998.993461282129
9277,6009.055358445136
9278,5034.735931256556
9279,6009.055358445136
9280,6009.055358445136
9281,4661.294540497731
9282,4998.993461282129
9283,4964.493690058645
9284,6009.055358445136
9285,6009.055358445136
9286,5166.8996101502435
9287,6009.055358445136
9288,6009.055358445136
9289,5034.735931256556
9290,5231.230261654611
9291,6009.055358445136
9292,6009.055358445136
9293,6009.055358445136
9294,4964.493690058645
9295,4998.993461282129
9296,6009.055358445136
9297,6009.055358445136
9298,5806.151913614057
9299,6009.055358445136
9300,5166.8996101502435
9301,4566.161442237703
9302,5231.230261654611
9303,5034.735931256556
9304,6009.055358445136
9305,6009.055358445136
9306,4891.834435812213
9307,6009.055358445136
9308,6009.055358445136
9309,4566.161442237703
9310,5166.8996101502435
9311,5736.033358101808
9312,5023.827358042548
9313,5806.151913614057
9314,4964.493690058645
9315,6009.055358445136
9316,4998.993461282129
9317,6009.055358445136
9318,4661.294540497731
9319,4661.294540497731
9320,4998.993461282129
9321,5231.230261654611
9322,6009.055358445136
9323,5806.151913614057
9324,6009.055358445136
9325,6009.055358445136
9326,4661.294540497731
9327,5736.033358101808
9328,4891.834435812213
9329,5806.151913614057
9330,4722.375488628298
9331,5181.287155151871
9332,6009.055358445136
9333,6009.055358445136
9334,6009.055358445136
9335,5166.8996101502435
9336,5231.230261654611
9337,5231.230261654611
9338,5782.427450318128
9339,5034.735931256556
9340,5034.735931256556
9341,5181.287155151871
9342,4824.3589219547675
9343,4998.993461282129
9344,6009.055358445136
9345,6009.055358445136
9346,6009.055358445136
9347,6009.055358445136
9348,6259.023889726872
9349,5806.151913614057
9350,5034.735931256556
9351,6009.055358445136
9352,4566.161442237703
9353,6009.055358445136
9354,6009.055358445136
9355,6009.055358445136
9356,5166.8996101502435
9357,5806.151913614057
9358,5034.735931256556
9359,4998.993461282129
9360,6009.055358445136
9361,4770.977062007788
9362,5806.151913614057
9363,4964.493690058645
9364,5181.287155151871
9365,4661.294540497731
9366,5034.735931256556
9367,6009.055358445136
9368,4770.977062007788
9369,5806.151913614057
9370,6009.055358445136
9371,4824.3589219547675
9372,6009.055358445136
9373,5034.735931256556
9374,6009.055358445136
9375,5806.151913614057
9376,6009.055358445136
9377,6009.055358445136
9378,4824.3589219547675
9379,6009.055358445136
9380,6009.055358445136
9381,4891.834435812213
9382,6009.055358445136
9383,4824.3589219547675
9384,4891.834435812213
9385,4931.350962400055
9386,4661.294540497731
9387,4824.3589219547675
9388,5806.151913614057
9389,5736.033358101808
9390,5806.151913614057
9391,4891.834435812213
9392,4998.993461282129
9393,5231.230261654611
9394,6009.055358445136
9395,4722.375488628298
9396,6009.055358445136
9397,6009.055358445136
9398,5806.151913614057
9399,5806.151913614057
9400,5166.8996101502435
9401,6009.055358445136
9402,4964.493690058645
9403,4964.493690058645
9404,6009.055358445136
9405,5806.151913614057
9406,4891.834435812213
9407,4964.493690058645
9408,4891.834435812213
9409,5034.735931256556
9410,4998.993461282129
9411,6009.055358445136
9412,5034.735931256556
9413,6009.055358445136
9414,6009.055358445136
9415,6009.055358445136
9416,6009.055358445136
9417,308.96570487373543
9418,135.07147651044005
9419,308.96570487373543
9420,308.96570487373543
9421,308.96570487373543
9422,308.96570487373543
9423,33.16277469650504
9424,0.0
9425,0.0
9426,0.0
9427,135.07147651044005
9428,308.96570487373543
9429,308.96570487373543
9430,0.0
9431,0.0
9432,308.96570487373543
9433,308.96570487373543
9434,0.0
9435,308.96570487373543
9436,132.05243430669583
9437,308.96570487373543
9438,199.2253500897933
9439,308.96570487373543
9440,0.0
9441,308.96570487373543
9442,33.16277469650504
9443,0.0
9444,308.96570487373543
9445,216.52833980047865
9446,0.0
9447,216.52833980047865
9448,0.0
9449,0.0
9450,308.96570487373543
9451,135.07147651044005
9452,135.07147651044005
9453,308.96570487373543
9454,308.96570487373543
9455,308.96570487373543
9456,0.0
9457,0.0
9458,308.96570487373543
9459,199.2253500897933
9460,0.0
9461,33.16277469650504
9462,308.96570487373543
9463,0.0
9464,135.07147651044005
9465,0.0
9466,308.96570487373543
9467,0.0
9468,0.0
9469,308.96570487373543
9470,0.0
9471,0.0
9472,308.96570487373543
9473,308.96570487373543
9474,308.96570487373543
9475,308.96570487373543
9476,199.2253500897933
9477,308.96570487373543
9478,308.96570487373543
9479,0.0
9480,0.0
9481,308.96570487373543
9482,308.96570487373543
9483,216.52833980047865
9484,0.0
9485,308.96570487373543
9486,0.0
9487,0.0
9488,135.07147651044005
9489,308.96570487373543
9490,33.16277469650504
9491,308.96570487373543
9492,308.96570487373543
9493,308.96570487373543
9494,199.2253500897933
9495,0.0
9496,308.96570487373543
9497,308.96570487373543
9498,308.96570487373543
9499,308.96570487373543
9500,0.0
9501,308.96570487373543
9502,308.96570487373543
9503,0.0
9504,308.96570487373543
9505,308.96570487373543
9506,308.96570487373543
9507,0.0
9508,308.96570487373543
9509,308.96570487373543
9510,0.0
9511,0.0
9512,33.16277469650504
9513,135.07147651044005
9514,0.0
9515,308.96570487373543
9516,0.0
9517,33.16277469650504
9518,308.96570487373543
9519,0.0
9520,135.07147651044005
9521,33.16277469650504
9522,308.96570487373543
9523,308.96570487373543
9524,308.96570487373543
9525,308.96570487373543
9526,0.0
9527,1173.2069262530395
9528,308.96570487373543
9529,135.07147651044005
9530,308.96570487373543
9531,308.96570487373543
9532,0.0
9533,308.96570487373543
9534,0.0
9535,308.96570487373543
9536,216.52833980047865
9537,308.96570487373543
9538,308.96570487373543
9539,308.96570487373543
9540,0.0
9541,0.0
9542,0.0
9543,216.52833980047865
9544,308.96570487373543
9545,0.0
9546,135.07147651044005
9547,308.96570487373543
9548,0.0
9549,308.96570487373543
9550,308.96570487373543
9551,308.96570487373543
9552,308.96570487373543
9553,308.96570487373543
9554,135.07147651044005
9555,0.0
9556,308.96570487373543
9557,308.96570487373543
9558,0.0
9559,308.96570487373543
9560,0.0
9561,308.96570487373543
9562,0.0
9563,0.0
9564,0.0
9565,308.96570487373543
9566,132.05243430669583
9567,308.96570487373543
9568,308.96570487373543
9569,135.07147651044005
9570,308.96570487373543
9571,0.0
9572,308.96570487373543
9573,0.0
9574,135.07147651044005
9575,308.96570487373543
9576,216.52833980047865
9577,132.05243430669583
9578,308.96570487373543
9579,33.16277469650504
9580,199.2253500897933
9581,0.0
9582,0.0
9583,308.96570487373543
9584,0.0
9585,308.96570487373543
9586,308.96570487373543
9587,308.96570487373543
9588,33.16277469650504
9589,308.96570487373543
9590,308.96570487373543
9591,0.0
9592,135.07147651044005
9593,308.96570487373543
9594,0.0
9595,308.96570487373543
9596,308.96570487373543
9597,0.0
9598,0.0
9599,308.96570487373543
9600,308.96570487373543
9601,135.07147651044005
9602,132.05243430669583
9603,33.16277469650504
9604,308.96570487373543
9605,308.96570487373543
9606,132.05243430669583
9607,0.0
9608,308.96570487373543
9609,0.0
9610,308.96570487373543
9611,132.05243430669583
9612,132.05243430669583
9613,33.16277469650504
9614,0.0
9615,199.2253500897933
9616,0.0
9617,308.96570487373543
9618,308.96570487373543
9619,0.0
9620,135.07147651044005
9621,308.96570487373543
9622,308.96570487373543
9623,308.96570487373543
9624,135.07147651044005
9625,308.96570487373543
9626,199.2253500897933
9627,0.0
9628,216.52833980047865
9629,308.96570487373543
9630,0.0
9631,199.2253500897933
9632,308.96570487373543
9633,0.0
9634,0.0
9635,308.96570487373543
9636,0.0
9637,135.07147651044005
9638,308.96570487373543
9639,308.96570487373543
9640,308.96570487373543
9641,0.0
9642,0.0
9643,308.96570487373543
9644,308.96570487373543
9645,308.96570487373543
9646,33.16277469650504
9647,308.96570487373543
9648,0.0
9649,0.0
9650,308.96570487373543
9651,216.52833980047865
9652,0.0
9653,0.0
9654,0.0
9655,199.2253500897933
9656,308.96570487373543
9657,308.96570487373543
9658,216.52833980047865
9659,308.96570487373543
9660,308.96570487373543
9661,135.07147651044005
9662,0.0
9663,308.96570487373543
9664,132.05243430669583
9665,308.96570487373543
9666,216.52833980047865
9667,308.96570487373543
9668,308.96570487373543
9669,308.96570487373543
9670,135.07147651044005
9671,308.96570487373543
9672,0.0
9673,216.52833980047865
9674,308.96570487373543
9675,0.0
9676,0.0
9677,199.2253500897933
9678,308.96570487373543
9679,308.96570487373543
9680,0.0
9681,135.07147651044005
9682,135.07147651044005
9683,308.96570487373543
9684,308.96570487373543
9685,308.96570487373543
9686,308.96570487373543
9687,135.07147651044005
9688,132.05243430669583
9689,0.0
9690,135.07147651044005
9691,308.96570487373543
9692,308.96570487373543
9693,308.96570487373543
9694,308.96570487373543
9695,308.96570487373543
9696,308.96570487373543
9697,199.2253500897933
9698,0.0
9699,308.96570487373543
9700,0.0
9701,308.96570487373543
9702,216.52833980047865
9703,0.0
9704,0.0
9705,308.96570487373543
9706,0.0
9707,308.96570487373543
9708,308.96570487373543
9709,199.2253500897933
9710,308.96570487373543
9711,308.96570487373543
9712,216.52833980047865
9713,0.0
9714,308.96570487373543
9715,308.96570487373543
9716,216.52833980047865
9717,308.96570487373543
9718,308.96570487373543
9719,308.96570487373543
9720,308.96570487373543
9721,0.0
9722,33.16277469650504
9723,0.0
9724,308.96570487373543
9725,199.2253500897933
9726,135.07147651044005
9727,199.2253500897933
9728,135.07147651044005
9729,0.0
9730,33.16277469650504
9731,308.96570487373543
9732,308.96570487373543
9733,0.0
9734,308.96570487373543
9735,33.16277469650504
9736,308.96570487373543
9737,308.96570487373543
9738,199.2253500897933
9739,0.0
9740,0.0
9741,0.0
9742,308.96570487373543
9743,0.0
9744,308.96570487373543
9745,308.96570487373543
9746,0.0
9747,0.0
9748,216.52833980047865
9749,308.96570487373543
9750,308.96570487373543
9751,308.96570487373543
9752,308.96570487373543
9753,0.0
9754,308.96570487373543
9755,0.0
9756,308.96570487373543
9757,0.0
9758,308.96570487373543
9759,216.52833980047865
9760,308.96570487373543
9761,308.96570487373543
9762,0.0
9763,199.2253500897933
9764,0.0
9765,132.05243430669583
9766,308.96570487373543
9767,308.96570487373543
9768,308.96570487373543
9769,216.52833980047865
9770,308.96570487373543
9771,132.05243430669583
9772,0.0
9773,308.96570487373543
9774,308.96570487373543
9775,308.96570487373543
9776,308.96570487373543
9777,308.96570487373543
9778,308.96570487373543
9779,0.0
9780,308.96570487373543
9781,308.96570487373543
9782,308.96570487373543
9783,0.0
9784,0.0
9785,308.96570487373543
9786,308.96570487373543
9787,216.52833980047865
9788,0.0
9789,308.96570487373543
9790,0.0
9791,308.96570487373543
9792,0.0
9793,135.07147651044005
9794,0.0
9795,308.96570487373543
9796,0.0
9797,132.05243430669583
9798,132.05243430669583
9799,308.96570487373543
9800,0.0
9801,308.96570487373543
9802,132.05243430669583
9803,0.0
9804,0.0
9805,0.0
9806,0.0
9807,308.96570487373543
9808,308.96570487373543
9809,132.05243430669583
9810,0.0
9811,0.0
9812,0.0
9813,308.96570487373543
9814,0.0
9815,33.16277469650504
9816,0.0
9817,1173.2069262530395
9818,0.0
9819,308.96570487373543
9820,308.96570487373543
9821,0.0
9822,308.96570487373543
9823,308.96570487373543
9824,308.96570487373543
9825,308.96570487373543
9826,308.96570487373543
9827,0.0
9828,308.96570487373543
9829,216.52833980047865
9830,33.16277469650504
9831,308.96570487373543
9832,0.0
9833,1173.2069262530395
9834,308.96570487373543
9835,33.16277469650504
9836,308.96570487373543
9837,0.0
9838,0.0
9839,308.96570487373543
9840,308.96570487373543
9841,308.96570487373543
9842,308.96570487373543
9843,0.0
9844,0.0
9845,308.96570487373543
9846,199.2253500897933
9847,308.96570487373543
9848,308.96570487373543
9849,308.96570487373543
9850,308.96570487373543
9851,199.2253500897933
9852,135.07147651044005
9853,308.96570487373543
9854,0.0
9855,0.0
9856,33.16277469650504
9857,308.96570487373543
9858,0.0
9859,0.0
9860,0.0
9861,308.96570487373543
9862,0.0
9863,0.0
9864,308.96570487373543
9865,308.96570487373543
9866,308.96570487373543
9867,308.96570487373543
9868,308.96570487373543
9869,0.0
9870,308.96570487373543
9871,308.96570487373543
9872,135.07147651044005
9873,308.96570487373543
9874,0.0
9875,216.52833980047865
9876,308.96570487373543
9877,308.96570487373543
9878,308.96570487373543
9879,33.16277469650504
9880,0.0
9881,0.0
9882,135.07147651044005
9883,308.96570487373543
9884,0.0
9885,308.96570487373543
9886,0.0
9887,308.96570487373543
9888,0.0
9889,216.52833980047865
9890,308.96570487373543
9891,0.0
9892,308.96570487373543
9893,0.0
9894,0.0
9895,308.96570487373543
9896,308.96570487373543
9897,0.0
9898,308.96570487373543
9899,308.96570487373543
9900,308.96570487373543
9901,308.96570487373543
9902,0.0
9903,0.0
9904,308.96570487373543
9905,308.96570487373543
9906,0.0
9907,216.52833980047865
9908,308.96570487373543
9909,308.96570487373543
9910,308.96570487373543
9911,0.0
9912,0.0
9913,0.0
9914,135.07147651044005
9915,0.0
9916,308.96570487373543
9917,308.96570487373543
9918,0.0
9919,308.96570487373543
9920,0.0
9921,132.05243430669583
9922,0.0
9923,199.2253500897933
9924,0.0
9925,308.96570487373543
9926,0.0
9927,308.96570487373543
9928,308.96570487373543
9929,308.96570487373543
9930,135.07147651044005
9931,0.0
9932,308.96570487373543
9933,216.52833980047865
9934,0.0
9935,0.0
9936,132.05243430669583
9937,216.52833980047865
9938,135.07147651044005
9939,308.96570487373543
9940,0.0
9941,0.0
9942,0.0
9943,33.16277469650504
9944,308.96570487373543
9945,0.0
9946,308.96570487373543
9947,308.96570487373543
9948,308.96570487373543
9949,0.0
9950,308.96570487373543
9951,0.0
9952,0.0
9953,33.16277469650504
9954,308.96570487373543
9955,0.0
9956,132.05243430669583
9957,0.0
9958,135.07147651044005
9959,0.0
9960,308.96570487373543
9961,0.0
9962,199.2253500897933
9963,308.96570487373543
9964,135.07147651044005
9965,132.05243430669583
9966,0.0
9967,199.2253500897933
9968,199.2253500897933
9969,308.96570487373543
9970,0.0
9971,308.96570487373543
9972,0.0
9973,135.07147651044005
9974,308.96570487373543
9975,308.96570487373543
9976,132.05243430669583
9977,308.96570487373543
9978,308.96570487373543
9979,308.96570487373543
9980,135.07147651044005
9981,308.96570487373543
9982,199.2253500897933
9983,308.96570487373543
9984,308.96570487373543
9985,0.0
9986,135.07147651044005
9987,216.52833980047865
9988,308.96570487373543
9989,308.96570487373543
9990,308.96570487373543
9991,308.96570487373543
9992,308.96570487373543
9993,0.0
9994,0.0
9995,135.07147651044005
9996,135.07147651044005
9997,135.07147651044005
9998,308.96570487373543
9999,216.52833980047865
10000,0.0
10001,0.0
10002,308.96570487373543
10003,308.96570487373543
10004,216.52833980047865
10005,199.2253500897933
10006,308.96570487373543
10007,199.2253500897933
10008,0.0
10009,308.96570487373543
10010,308.96570487373543
10011,308.96570487373543
10012,1173.2069262530395
10013,308.96570487373543
10014,308.96570487373543
10015,308.96570487373543
10016,308.96570487373543
10017,308.96570487373543
10018,308.96570487373543
10019,135.07147651044005
10020,199.2253500897933
10021,0.0
10022,33.16277469650504
10023,199.2253500897933
10024,216.52833980047865
10025,308.96570487373543
10026,308.96570487373543
10027,308.96570487373543
10028,0.0
10029,308.96570487373543
10030,0.0
10031,308.96570487373543
10032,0.0
10033,308.96570487373543
10034,308.96570487373543
10035,308.96570487373543
10036,308.96570487373543
10037,199.2253500897933
10038,33.16277469650504
10039,199.2253500897933
10040,0.0
10041,308.96570487373543
10042,308.96570487373543
10043,308.96570487373543
10044,308.96570487373543
10045,308.96570487373543
10046,0.0
10047,308.96570487373543
10048,0.0
10049,308.96570487373543
10050,0.0
10051,1173.2069262530395
10052,308.96570487373543
10053,308.96570487373543
10054,0.0
10055,308.96570487373543
10056,308.96570487373543
10057,308.96570487373543
10058,0.0
10059,0.0
10060,199.2253500897933
10061,308.96570487373543
10062,308.96570487373543
10063,308.96570487373543
10064,0.0
10065,135.07147651044005
10066,0.0
10067,216.52833980047865
10068,135.07147651044005
10069,308.96570487373543
10070,216.52833980047865
10071,0.0
10072,135.07147651044005
10073,308.96570487373543
10074,0.0
10075,308.96570487373543
10076,0.0
10077,0.0
10078,308.96570487373543
10079,308.96570487373543
10080,135.07147651044005
10081,135.07147651044005
10082,308.96570487373543
10083,0.0
10084,308.96570487373543
10085,132.05243430669583
10086,308.96570487373543
10087,199.2253500897933
10088,308.96570487373543
10089,0.0
10090,308.96570487373543
10091,0.0
10092,308.96570487373543
10093,132.05243430669583
10094,308.96570487373543
10095,216.52833980047865
10096,308.96570487373543
10097,308.96570487373543
10098,308.96570487373543
10099,308.96570487373543
10100,308.96570487373543
10101,0.0
10102,0.0
10103,135.07147651044005
10104,216.52833980047865
10105,33.16277469650504
10106,308.96570487373543
10107,308.96570487373543
10108,308.96570487373543
10109,132.05243430669583
10110,0.0
10111,308.96570487373543
10112,0.0
10113,308.96570487373543
10114,135.07147651044005
10115,308.96570487373543
10116,308.96570487373543
10117,308.96570487373543
10118,0.0
10119,0.0
10120,308.96570487373543
10121,308.96570487373543
10122,308.96570487373543
10123,308.96570487373543
10124,0.0
10125,308.96570487373543
10126,308.96570487373543
10127,0.0
10128,0.0
10129,308.96570487373543
10130,33.16277469650504
10131,33.16277469650504
10132,0.0
10133,308.96570487373543
10134,216.52833980047865
10135,308.96570487373543
10136,308.96570487373543
10137,33.16277469650504
10138,0.0
10139,135.07147651044005
10140,308.96570487373543
10141,308.96570487373543
10142,199.2253500897933
10143,308.96570487373543
10144,308.96570487373543
10145,216.52833980047865
10146,0.0
10147,308.96570487373543
10148,308.96570487373543
10149,308.96570487373543
10150,135.07147651044005
10151,0.0
10152,308.96570487373543
10153,308.96570487373543
10154,0.0
10155,308.96570487373543
10156,199.2253500897933
10157,0.0
10158,0.0
10159,216.52833980047865
10160,308.96570487373543
10161,308.96570487373543
10162,132.05243430669583
10163,308.96570487373543
10164,308.96570487373543
10165,0.0
10166,199.2253500897933
10167,0.0
10168,0.0
10169,0.0
10170,135.07147651044005
10171,308.96570487373543
10172,0.0
10173,308.96570487373543
10174,33.16277469650504
10175,33.16277469650504
10176,0.0
10177,0.0
10178,308.96570487373543
10179,0.0
10180,308.96570487373543
10181,308.96570487373543
10182,33.16277469650504
10183,0.0
10184,132.05243430669583
10185,0.0
10186,0.0
10187,0.0
10188,308.96570487373543
10189,308.96570487373543
10190,308.96570487373543
10191,199.2253500897933
10192,0.0
10193,0.0
10194,0.0
10195,216.52833980047865
10196,216.52833980047865
10197,0.0
10198,0.0
10199,0.0
10200,308.96570487373543
10201,308.96570487373543
10202,308.96570487373543
10203,308.96570487373543
10204,1173.2069262530395
10205,0.0
10206,216.52833980047865
10207,308.96570487373543
10208,0.0
10209,308.96570487373543
10210,308.96570487373543
10211,308.96570487373543
10212,199.2253500897933
10213,0.0
10214,216.52833980047865
10215,0.0
10216,308.96570487373543
10217,0.0
10218,0.0
10219,135.07147651044005
10220,0.0
10221,33.16277469650504
10222,216.52833980047865
10223,308.96570487373543
10224,0.0
10225,0.0
10226,308.96570487373543
10227,0.0
10228,308.96570487373543
10229,216.52833980047865
10230,308.96570487373543
10231,0.0
10232,308.96570487373543
10233,308.96570487373543
10234,0.0
10235,308.96570487373543
10236,308.96570487373543
10237,132.05243430669583
10238,308.96570487373543
10239,0.0
10240,132.05243430669583
10241,0.0
10242,33.16277469650504
10243,0.0
10244,0.0
10245,0.0
10246,0.0
10247,132.05243430669583
10248,0.0
10249,0.0
10250,308.96570487373543
10251,0.0
10252,308.96570487373543
10253,308.96570487373543
10254,0.0
10255,0.0
10256,199.2253500897933
10257,308.96570487373543
10258,135.07147651044005
10259,135.07147651044005
10260,308.96570487373543
10261,0.0
10262,132.05243430669583
10263,135.07147651044005
10264,132.05243430669583
10265,216.52833980047865
10266,0.0
10267,308.96570487373543
10268,216.52833980047865
10269,308.96570487373543
10270,308.96570487373543
10271,308.96570487373543
10272,308.96570487373543
10273,6105.54272737628
10274,4816.885334026955
10275,6105.54272737628
10276,6105.54272737628
10277,6105.54272737628
10278,6105.54272737628
10279,5310.361126120411
10280,5450.512847831585
10281,5416.52579161751
10282,7003.4483098119745
10283,4816.885334026955
10284,6105.54272737628
10285,6105.54272737628
10286,7003.4483098119745
10287,5416.52579161751
10288,6105.54272737628
10289,6105.54272737628
10290,7003.4483098119745
10291,6105.54272737628
10292,5298.921872414424
10293,6105.54272737628
10294,5905.958900114833
10295,6105.54272737628
10296,5416.52579161751
10297,6105.54272737628
10298,5310.361126120411
10299,7003.4483098119745
10300,6105.54272737628
10301,5187.334323022757
10302,5416.52579161751
10303,5187.334323022757
10304,7003.4483098119745
10305,5251.659371028755
10306,6105.54272737628
10307,4816.885334026955
10308,4816.885334026955
10309,6105.54272737628
10310,6105.54272737628
10311,6105.54272737628
10312,5898.356305707557
10313,7243.813980510196
10314,6105.54272737628
10315,5905.958900114833
10316,4636.949618483758
10317,5310.361126120411
10318,6105.54272737628
10319,5425.788337188758
10320,4816.885334026955
10321,5251.659371028755
10322,6105.54272737628
10323,5373.803382733809
10324,7003.4483098119745
10325,6105.54272737628
10326,5251.659371028755
10327,5450.512847831585
10328,6105.54272737628
10329,6105.54272737628
10330,6105.54272737628
10331,6105.54272737628
10332,5905.958900114833
10333,6105.54272737628
10334,6105.54272737628
10335,7003.4483098119745
10336,5251.659371028755
10337,6105.54272737628
10338,6105.54272737628
10339,5187.334323022757
10340,7003.4483098119745
10341,6105.54272737628
10342,5373.803382733809
10343,5416.52579161751
10344,4816.885334026955
10345,6105.54272737628
10346,5310.361126120411
10347,6105.54272737628
10348,6105.54272737628
10349,6105.54272737628
10350,5905.958900114833
10351,6489.527860784833
10352,6105.54272737628
10353,6105.54272737628
10354,6105.54272737628
10355,6105.54272737628
10356,5251.659371028755
10357,6105.54272737628
10358,6105.54272737628
10359,7003.4483098119745
10360,6105.54272737628
10361,6105.54272737628
10362,6105.54272737628
10363,5251.659371028755
10364,6105.54272737628
10365,6105.54272737628
10366,5425.788337188758
10367,5450.512847831585
10368,5310.361126120411
10369,4816.885334026955
10370,5450.512847831585
10371,6105.54272737628
10372,4636.949618483758
10373,5310.361126120411
10374,6105.54272737628
10375,7003.4483098119745
10376,4816.885334026955
10377,5310.361126120411
10378,6105.54272737628
10379,6105.54272737628
10380,6105.54272737628
10381,6105.54272737628
10382,5416.52579161751
10383,6961.301638795901
10384,6105.54272737628
10385,4816.885334026955
10386,6105.54272737628
10387,6105.54272737628
10388,5425.788337188758
10389,6105.54272737628
10390,5373.803382733809
10391,6105.54272737628
10392,5187.334323022757
10393,6105.54272737628
10394,6105.54272737628
10395,6105.54272737628
10396,5450.512847831585
10397,5450.512847831585
10398,5450.512847831585
10399,5187.334323022757
10400,6105.54272737628
10401,5425.788337188758
10402,4816.885334026955
10403,6105.54272737628
10404,7003.4483098119745
10405,6105.54272737628
10406,6105.54272737628
10407,6105.54272737628
10408,6105.54272737628
10409,6105.54272737628
10410,4816.885334026955
10411,5898.356305707557
10412,6105.54272737628
10413,6105.54272737628
10414,7003.4483098119745
10415,6105.54272737628
10416,5425.788337188758
10417,6105.54272737628
10418,7003.4483098119745
10419,7003.4483098119745
10420,7003.4483098119745
10421,6105.54272737628
10422,5298.921872414424
10423,6105.54272737628
10424,6105.54272737628
10425,4816.885334026955
10426,6105.54272737628
10427,5425.788337188758
10428,6105.54272737628
10429,7003.4483098119745
10430,4816.885334026955
10431,6105.54272737628
10432,5187.334323022757
10433,5298.921872414424
10434,6105.54272737628
10435,5310.361126120411
10436,5905.958900114833
10437,5416.52579161751
10438,5416.52579161751
10439,6105.54272737628
10440,5898.356305707557
10441,6105.54272737628
10442,6105.54272737628
10443,6105.54272737628
10444,5310.361126120411
10445,6105.54272737628
10446,6105.54272737628
10447,5425.788337188758
10448,4816.885334026955
10449,6105.54272737628
10450,7243.813980510196
10451,6105.54272737628
10452,6105.54272737628
10453,5251.659371028755
10454,5416.52579161751
10455,6105.54272737628
10456,6105.54272737628
10457,4816.885334026955
10458,5298.921872414424
10459,5310.361126120411
10460,6105.54272737628
10461,6105.54272737628
10462,5298.921872414424
10463,7003.4483098119745
10464,6105.54272737628
10465,5425.788337188758
10466,6105.54272737628
10467,5298.921872414424
10468,5298.921872414424
10469,5310.361126120411
10470,5373.803382733809
10471,5905.958900114833
10472,5251.659371028755
10473,6105.54272737628
10474,6105.54272737628
10475,7003.4483098119745
10476,4816.885334026955
10477,6105.54272737628
10478,6105.54272737628
10479,6105.54272737628
10480,4816.885334026955
10481,6105.54272737628
10482,5905.958900114833
10483,7003.4483098119745
10484,5187.334323022757
10485,6105.54272737628
10486,7003.4483098119745
10487,5905.958900114833
10488,6105.54272737628
10489,7003.4483098119745
10490,7003.4483098119745
10491,6105.54272737628
10492,7003.4483098119745
10493,4816.885334026955
10494,6105.54272737628
10495,6105.54272737628
10496,6105.54272737628
10497,4648.133953521635
10498,5416.52579161751
10499,6105.54272737628
10500,6105.54272737628
10501,6105.54272737628
10502,5310.361126120411
10503,6105.54272737628
10504,5898.356305707557
10505,5425.788337188758
10506,6105.54272737628
10507,5187.334323022757
10508,7003.4483098119745
10509,5450.512847831585
10510,5251.659371028755
10511,5905.958900114833
10512,6105.54272737628
10513,6105.54272737628
10514,5187.334323022757
10515,6105.54272737628
10516,6105.54272737628
10517,4816.885334026955
10518,4636.949618483758
10519,6105.54272737628
10520,5298.921872414424
10521,6105.54272737628
10522,5187.334323022757
10523,6105.54272737628
10524,6105.54272737628
10525,6105.54272737628
10526,4816.885334026955
10527,6105.54272737628
10528,5425.788337188758
10529,5187.334323022757
10530,6105.54272737628
10531,5416.52579161751
10532,5251.659371028755
10533,5905.958900114833
10534,6105.54272737628
10535,6105.54272737628
10536,7003.4483098119745
10537,4816.885334026955
10538,4816.885334026955
10539,6105.54272737628
10540,6105.54272737628
10541,6105.54272737628
10542,6105.54272737628
10543,4816.885334026955
10544,5298.921872414424
10545,7003.4483098119745
10546,4816.885334026955
10547,6105.54272737628
10548,6105.54272737628
10549,6105.54272737628
10550,6105.54272737628
10551,6105.54272737628
10552,6105.54272737628
10553,5905.958900114833
10554,5416.52579161751
10555,6105.54272737628
10556,5416.52579161751
10557,6105.54272737628
10558,5187.334323022757
10559,5416.52579161751
10560,5425.788337188758
10561,6105.54272737628
10562,5425.788337188758
10563,6105.54272737628
10564,6105.54272737628
10565,5905.958900114833
10566,6105.54272737628
10567,6105.54272737628
10568,5187.334323022757
10569,4648.133953521635
10570,6105.54272737628
10571,6105.54272737628
10572,5187.334323022757
10573,6105.54272737628
10574,6105.54272737628
10575,6105.54272737628
10576,6105.54272737628
10577,4636.949618483758
10578,5310.361126120411
10579,7003.4483098119745
10580,6105.54272737628
10581,5905.958900114833
10582,4816.885334026955
10583,5905.958900114833
10584,4816.885334026955
10585,5416.52579161751
10586,5310.361126120411
10587,6105.54272737628
10588,6105.54272737628
10589,7243.813980510196
10590,6105.54272737628
10591,5310.361126120411
10592,6105.54272737628
10593,6105.54272737628
10594,5905.958900114833
10595,4636.949618483758
10596,4636.949618483758
10597,5373.803382733809
10598,6105.54272737628
10599,7003.4483098119745
10600,6105.54272737628
10601,6105.54272737628
10602,5450.512847831585
10603,6489.527860784833
10604,5187.334323022757
10605,6105.54272737628
10606,6105.54272737628
10607,6105.54272737628
10608,6105.54272737628
10609,7003.4483098119745
10610,6105.54272737628
10611,5416.52579161751
10612,6105.54272737628
10613,5416.52579161751
10614,6105.54272737628
10615,5187.334323022757
10616,6105.54272737628
10617,6105.54272737628
10618,5251.659371028755
10619,5905.958900114833
10620,5450.512847831585
10621,5298.921872414424
10622,6105.54272737628
10623,6105.54272737628
10624,6105.54272737628
10625,5187.334323022757
10626,6105.54272737628
10627,5298.921872414424
10628,7003.4483098119745
10629,6105.54272737628
10630,6105.54272737628
10631,6105.54272737628
10632,6105.54272737628
10633,6105.54272737628
10634,6105.54272737628
10635,5416.52579161751
10636,6105.54272737628
10637,6105.54272737628
10638,6105.54272737628
10639,5373.803382733809
10640,5395.163885864966
10641,6105.54272737628
10642,6105.54272737628
10643,5187.334323022757
10644,7003.4483098119745
10645,6105.54272737628
10646,7003.4483098119745
10647,6105.54272737628
10648,7003.4483098119745
10649,4816.885334026955
10650,5251.659371028755
10651,6105.54272737628
10652,7003.4483098119745
10653,5298.921872414424
10654,5298.921872414424
10655,6105.54272737628
10656,5251.659371028755
10657,6105.54272737628
10658,5298.921872414424
10659,5425.788337188758
10660,5251.659371028755
10661,7003.4483098119745
10662,5251.659371028755
10663,6105.54272737628
10664,6105.54272737628
10665,5298.921872414424
10666,4636.949618483758
10667,5898.356305707557
10668,5373.803382733809
10669,6105.54272737628
10670,5450.512847831585
10671,5310.361126120411
10672,7003.4483098119745
10673,6961.301638795901
10674,5898.356305707557
10675,6105.54272737628
10676,6105.54272737628
10677,5251.659371028755
10678,6105.54272737628
10679,6105.54272737628
10680,6105.54272737628
10681,6105.54272737628
10682,6105.54272737628
10683,5416.52579161751
10684,6105.54272737628
10685,5187.334323022757
10686,5310.361126120411
10687,6105.54272737628
10688,7003.4483098119745
10689,6961.301638795901
10690,6105.54272737628
10691,5310.361126120411
10692,6105.54272737628
10693,5425.788337188758
10694,5373.803382733809
10695,6105.54272737628
10696,6105.54272737628
10697,6105.54272737628
10698,6105.54272737628
10699,5251.659371028755
10700,5450.512847831585
10701,6105.54272737628
10702,5905.958900114833
10703,6105.54272737628
10704,6105.54272737628
10705,6105.54272737628
10706,6105.54272737628
10707,5905.958900114833
10708,4816.885334026955
10709,6105.54272737628
10710,7003.4483098119745
10711,5425.788337188758
10712,5310.361126120411
10713,6105.54272737628
10714,7003.4483098119745
10715,5251.659371028755
10716,4648.133953521635
10717,6105.54272737628
10718,5450.512847831585
10719,5373.803382733809
10720,6105.54272737628
10721,6105.54272737628
10722,6105.54272737628
10723,6105.54272737628
10724,6105.54272737628
10725,5373.803382733809
10726,6105.54272737628
10727,6105.54272737628
10728,4816.885334026955
10729,6105.54272737628
10730,5425.788337188758
10731,5187.334323022757
10732,6105.54272737628
10733,6105.54272737628
10734,6105.54272737628
10735,5310.361126120411
10736,7003.4483098119745
10737,5898.356305707557
10738,4816.885334026955
10739,6105.54272737628
10740,5450.512847831585
10741,6105.54272737628
10742,5251.659371028755
10743,6105.54272737628
10744,7003.4483098119745
10745,5187.334323022757
10746,6105.54272737628
10747,5373.803382733809
10748,6105.54272737628
10749,5416.52579161751
10750,7003.4483098119745
10751,6105.54272737628
10752,6105.54272737628
10753,5450.512847831585
10754,6105.54272737628
10755,6105.54272737628
10756,6105.54272737628
10757,6105.54272737628
10758,6489.527860784833
10759,5373.803382733809
10760,6105.54272737628
10761,6105.54272737628
10762,5450.512847831585
10763,5187.334323022757
10764,6105.54272737628
10765,6105.54272737628
10766,6105.54272737628
10767,4648.133953521635
10768,5373.803382733809
10769,5425.788337188758
10770,4816.885334026955
10771,5416.52579161751
10772,6105.54272737628
10773,6105.54272737628
10774,7003.4483098119745
10775,6105.54272737628
10776,5416.52579161751
10777,5298.921872414424
10778,5450.512847831585
10779,5905.958900114833
10780,5251.659371028755
10781,6105.54272737628
10782,7003.4483098119745
10783,6105.54272737628
10784,6105.54272737628
10785,6105.54272737628
10786,4816.885334026955
10787,5898.356305707557
10788,6105.54272737628
10789,5187.334323022757
10790,5416.52579161751
10791,7243.813980510196
10792,5298.921872414424
10793,5187.334323022757
10794,4816.885334026955
10795,6105.54272737628
10796,5416.52579161751
10797,7003.4483098119745
10798,5373.803382733809
10799,5310.361126120411
10800,6105.54272737628
10801,5251.659371028755
10802,6105.54272737628
10803,6105.54272737628
10804,6105.54272737628
10805,5251.659371028755
10806,6105.54272737628
10807,7003.4483098119745
10808,7003.4483098119745
10809,5310.361126120411
10810,6105.54272737628
10811,7003.4483098119745
10812,5298.921872414424
10813,4636.949618483758
10814,4816.885334026955
10815,5416.52579161751
10816,6105.54272737628
10817,5425.788337188758
10818,5905.958900114833
10819,6105.54272737628
10820,4816.885334026955
10821,5298.921872414424
10822,5416.52579161751
10823,5905.958900114833
10824,5905.958900114833
10825,6105.54272737628
10826,7003.4483098119745
10827,6105.54272737628
10828,5416.52579161751
10829,4816.885334026955
10830,6105.54272737628
10831,6105.54272737628
10832,5298.921872414424
10833,6105.54272737628
10834,6105.54272737628
10835,6105.54272737628
10836,4816.885334026955
10837,6105.54272737628
10838,5905.958900114833
10839,6105.54272737628
10840,6105.54272737628
10841,4648.133953521635
10842,4816.885334026955
10843,5187.334323022757
10844,6105.54272737628
10845,6105.54272737628
10846,6105.54272737628
10847,6105.54272737628
10848,6105.54272737628
10849,7003.4483098119745
10850,5373.803382733809
10851,4816.885334026955
10852,4816.885334026955
10853,4816.885334026955
10854,6105.54272737628
10855,5187.334323022757
10856,5373.803382733809
10857,7003.4483098119745
10858,6105.54272737628
10859,6105.54272737628
10860,5187.334323022757
10861,5905.958900114833
10862,6105.54272737628
10863,5905.958900114833
10864,5251.659371028755
10865,6105.54272737628
10866,6105.54272737628
10867,6105.54272737628
10868,6961.301638795901
10869,6105.54272737628
10870,6105.54272737628
10871,6105.54272737628
10872,6105.54272737628
10873,6105.54272737628
10874,6105.54272737628
10875,4816.885334026955
10876,5905.958900114833
10877,7003.4483098119745
10878,5310.361126120411
10879,5905.958900114833
10880,5187.334323022757
10881,6105.54272737628
10882,6105.54272737628
10883,6105.54272737628
10884,5425.788337188758
10885,6105.54272737628
10886,5373.803382733809
10887,6105.54272737628
10888,7003.4483098119745
10889,6105.54272737628
10890,6105.54272737628
10891,6105.54272737628
10892,6105.54272737628
10893,5905.958900114833
10894,5310.361126120411
10895,5905.958900114833
10896,5395.163885864966
10897,6105.54272737628
10898,6105.54272737628
10899,6105.54272737628
10900,6105.54272737628
10901,6105.54272737628
10902,7003.4483098119745
10903,6105.54272737628
10904,5373.803382733809
10905,6105.54272737628
10906,7003.4483098119745
10907,6961.301638795901
10908,6105.54272737628
10909,6105.54272737628
10910,7003.4483098119745
10911,6105.54272737628
10912,6105.54272737628
10913,6105.54272737628
10914,5416.52579161751
10915,5373.803382733809
10916,5905.958900114833
10917,6105.54272737628
10918,6105.54272737628
10919,6105.54272737628
10920,5425.788337188758
10921,4816.885334026955
10922,5251.659371028755
10923,5187.334323022757
10924,4816.885334026955
10925,6105.54272737628
10926,5187.334323022757
10927,5870.995293277418
10928,4816.885334026955
10929,6105.54272737628
10930,5416.52579161751
10931,6105.54272737628
10932,6489.527860784833
10933,7003.4483098119745
10934,6105.54272737628
10935,6105.54272737628
10936,4816.885334026955
10937,4816.885334026955
10938,6105.54272737628
10939,5416.52579161751
10940,6105.54272737628
10941,5298.921872414424
10942,6105.54272737628
10943,5905.958900114833
10944,6105.54272737628
10945,6489.527860784833
10946,6105.54272737628
10947,5425.788337188758
10948,6105.54272737628
10949,5298.921872414424
10950,6105.54272737628
10951,5187.334323022757
10952,6105.54272737628
10953,6105.54272737628
10954,6105.54272737628
10955,6105.54272737628
10956,6105.54272737628
10957,5251.659371028755
10958,5373.803382733809
10959,4816.885334026955
10960,5187.334323022757
10961,5310.361126120411
10962,6105.54272737628
10963,6105.54272737628
10964,6105.54272737628
10965,5298.921872414424
10966,7003.4483098119745
10967,6105.54272737628
10968,7003.4483098119745
10969,6105.54272737628
10970,4816.885334026955
10971,6105.54272737628
10972,6105.54272737628
10973,6105.54272737628
10974,5251.659371028755
10975,5416.52579161751
10976,6105.54272737628
10977,6105.54272737628
10978,6105.54272737628
10979,6105.54272737628
10980,7003.4483098119745
10981,6105.54272737628
10982,6105.54272737628
10983,5416.52579161751
10984,7003.4483098119745
10985,6105.54272737628
10986,5310.361126120411
10987,5310.361126120411
10988,5450.512847831585
10989,6105.54272737628
10990,5187.334323022757
10991,6105.54272737628
10992,6105.54272737628
10993,5310.361126120411
10994,5450.512847831585
10995,4816.885334026955
10996,6105.54272737628
10997,6105.54272737628
10998,5905.958900114833
10999,6105.54272737628
11000,6105.54272737628
11001,5187.334323022757
11002,5425.788337188758
11003,6105.54272737628
11004,6105.54272737628
11005,6105.54272737628
11006,4816.885334026955
11007,5450.512847831585
11008,6105.54272737628
11009,6105.54272737628
11010,7003.4483098119745
11011,6105.54272737628
11012,5905.958900114833
11013,4648.133953521635
11014,5425.788337188758
11015,5187.334323022757
11016,6105.54272737628
11017,6105.54272737628
11018,5298.921872414424
11019,6105.54272737628
11020,6105.54272737628
11021,4648.133953521635
11022,5905.958900114833
11023,5251.659371028755
11024,5203.982747925428
11025,7003.4483098119745
11026,4816.885334026955
11027,6105.54272737628
11028,5450.512847831585
11029,6105.54272737628
11030,5310.361126120411
11031,5310.361126120411
11032,5450.512847831585
11033,5425.788337188758
11034,6105.54272737628
11035,7003.4483098119745
11036,6105.54272737628
11037,6105.54272737628
11038,5310.361126120411
11039,5251.659371028755
11040,5298.921872414424
11041,7003.4483098119745
11042,4636.949618483758
11043,5898.356305707557
11044,6105.54272737628
11045,6105.54272737628
11046,6105.54272737628
11047,5905.958900114833
11048,5425.788337188758
11049,5425.788337188758
11050,7243.813980510196
11051,5187.334323022757
11052,5187.334323022757
11053,5898.356305707557
11054,5373.803382733809
11055,5450.512847831585
11056,6105.54272737628
11057,6105.54272737628
11058,6105.54272737628
11059,6105.54272737628
11060,6961.301638795901
11061,7003.4483098119745
11062,5187.334323022757
11063,6105.54272737628
11064,4648.133953521635
11065,6105.54272737628
11066,6105.54272737628
11067,6105.54272737628
11068,5905.958900114833
11069,7003.4483098119745
11070,5187.334323022757
11071,5450.512847831585
11072,6105.54272737628
11073,5416.52579161751
11074,7003.4483098119745
11075,4816.885334026955
11076,5898.356305707557
11077,5310.361126120411
11078,5187.334323022757
11079,6105.54272737628
11080,5416.52579161751
11081,7003.4483098119745
11082,6105.54272737628
11083,5373.803382733809
11084,6105.54272737628
11085,5187.334323022757
11086,6105.54272737628
11087,7003.4483098119745
11088,6105.54272737628
11089,6105.54272737628
11090,5373.803382733809
11091,6105.54272737628
11092,6105.54272737628
11093,5298.921872414424
11094,6105.54272737628
11095,5373.803382733809
11096,5298.921872414424
11097,5395.163885864966
11098,5310.361126120411
11099,5373.803382733809
11100,7003.4483098119745
11101,5251.659371028755
11102,7003.4483098119745
11103,5298.921872414424
11104,5450.512847831585
11105,5425.788337188758
11106,6105.54272737628
11107,4636.949618483758
11108,6105.54272737628
11109,6105.54272737628
11110,7003.4483098119745
11111,7003.4483098119745
11112,5905.958900114833
11113,6105.54272737628
11114,4816.885334026955
11115,4816.885334026955
11116,6105.54272737628
11117,7003.4483098119745
11118,5298.921872414424
11119,4816.885334026955
11120,5298.921872414424
11121,5187.334323022757
11122,5450.512847831585
11123,6105.54272737628
11124,5187.334323022757
11125,6105.54272737628
11126,6105.54272737628
11127,6105.54272737628
11128,6105.54272737628
11129,7481.7889189224625
11130,6645.583056336295
11131,7481.7889189224625
11132,7481.7889189224625
11133,7481.7889189224625
11134,7481.7889189224625
11135,6172.6083823910685
11136,6714.632627467657
11137,6681.541619917508
11138,7435.16696561688
11139,6645.583056336295
11140,7481.7889189224625
11141,7481.7889189224625
11142,7435.16696561688
11143,6681.541619917508
11144,7481.7889189224625
11145,7481.7889189224625
11146,7435.16696561688
11147,7481.7889189224625
11148,6527.615851394989
11149,7481.7889189224625
11150,6879.117029708944
11151,7481.7889189224625
11152,6681.541619917508
11153,7481.7889189224625
11154,6172.6083823910685
11155,7435.16696561688
11156,7481.7889189224625
11157,6708.322746049841
11158,6681.541619917508
11159,6708.322746049841
11160,7435.16696561688
11161,7872.425276795708
11162,7481.7889189224625
11163,6645.583056336295
11164,6645.583056336295
11165,7481.7889189224625
11166,7481.7889189224625
11167,7481.7889189224625
11168,7122.966809306028
11169,8223.28025442774
11170,7481.7889189224625
11171,6879.117029708944
11172,6617.059359214444
11173,6172.6083823910685
11174,7481.7889189224625
11175,7153.031811788531
11176,6645.583056336295
11177,7872.425276795708
11178,7481.7889189224625
11179,6341.083589628085
11180,7435.16696561688
11181,7481.7889189224625
11182,7872.425276795708
11183,6714.632627467657
11184,7481.7889189224625
11185,7481.7889189224625
11186,7481.7889189224625
11187,7481.7889189224625
11188,6879.117029708944
11189,7481.7889189224625
11190,7481.7889189224625
11191,7435.16696561688
11192,7872.425276795708
11193,7481.7889189224625
11194,7481.7889189224625
11195,6708.322746049841
11196,7435.16696561688
11197,7481.7889189224625
11198,6341.083589628085
11199,6681.541619917508
11200,6645.583056336295
11201,7481.7889189224625
11202,6172.6083823910685
11203,7481.7889189224625
11204,7481.7889189224625
11205,7481.7889189224625
11206,6879.117029708944
11207,6892.278835149146
11208,7481.7889189224625
11209,7481.7889189224625
11210,7481.7889189224625
11211,7481.7889189224625
11212,7872.425276795708
11213,7481.7889189224625
11214,7481.7889189224625
11215,7435.16696561688
11216,7481.7889189224625
11217,7481.7889189224625
11218,7481.7889189224625
11219,7872.425276795708
11220,7481.7889189224625
11221,7481.7889189224625
11222,7153.031811788531
11223,6714.632627467657
11224,6172.6083823910685
11225,6645.583056336295
11226,6714.632627467657
11227,7481.7889189224625
11228,6617.059359214444
11229,6172.6083823910685
11230,7481.7889189224625
11231,7435.16696561688
11232,6645.583056336295
11233,6172.6083823910685
11234,7481.7889189224625
11235,7481.7889189224625
11236,7481.7889189224625
11237,7481.7889189224625
11238,6681.541619917508
11239,8448.59351057833
11240,7481.7889189224625
11241,6645.583056336295
11242,7481.7889189224625
11243,7481.7889189224625
11244,7153.031811788531
11245,7481.7889189224625
11246,6341.083589628085
11247,7481.7889189224625
11248,6708.322746049841
11249,7481.7889189224625
11250,7481.7889189224625
11251,7481.7889189224625
11252,6714.632627467657
11253,6714.632627467657
11254,6714.632627467657
11255,6708.322746049841
11256,7481.7889189224625
11257,7153.031811788531
11258,6645.583056336295
11259,7481.7889189224625
11260,7435.16696561688
11261,7481.7889189224625
11262,7481.7889189224625
11263,7481.7889189224625
11264,7481.7889189224625
11265,7481.7889189224625
11266,6645.583056336295
11267,7122.966809306028
11268,7481.7889189224625
11269,7481.7889189224625
11270,7435.16696561688
11271,7481.7889189224625
11272,7153.031811788531
11273,7481.7889189224625
11274,7435.16696561688
11275,7435.16696561688
11276,7435.16696561688
11277,7481.7889189224625
11278,6527.615851394989
11279,7481.7889189224625
11280,7481.7889189224625
11281,6645.583056336295
11282,7481.7889189224625
11283,7153.031811788531
11284,7481.7889189224625
11285,7435.16696561688
11286,6645.583056336295
11287,7481.7889189224625
11288,6708.322746049841
11289,6527.615851394989
11290,7481.7889189224625
11291,6172.6083823910685
11292,6879.117029708944
11293,6681.541619917508
11294,6681.541619917508
11295,7481.7889189224625
11296,7122.966809306028
11297,7481.7889189224625
11298,7481.7889189224625
11299,7481.7889189224625
11300,6172.6083823910685
11301,7481.7889189224625
11302,7481.7889189224625
11303,7153.031811788531
11304,6645.583056336295
11305,7481.7889189224625
11306,8223.28025442774
11307,7481.7889189224625
11308,7481.7889189224625
11309,7872.425276795708
11310,6681.541619917508
11311,7481.7889189224625
11312,7481.7889189224625
11313,6645.583056336295
11314,6527.615851394989
11315,6172.6083823910685
11316,7481.7889189224625
11317,7481.7889189224625
11318,6527.615851394989
11319,7435.16696561688
11320,7481.7889189224625
11321,7153.031811788531
11322,7481.7889189224625
11323,6527.615851394989
11324,6527.615851394989
11325,6172.6083823910685
11326,6341.083589628085
11327,6879.117029708944
11328,7872.425276795708
11329,7481.7889189224625
11330,7481.7889189224625
11331,7435.16696561688
11332,6645.583056336295
11333,7481.7889189224625
11334,7481.7889189224625
11335,7481.7889189224625
11336,6645.583056336295
11337,7481.7889189224625
11338,6879.117029708944
11339,7435.16696561688
11340,6708.322746049841
11341,7481.7889189224625
11342,7435.16696561688
11343,6879.117029708944
11344,7481.7889189224625
11345,7435.16696561688
11346,7435.16696561688
11347,7481.7889189224625
11348,7435.16696561688
11349,6645.583056336295
11350,7481.7889189224625
11351,7481.7889189224625
11352,7481.7889189224625
11353,6122.369545631842
11354,6681.541619917508
11355,7481.7889189224625
11356,7481.7889189224625
11357,7481.7889189224625
11358,6172.6083823910685
11359,7481.7889189224625
11360,7122.966809306028
11361,7153.031811788531
11362,7481.7889189224625
11363,6708.322746049841
11364,7435.16696561688
11365,6714.632627467657
11366,7872.425276795708
11367,6879.117029708944
11368,7481.7889189224625
11369,7481.7889189224625
11370,6708.322746049841
11371,7481.7889189224625
11372,7481.7889189224625
11373,6645.583056336295
11374,6617.059359214444
11375,7481.7889189224625
11376,6527.615851394989
11377,7481.7889189224625
11378,6708.322746049841
11379,7481.7889189224625
11380,7481.7889189224625
11381,7481.7889189224625
11382,6645.583056336295
11383,7481.7889189224625
11384,7153.031811788531
11385,6708.322746049841
11386,7481.7889189224625
11387,6681.541619917508
11388,7872.425276795708
11389,6879.117029708944
11390,7481.7889189224625
11391,7481.7889189224625
11392,7435.16696561688
11393,6645.583056336295
11394,6645.583056336295
11395,7481.7889189224625
11396,7481.7889189224625
11397,7481.7889189224625
11398,7481.7889189224625
11399,6645.583056336295
11400,6527.615851394989
11401,7435.16696561688
11402,6645.583056336295
11403,7481.7889189224625
11404,7481.7889189224625
11405,7481.7889189224625
11406,7481.7889189224625
11407,7481.7889189224625
11408,7481.7889189224625
11409,6879.117029708944
11410,6681.541619917508
11411,7481.7889189224625
11412,6681.541619917508
11413,7481.7889189224625
11414,6708.322746049841
11415,6681.541619917508
11416,7153.031811788531
11417,7481.7889189224625
11418,7153.031811788531
11419,7481.7889189224625
11420,7481.7889189224625
11421,6879.117029708944
11422,7481.7889189224625
11423,7481.7889189224625
11424,6708.322746049841
11425,6122.369545631842
11426,7481.7889189224625
11427,7481.7889189224625
11428,6708.322746049841
11429,7481.7889189224625
11430,7481.7889189224625
11431,7481.7889189224625
11432,7481.7889189224625
11433,6617.059359214444
11434,6172.6083823910685
11435,7435.16696561688
11436,7481.7889189224625
11437,6879.117029708944
11438,6645.583056336295
11439,6879.117029708944
11440,6645.583056336295
11441,6681.541619917508
11442,6172.6083823910685
11443,7481.7889189224625
11444,7481.7889189224625
11445,8223.28025442774
11446,7481.7889189224625
11447,6172.6083823910685
11448,7481.7889189224625
11449,7481.7889189224625
11450,6879.117029708944
11451,6617.059359214444
11452,6617.059359214444
11453,6341.083589628085
11454,7481.7889189224625
11455,7435.16696561688
11456,7481.7889189224625
11457,7481.7889189224625
11458,6714.632627467657
11459,6892.278835149146
11460,6708.322746049841
11461,7481.7889189224625
11462,7481.7889189224625
11463,7481.7889189224625
11464,7481.7889189224625
11465,7435.16696561688
11466,7481.7889189224625
11467,6681.541619917508
11468,7481.7889189224625
11469,6681.541619917508
11470,7481.7889189224625
11471,6708.322746049841
11472,7481.7889189224625
11473,7481.7889189224625
11474,7872.425276795708
11475,6879.117029708944
11476,6714.632627467657
11477,6527.615851394989
11478,7481.7889189224625
11479,7481.7889189224625
11480,7481.7889189224625
11481,6708.322746049841
11482,7481.7889189224625
11483,6527.615851394989
11484,7435.16696561688
11485,7481.7889189224625
11486,7481.7889189224625
11487,7481.7889189224625
11488,7481.7889189224625
11489,7481.7889189224625
11490,7481.7889189224625
11491,6681.541619917508
11492,7481.7889189224625
11493,7481.7889189224625
11494,7481.7889189224625
11495,6341.083589628085
11496,6681.541619917508
11497,7481.7889189224625
11498,7481.7889189224625
11499,6708.322746049841
11500,7435.16696561688
11501,7481.7889189224625
11502,7435.16696561688
11503,7481.7889189224625
11504,7435.16696561688
11505,6645.583056336295
11506,7872.425276795708
11507,7481.7889189224625
11508,7435.16696561688
11509,6527.615851394989
11510,6527.615851394989
11511,7481.7889189224625
11512,7872.425276795708
11513,7481.7889189224625
11514,6527.615851394989
11515,7153.031811788531
11516,7872.425276795708
11517,7435.16696561688
11518,7872.425276795708
11519,7481.7889189224625
11520,7481.7889189224625
11521,6527.615851394989
11522,6617.059359214444
11523,7122.966809306028
11524,6341.083589628085
11525,7481.7889189224625
11526,6714.632627467657
11527,6172.6083823910685
11528,7435.16696561688
11529,8448.59351057833
11530,7122.966809306028
11531,7481.7889189224625
11532,7481.7889189224625
11533,7872.425276795708
11534,7481.7889189224625
11535,7481.7889189224625
11536,7481.7889189224625
11537,7481.7889189224625
11538,7481.7889189224625
11539,6681.541619917508
11540,7481.7889189224625
11541,6708.322746049841
11542,6172.6083823910685
11543,7481.7889189224625
11544,7435.16696561688
11545,8448.59351057833
11546,7481.7889189224625
11547,6172.6083823910685
11548,7481.7889189224625
11549,7153.031811788531
11550,6341.083589628085
11551,7481.7889189224625
11552,7481.7889189224625
11553,7481.7889189224625
11554,7481.7889189224625
11555,7872.425276795708
11556,6714.632627467657
11557,7481.7889189224625
11558,6879.117029708944
11559,7481.7889189224625
11560,7481.7889189224625
11561,7481.7889189224625
11562,7481.7889189224625
11563,6879.117029708944
11564,6645.583056336295
11565,7481.7889189224625
11566,7435.16696561688
11567,7153.031811788531
11568,6172.6083823910685
11569,7481.7889189224625
11570,7435.16696561688
11571,7872.425276795708
11572,6122.369545631842
11573,7481.7889189224625
11574,6714.632627467657
11575,6341.083589628085
11576,7481.7889189224625
11577,7481.7889189224625
11578,7481.7889189224625
11579,7481.7889189224625
11580,7481.7889189224625
11581,6341.083589628085
11582,7481.7889189224625
11583,7481.7889189224625
11584,6645.583056336295
11585,7481.7889189224625
11586,7153.031811788531
11587,6708.322746049841
11588,7481.7889189224625
11589,7481.7889189224625
11590,7481.7889189224625
11591,6172.6083823910685
11592,7435.16696561688
11593,7122.966809306028
11594,6645.583056336295
11595,7481.7889189224625
11596,6714.632627467657
11597,7481.7889189224625
11598,7872.425276795708
11599,7481.7889189224625
11600,7435.16696561688
11601,6708.322746049841
11602,7481.7889189224625
11603,6341.083589628085
11604,7481.7889189224625
11605,6681.541619917508
11606,7435.16696561688
11607,7481.7889189224625
11608,7481.7889189224625
11609,6714.632627467657
11610,7481.7889189224625
11611,7481.7889189224625
11612,7481.7889189224625
11613,7481.7889189224625
11614,6892.278835149146
11615,6341.083589628085
11616,7481.7889189224625
11617,7481.7889189224625
11618,6714.632627467657
11619,6708.322746049841
11620,7481.7889189224625
11621,7481.7889189224625
11622,7481.7889189224625
11623,6122.369545631842
11624,6341.083589628085
11625,7153.031811788531
11626,6645.583056336295
11627,6681.541619917508
11628,7481.7889189224625
11629,7481.7889189224625
11630,7435.16696561688
11631,7481.7889189224625
11632,6681.541619917508
11633,6527.615851394989
11634,6714.632627467657
11635,6879.117029708944
11636,7872.425276795708
11637,7481.7889189224625
11638,7435.16696561688
11639,7481.7889189224625
11640,7481.7889189224625
11641,7481.7889189224625
11642,6645.583056336295
11643,7122.966809306028
11644,7481.7889189224625
11645,6708.322746049841
11646,6681.541619917508
11647,8223.28025442774
11648,6527.615851394989
11649,6708.322746049841
11650,6645.583056336295
11651,7481.7889189224625
11652,6681.541619917508
11653,7435.16696561688
11654,6341.083589628085
11655,6172.6083823910685
11656,7481.7889189224625
11657,7872.425276795708
11658,7481.7889189224625
11659,7481.7889189224625
11660,7481.7889189224625
11661,7872.425276795708
11662,7481.7889189224625
11663,7435.16696561688
11664,7435.16696561688
11665,6172.6083823910685
11666,7481.7889189224625
11667,7435.16696561688
11668,6527.615851394989
11669,6617.059359214444
11670,6645.583056336295
11671,6681.541619917508
11672,7481.7889189224625
11673,7153.031811788531
11674,6879.117029708944
11675,7481.7889189224625
11676,6645.583056336295
11677,6527.615851394989
11678,6681.541619917508
11679,6879.117029708944
11680,6879.117029708944
11681,7481.7889189224625
11682,7435.16696561688
11683,7481.7889189224625
11684,6681.541619917508
11685,6645.583056336295
11686,7481.7889189224625
11687,7481.7889189224625
11688,6527.615851394989
11689,7481.7889189224625
11690,7481.7889189224625
11691,7481.7889189224625
11692,6645.583056336295
11693,7481.7889189224625
11694,6879.117029708944
11695,7481.7889189224625
11696,7481.7889189224625
11697,6122.369545631842
11698,6645.583056336295
11699,6708.322746049841
11700,7481.7889189224625
11701,7481.7889189224625
11702,7481.7889189224625
11703,7481.7889189224625
11704,7481.7889189224625
11705,7435.16696561688
11706,6341.083589628085
11707,6645.583056336295
11708,6645.583056336295
11709,6645.583056336295
11710,7481.7889189224625
11711,6708.322746049841
11712,6341.083589628085
11713,7435.16696561688
11714,7481.7889189224625
11715,7481.7889189224625
11716,6708.322746049841
11717,6879.117029708944
11718,7481.7889189224625
11719,6879.117029708944
11720,7872.425276795708
11721,7481.7889189224625
11722,7481.7889189224625
11723,7481.7889189224625
11724,8448.59351057833
11725,7481.7889189224625
11726,7481.7889189224625
11727,7481.7889189224625
11728,7481.7889189224625
11729,7481.7889189224625
11730,7481.7889189224625
11731,6645.583056336295
11732,6879.117029708944
11733,7435.16696561688
11734,6172.6083823910685
11735,6879.117029708944
11736,6708.322746049841
11737,7481.7889189224625
11738,7481.7889189224625
11739,7481.7889189224625
11740,7153.031811788531
11741,7481.7889189224625
11742,6341.083589628085
11743,7481.7889189224625
11744,7435.16696561688
11745,7481.7889189224625
11746,7481.7889189224625
11747,7481.7889189224625
11748,7481.7889189224625
11749,6879.117029708944
11750,6172.6083823910685
11751,6879.117029708944
11752,6681.541619917508
11753,7481.7889189224625
11754,7481.7889189224625
11755,7481.7889189224625
11756,7481.7889189224625
11757,7481.7889189224625
11758,7435.16696561688
11759,7481.7889189224625
11760,6341.083589628085
11761,7481.7889189224625
11762,7435.16696561688
11763,8448.59351057833
11764,7481.7889189224625
11765,7481.7889189224625
11766,7435.16696561688
11767,7481.7889189224625
11768,7481.7889189224625
11769,7481.7889189224625
11770,6681.541619917508
11771,6341.083589628085
11772,6879.117029708944
11773,7481.7889189224625
11774,7481.7889189224625
11775,7481.7889189224625
11776,7153.031811788531
11777,6645.583056336295
11778,7872.425276795708
11779,6708.322746049841
11780,6645.583056336295
11781,7481.7889189224625
11782,6708.322746049841
11783,6400.121861411011
11784,6645.583056336295
11785,7481.7889189224625
11786,6681.541619917508
11787,7481.7889189224625
11788,6892.278835149146
11789,7435.16696561688
11790,7481.7889189224625
11791,7481.7889189224625
11792,6645.583056336295
11793,6645.583056336295
11794,7481.7889189224625
11795,6681.541619917508
11796,7481.7889189224625
11797,6527.615851394989
11798,7481.7889189224625
11799,6879.117029708944
11800,7481.7889189224625
11801,6892.278835149146
11802,7481.7889189224625
11803,7153.031811788531
11804,7481.7889189224625
11805,6527.615851394989
11806,7481.7889189224625
11807,6708.322746049841
11808,7481.7889189224625
11809,7481.7889189224625
11810,7481.7889189224625
11811,7481.7889189224625
11812,7481.7889189224625
11813,7872.425276795708
11814,6341.083589628085
11815,6645.583056336295
11816,6708.322746049841
11817,6172.6083823910685
11818,7481.7889189224625
11819,7481.7889189224625
11820,7481.7889189224625
11821,6527.615851394989
11822,7435.16696561688
11823,7481.7889189224625
11824,7435.16696561688
11825,7481.7889189224625
11826,6645.583056336295
11827,7481.7889189224625
11828,7481.7889189224625
11829,7481.7889189224625
11830,7872.425276795708
11831,6681.541619917508
11832,7481.7889189224625
11833,7481.7889189224625
11834,7481.7889189224625
11835,7481.7889189224625
11836,7435.16696561688
11837,7481.7889189224625
11838,7481.7889189224625
11839,6681.541619917508
11840,7435.16696561688
11841,7481.7889189224625
11842,6172.6083823910685
11843,6172.6083823910685
11844,6714.632627467657
11845,7481.7889189224625
11846,6708.322746049841
11847,7481.7889189224625
11848,7481.7889189224625
11849,6172.6083823910685
11850,6714.632627467657
11851,6645.583056336295
11852,7481.7889189224625
11853,7481.7889189224625
11854,6879.117029708944
11855,7481.7889189224625
11856,7481.7889189224625
11857,6708.322746049841
11858,7153.031811788531
11859,7481.7889189224625
11860,7481.7889189224625
11861,7481.7889189224625
11862,6645.583056336295
11863,6714.632627467657
11864,7481.7889189224625
11865,7481.7889189224625
11866,7435.16696561688
11867,7481.7889189224625
11868,6879.117029708944
11869,6122.369545631842
11870,7153.031811788531
11871,6708.322746049841
11872,7481.7889189224625
11873,7481.7889189224625
11874,6527.615851394989
11875,7481.7889189224625
11876,7481.7889189224625
11877,6122.369545631842
11878,6879.117029708944
11879,7872.425276795708
11880,6690.2469654119495
11881,7435.16696561688
11882,6645.583056336295
11883,7481.7889189224625
11884,6714.632627467657
11885,7481.7889189224625
11886,6172.6083823910685
11887,6172.6083823910685
11888,6714.632627467657
11889,7153.031811788531
11890,7481.7889189224625
11891,7435.16696561688
11892,7481.7889189224625
11893,7481.7889189224625
11894,6172.6083823910685
11895,7872.425276795708
11896,6527.615851394989
11897,7435.16696561688
11898,6617.059359214444
11899,7122.966809306028
11900,7481.7889189224625
11901,7481.7889189224625
11902,7481.7889189224625
11903,6879.117029708944
11904,7153.031811788531
11905,7153.031811788531
11906,8223.28025442774
11907,6708.322746049841
11908,6708.322746049841
11909,7122.966809306028
11910,6341.083589628085
11911,6714.632627467657
11912,7481.7889189224625
11913,7481.7889189224625
11914,7481.7889189224625
11915,7481.7889189224625
11916,8448.59351057833
11917,7435.16696561688
11918,6708.322746049841
11919,7481.7889189224625
11920,6122.369545631842
11921,7481.7889189224625
11922,7481.7889189224625
11923,7481.7889189224625
11924,6879.117029708944
11925,7435.16696561688
11926,6708.322746049841
11927,6714.632627467657
11928,7481.7889189224625
11929,6681.541619917508
11930,7435.16696561688
11931,6645.583056336295
11932,7122.966809306028
11933,6172.6083823910685
11934,6708.322746049841
11935,7481.7889189224625
11936,6681.541619917508
11937,7435.16696561688
11938,7481.7889189224625
11939,6341.083589628085
11940,7481.7889189224625
11941,6708.322746049841
11942,7481.7889189224625
11943,7435.16696561688
11944,7481.7889189224625
11945,7481.7889189224625
11946,6341.083589628085
11947,7481.7889189224625
11948,7481.7889189224625
11949,6527.615851394989
11950,7481.7889189224625
11951,6341.083589628085
11952,6527.615851394989
11953,6681.541619917508
11954,6172.6083823910685
11955,6341.083589628085
11956,7435.16696561688
11957,7872.425276795708
11958,7435.16696561688
11959,6527.615851394989
11960,6714.632627467657
11961,7153.031811788531
11962,7481.7889189224625
11963,6617.059359214444
11964,7481.7889189224625
11965,7481.7889189224625
11966,7435.16696561688
11967,7435.16696561688
11968,6879.117029708944
11969,7481.7889189224625
11970,6645.583056336295
11971,6645.583056336295
11972,7481.7889189224625
11973,7435.16696561688
11974,6527.615851394989
11975,6645.583056336295
11976,6527.615851394989
11977,6708.322746049841
11978,6714.632627467657
11979,7481.7889189224625
11980,6708.322746049841
11981,7481.7889189224625
11982,7481.7889189224625
11983,7481.7889189224625
11984,7481.7889189224625
11985,7641.637340358977
11986,6735.419927415167
11987,7641.637340358977
11988,7641.637340358977
11989,7641.637340358977
11990,7641.637340358977
11991,6104.485566585327
11992,6771.863337631047
11993,6681.541619917508
11994,7435.16696561688
11995,6735.419927415167
11996,7641.637340358977
11997,7641.637340358977
11998,7435.16696561688
11999,6681.541619917508
12000,7641.637340358977
12001,7641.637340358977
12002,7435.16696561688
12003,7641.637340358977
12004,6559.671274435851
12005,7641.637340358977
12006,6870.260634433051
12007,7641.637340358977
12008,6681.541619917508
12009,7641.637340358977
12010,6104.485566585327
12011,7435.16696561688
12012,7641.637340358977
12013,6650.226288005765
12014,6681.541619917508
12015,6650.226288005765
12016,7435.16696561688
12017,7898.364114876265
12018,7641.637340358977
12019,6735.419927415167
12020,6735.419927415167
12021,7641.637340358977
12022,7641.637340358977
12023,7641.637340358977
12024,7038.304739594451
12025,8217.825638368104
12026,7641.637340358977
12027,6870.260634433051
12028,6558.962901170368
12029,6104.485566585327
12030,7641.637340358977
12031,7273.974486714983
12032,6735.419927415167
12033,7898.364114876265
12034,7641.637340358977
12035,6334.270137607572
12036,7435.16696561688
12037,7641.637340358977
12038,7898.364114876265
12039,6771.863337631047
12040,7641.637340358977
12041,7641.637340358977
12042,7641.637340358977
12043,7641.637340358977
12044,6870.260634433051
12045,7641.637340358977
12046,7641.637340358977
12047,7435.16696561688
12048,7898.364114876265
12049,7641.637340358977
12050,7641.637340358977
12051,6650.226288005765
12052,7435.16696561688
12053,7641.637340358977
12054,6334.270137607572
12055,6681.541619917508
12056,6735.419927415167
12057,7641.637340358977
12058,6104.485566585327
12059,7641.637340358977
12060,7641.637340358977
12061,7641.637340358977
12062,6870.260634433051
12063,6824.796478705884
12064,7641.637340358977
12065,7641.637340358977
12066,7641.637340358977
12067,7641.637340358977
12068,7898.364114876265
12069,7641.637340358977
12070,7641.637340358977
12071,7435.16696561688
12072,7641.637340358977
12073,7641.637340358977
12074,7641.637340358977
12075,7898.364114876265
12076,7641.637340358977
12077,7641.637340358977
12078,7273.974486714983
12079,6771.863337631047
12080,6104.485566585327
12081,6735.419927415167
12082,6771.863337631047
12083,7641.637340358977
12084,6558.962901170368
12085,6104.485566585327
12086,7641.637340358977
12087,7435.16696561688
12088,6735.419927415167
12089,6104.485566585327
12090,7641.637340358977
12091,7641.637340358977
12092,7641.637340358977
12093,7641.637340358977
12094,6681.541619917508
12095,8448.59351057833
12096,7641.637340358977
12097,6735.419927415167
12098,7641.637340358977
12099,7641.637340358977
12100,7273.974486714983
12101,7641.637340358977
12102,6334.270137607572
12103,7641.637340358977
12104,6650.226288005765
12105,7641.637340358977
12106,7641.637340358977
12107,7641.637340358977
12108,6771.863337631047
12109,6771.863337631047
12110,6771.863337631047
12111,6650.226288005765
12112,7641.637340358977
12113,7273.974486714983
12114,6735.419927415167
12115,7641.637340358977
12116,7435.16696561688
12117,7641.637340358977
12118,7641.637340358977
12119,7641.637340358977
12120,7641.637340358977
12121,7641.637340358977
12122,6735.419927415167
12123,7038.304739594451
12124,7641.637340358977
12125,7641.637340358977
12126,7435.16696561688
12127,7641.637340358977
12128,7273.974486714983
12129,7641.637340358977
12130,7435.16696561688
12131,7435.16696561688
12132,7435.16696561688
12133,7641.637340358977
12134,6559.671274435851
12135,7641.637340358977
12136,7641.637340358977
12137,6735.419927415167
12138,7641.637340358977
12139,7273.974486714983
12140,7641.637340358977
12141,7435.16696561688
12142,6735.419927415167
12143,7641.637340358977
12144,6650.226288005765
12145,6559.671274435851
12146,7641.637340358977
12147,6104.485566585327
12148,6870.260634433051
12149,6681.541619917508
12150,6681.541619917508
12151,7641.637340358977
12152,7038.304739594451
12153,7641.637340358977
12154,7641.637340358977
12155,7641.637340358977
12156,6104.485566585327
12157,7641.637340358977
12158,7641.637340358977
12159,7273.974486714983
12160,6735.419927415167
12161,7641.637340358977
12162,8217.825638368104
12163,7641.637340358977
12164,7641.637340358977
12165,7898.364114876265
12166,6681.541619917508
12167,7641.637340358977
12168,7641.637340358977
12169,6735.419927415167
12170,6559.671274435851
12171,6104.485566585327
12172,7641.637340358977
12173,7641.637340358977
12174,6559.671274435851
12175,7435.16696561688
12176,7641.637340358977
12177,7273.974486714983
12178,7641.637340358977
12179,6559.671274435851
12180,6559.671274435851
12181,6104.485566585327
12182,6334.270137607572
12183,6870.260634433051
12184,7898.364114876265
12185,7641.637340358977
12186,7641.637340358977
12187,7435.16696561688
12188,6735.419927415167
12189,7641.637340358977
12190,7641.637340358977
12191,7641.637340358977
12192,6735.419927415167
12193,7641.637340358977
12194,6870.260634433051
12195,7435.16696561688
12196,6650.226288005765
12197,7641.637340358977
12198,7435.16696561688
12199,6870.260634433051
12200,7641.637340358977
12201,7435.16696561688
12202,7435.16696561688
12203,7641.637340358977
12204,7435.16696561688
12205,6735.419927415167
12206,7641.637340358977
12207,7641.637340358977
12208,7641.637340358977
12209,6156.854672399497
12210,6681.541619917508
12211,7641.637340358977
12212,7641.637340358977
12213,7641.637340358977
12214,6104.485566585327
12215,7641.637340358977
12216,7038.304739594451
12217,7273.974486714983
12218,7641.637340358977
12219,6650.226288005765
12220,7435.16696561688
12221,6771.863337631047
12222,7898.364114876265
12223,6870.260634433051
12224,7641.637340358977
12225,7641.637340358977
12226,6650.226288005765
12227,7641.637340358977
12228,7641.637340358977
12229,6735.419927415167
12230,6558.962901170368
12231,7641.637340358977
12232,6559.671274435851
12233,7641.637340358977
12234,6650.226288005765
12235,7641.637340358977
12236,7641.637340358977
12237,7641.637340358977
12238,6735.419927415167
12239,7641.637340358977
12240,7273.974486714983
12241,6650.226288005765
12242,7641.637340358977
12243,6681.541619917508
12244,7898.364114876265
12245,6870.260634433051
12246,7641.637340358977
12247,7641.637340358977
12248,7435.16696561688
12249,6735.419927415167
12250,6735.419927415167
12251,7641.637340358977
12252,7641.637340358977
12253,7641.637340358977
12254,7641.637340358977
12255,6735.419927415167
12256,6559.671274435851
12257,7435.16696561688
12258,6735.419927415167
12259,7641.637340358977
12260,7641.637340358977
12261,7641.637340358977
12262,7641.637340358977
12263,7641.637340358977
12264,7641.637340358977
12265,6870.260634433051
12266,6681.541619917508
12267,7641.637340358977
12268,6681.541619917508
12269,7641.637340358977
12270,6650.226288005765
12271,6681.541619917508
12272,7273.974486714983
12273,7641.637340358977
12274,7273.974486714983
12275,7641.637340358977
12276,7641.637340358977
12277,6870.260634433051
12278,7641.637340358977
12279,7641.637340358977
12280,6650.226288005765
12281,6156.854672399497
12282,7641.637340358977
12283,7641.637340358977
12284,6650.226288005765
12285,7641.637340358977
12286,7641.637340358977
12287,7641.637340358977
12288,7641.637340358977
12289,6558.962901170368
12290,6104.485566585327
12291,7435.16696561688
12292,7641.637340358977
12293,6870.260634433051
12294,6735.419927415167
12295,6870.260634433051
12296,6735.419927415167
12297,6681.541619917508
12298,6104.485566585327
12299,7641.637340358977
12300,7641.637340358977
12301,8217.825638368104
12302,7641.637340358977
12303,6104.485566585327
12304,7641.637340358977
12305,7641.637340358977
12306,6870.260634433051
12307,6558.962901170368
12308,6558.962901170368
12309,6334.270137607572
12310,7641.637340358977
12311,7435.16696561688
12312,7641.637340358977
12313,7641.637340358977
12314,6771.863337631047
12315,6824.796478705884
12316,6650.226288005765
12317,7641.637340358977
12318,7641.637340358977
12319,7641.637340358977
12320,7641.637340358977
12321,7435.16696561688
12322,7641.637340358977
12323,6681.541619917508
12324,7641.637340358977
12325,6681.541619917508
12326,7641.637340358977
12327,6650.226288005765
12328,7641.637340358977
12329,7641.637340358977
12330,7898.364114876265
12331,6870.260634433051
12332,6771.863337631047
12333,6559.671274435851
12334,7641.637340358977
12335,7641.637340358977
12336,7641.637340358977
12337,6650.226288005765
12338,7641.637340358977
12339,6559.671274435851
12340,7435.16696561688
12341,7641.637340358977
12342,7641.637340358977
12343,7641.637340358977
12344,7641.637340358977
12345,7641.637340358977
12346,7641.637340358977
12347,6681.541619917508
12348,7641.637340358977
12349,7641.637340358977
12350,7641.637340358977
12351,6334.270137607572
12352,6681.541619917508
12353,7641.637340358977
12354,7641.637340358977
12355,6650.226288005765
12356,7435.16696561688
12357,7641.637340358977
12358,7435.16696561688
12359,7641.637340358977
12360,7435.16696561688
12361,6735.419927415167
12362,7898.364114876265
12363,7641.637340358977
12364,7435.16696561688
12365,6559.671274435851
12366,6559.671274435851
12367,7641.637340358977
12368,7898.364114876265
12369,7641.637340358977
12370,6559.671274435851
12371,7273.974486714983
12372,7898.364114876265
12373,7435.16696561688
12374,7898.364114876265
12375,7641.637340358977
12376,7641.637340358977
12377,6559.671274435851
12378,6558.962901170368
12379,7038.304739594451
12380,6334.270137607572
12381,7641.637340358977
12382,6771.863337631047
12383,6104.485566585327
12384,7435.16696561688
12385,8448.59351057833
12386,7038.304739594451
12387,7641.637340358977
12388,7641.637340358977
12389,7898.364114876265
12390,7641.637340358977
12391,7641.637340358977
12392,7641.637340358977
12393,7641.637340358977
12394,7641.637340358977
12395,6681.541619917508
12396,7641.637340358977
12397,6650.226288005765
12398,6104.485566585327
12399,7641.637340358977
12400,7435.16696561688
12401,8448.59351057833
12402,7641.637340358977
12403,6104.485566585327
12404,7641.637340358977
12405,7273.974486714983
12406,6334.270137607572
12407,7641.637340358977
12408,7641.637340358977
12409,7641.637340358977
12410,7641.637340358977
12411,7898.364114876265
12412,6771.863337631047
12413,7641.637340358977
12414,6870.260634433051
12415,7641.637340358977
12416,7641.637340358977
12417,7641.637340358977
12418,7641.637340358977
12419,6870.260634433051
12420,6735.419927415167
12421,7641.637340358977
12422,7435.16696561688
12423,7273.974486714983
12424,6104.485566585327
12425,7641.637340358977
12426,7435.16696561688
12427,7898.364114876265
12428,6156.854672399497
12429,7641.637340358977
12430,6771.863337631047
12431,6334.270137607572
12432,7641.637340358977
12433,7641.637340358977
12434,7641.637340358977
12435,7641.637340358977
12436,7641.637340358977
12437,6334.270137607572
12438,7641.637340358977
12439,7641.637340358977
12440,6735.419927415167
12441,7641.637340358977
12442,7273.974486714983
12443,6650.226288005765
12444,7641.637340358977
12445,7641.637340358977
12446,7641.637340358977
12447,6104.485566585327
12448,7435.16696561688
12449,7038.304739594451
12450,6735.419927415167
12451,7641.637340358977
12452,6771.863337631047
12453,7641.637340358977
12454,7898.364114876265
12455,7641.637340358977
12456,7435.16696561688
12457,6650.226288005765
12458,7641.637340358977
12459,6334.270137607572
12460,7641.637340358977
12461,6681.541619917508
12462,7435.16696561688
12463,7641.637340358977
12464,7641.637340358977
12465,6771.863337631047
12466,7641.637340358977
12467,7641.637340358977
12468,7641.637340358977
12469,7641.637340358977
12470,6824.796478705884
12471,6334.270137607572
12472,7641.637340358977
12473,7641.637340358977
12474,6771.863337631047
12475,6650.226288005765
12476,7641.637340358977
12477,7641.637340358977
12478,7641.637340358977
12479,6156.854672399497
12480,6334.270137607572
12481,7273.974486714983
12482,6735.419927415167
12483,6681.541619917508
12484,7641.637340358977
12485,7641.637340358977
12486,7435.16696561688
12487,7641.637340358977
12488,6681.541619917508
12489,6559.671274435851
12490,6771.863337631047
12491,6870.260634433051
12492,7898.364114876265
12493,7641.637340358977
12494,7435.16696561688
12495,7641.637340358977
12496,7641.637340358977
12497,7641.637340358977
12498,6735.419927415167
12499,7038.304739594451
12500,7641.637340358977
12501,6650.226288005765
12502,6681.541619917508
12503,8217.825638368104
12504,6559.671274435851
12505,6650.226288005765
12506,6735.419927415167
12507,7641.637340358977
12508,6681.541619917508
12509,7435.16696561688
12510,6334.270137607572
12511,6104.485566585327
12512,7641.637340358977
12513,7898.364114876265
12514,7641.637340358977
12515,7641.637340358977
12516,7641.637340358977
12517,7898.364114876265
12518,7641.637340358977
12519,7435.16696561688
12520,7435.16696561688
12521,6104.485566585327
12522,7641.637340358977
12523,7435.16696561688
12524,6559.671274435851
12525,6558.962901170368
12526,6735.419927415167
12527,6681.541619917508
12528,7641.637340358977
12529,7273.974486714983
12530,6870.260634433051
12531,7641.637340358977
12532,6735.419927415167
12533,6559.671274435851
12534,6681.541619917508
12535,6870.260634433051
12536,6870.260634433051
12537,7641.637340358977
12538,7435.16696561688
12539,7641.637340358977
12540,6681.541619917508
12541,6735.419927415167
12542,7641.637340358977
12543,7641.637340358977
12544,6559.671274435851
12545,7641.637340358977
12546,7641.637340358977
12547,7641.637340358977
12548,6735.419927415167
12549,7641.637340358977
12550,6870.260634433051
12551,7641.637340358977
12552,7641.637340358977
12553,6156.854672399497
12554,6735.419927415167
12555,6650.226288005765
12556,7641.637340358977
12557,7641.637340358977
12558,7641.637340358977
12559,7641.637340358977
12560,7641.637340358977
12561,7435.16696561688
12562,6334.270137607572
12563,6735.419927415167
12564,6735.419927415167
12565,6735.419927415167
12566,7641.637340358977
12567,6650.226288005765
12568,6334.270137607572
12569,7435.16696561688
12570,7641.637340358977
12571,7641.637340358977
12572,6650.226288005765
12573,6870.260634433051
12574,7641.637340358977
12575,6870.260634433051
12576,7898.364114876265
12577,7641.637340358977
12578,7641.637340358977
12579,7641.637340358977
12580,8448.59351057833
12581,7641.637340358977
12582,7641.637340358977
12583,7641.637340358977
12584,7641.637340358977
12585,7641.637340358977
12586,7641.637340358977
12587,6735.419927415167
12588,6870.260634433051
12589,7435.16696561688
12590,6104.485566585327
12591,6870.260634433051
12592,6650.226288005765
12593,7641.637340358977
12594,7641.637340358977
12595,7641.637340358977
12596,7273.974486714983
12597,7641.637340358977
12598,6334.270137607572
12599,7641.637340358977
12600,7435.16696561688
12601,7641.637340358977
12602,7641.637340358977
12603,7641.637340358977
12604,7641.637340358977
12605,6870.260634433051
12606,6104.485566585327
12607,6870.260634433051
12608,6681.541619917508
12609,7641.637340358977
12610,7641.637340358977
12611,7641.637340358977
12612,7641.637340358977
12613,7641.637340358977
12614,7435.16696561688
12615,7641.637340358977
12616,6334.270137607572
12617,7641.637340358977
12618,7435.16696561688
12619,8448.59351057833
12620,7641.637340358977
12621,7641.637340358977
12622,7435.16696561688
12623,7641.637340358977
12624,7641.637340358977
12625,7641.637340358977
12626,6681.541619917508
12627,6334.270137607572
12628,6870.260634433051
12629,7641.637340358977
12630,7641.637340358977
12631,7641.637340358977
12632,7273.974486714983
12633,6735.419927415167
12634,7898.364114876265
12635,6650.226288005765
12636,6735.419927415167
12637,7641.637340358977
12638,6650.226288005765
12639,6400.121861411011
12640,6735.419927415167
12641,7641.637340358977
12642,6681.541619917508
12643,7641.637340358977
12644,6824.796478705884
12645,7435.16696561688
12646,7641.637340358977
12647,7641.637340358977
12648,6735.419927415167
12649,6735.419927415167
12650,7641.637340358977
12651,6681.541619917508
12652,7641.637340358977
12653,6559.671274435851
12654,7641.637340358977
12655,6870.260634433051
12656,7641.637340358977
12657,6824.796478705884
12658,7641.637340358977
12659,7273.974486714983
12660,7641.637340358977
12661,6559.671274435851
12662,7641.637340358977
12663,6650.226288005765
12664,7641.637340358977
12665,7641.637340358977
12666,7641.637340358977
12667,7641.637340358977
12668,7641.637340358977
12669,7898.364114876265
12670,6334.270137607572
12671,6735.419927415167
12672,6650.226288005765
12673,6104.485566585327
12674,7641.637340358977
12675,7641.637340358977
12676,7641.637340358977
12677,6559.671274435851
12678,7435.16696561688
12679,7641.637340358977
12680,7435.16696561688
12681,7641.637340358977
12682,6735.419927415167
12683,7641.637340358977
12684,7641.637340358977
12685,7641.637340358977
12686,7898.364114876265
12687,6681.541619917508
12688,7641.637340358977
12689,7641.637340358977
12690,7641.637340358977
12691,7641.637340358977
12692,7435.16696561688
12693,7641.637340358977
12694,7641.637340358977
12695,6681.541619917508
12696,7435.16696561688
12697,7641.637340358977
12698,6104.485566585327
12699,6104.485566585327
12700,6771.863337631047
12701,7641.637340358977
12702,6650.226288005765
12703,7641.637340358977
12704,7641.637340358977
12705,6104.485566585327
12706,6771.863337631047
12707,6735.419927415167
12708,7641.637340358977
12709,7641.637340358977
12710,6870.260634433051
12711,7641.637340358977
12712,7641.637340358977
12713,6650.226288005765
12714,7273.974486714983
12715,7641.637340358977
12716,7641.637340358977
12717,7641.637340358977
12718,6735.419927415167
12719,6771.863337631047
12720,7641.637340358977
12721,7641.637340358977
12722,7435.16696561688
12723,7641.637340358977
12724,6870.260634433051
12725,6156.854672399497
12726,7273.974486714983
12727,6650.226288005765
12728,7641.637340358977
12729,7641.637340358977
12730,6559.671274435851
12731,7641.637340358977
12732,7641.637340358977
12733,6156.854672399497
12734,6870.260634433051
12735,7898.364114876265
12736,6632.150507367874
12737,7435.16696561688
12738,6735.419927415167
12739,7641.637340358977
12740,6771.863337631047
12741,7641.637340358977
12742,6104.485566585327
12743,6104.485566585327
12744,6771.863337631047
12745,7273.974486714983
12746,7641.637340358977
12747,7435.16696561688
12748,7641.637340358977
12749,7641.637340358977
12750,6104.485566585327
12751,7898.364114876265
12752,6559.671274435851
12753,7435.16696561688
12754,6558.962901170368
12755,7038.304739594451
12756,7641.637340358977
12757,7641.637340358977
12758,7641.637340358977
12759,6870.260634433051
12760,7273.974486714983
12761,7273.974486714983
12762,8217.825638368104
12763,6650.226288005765
12764,6650.226288005765
12765,7038.304739594451
12766,6334.270137607572
12767,6771.863337631047
12768,7641.637340358977
12769,7641.637340358977
12770,7641.637340358977
12771,7641.637340358977
12772,8448.59351057833
12773,7435.16696561688
12774,6650.226288005765
12775,7641.637340358977
12776,6156.854672399497
12777,7641.637340358977
12778,7641.637340358977
12779,7641.637340358977
12780,6870.260634433051
12781,7435.16696561688
12782,6650.226288005765
12783,6771.863337631047
12784,7641.637340358977
12785,6681.541619917508
12786,7435.16696561688
12787,6735.419927415167
12788,7038.304739594451
12789,6104.485566585327
12790,6650.226288005765
12791,7641.637340358977
12792,6681.541619917508
12793,7435.16696561688
12794,7641.637340358977
12795,6334.270137607572
12796,7641.637340358977
12797,6650.226288005765
12798,7641.637340358977
12799,7435.16696561688
12800,7641.637340358977
12801,7641.637340358977
12802,6334.270137607572
12803,7641.637340358977
12804,7641.637340358977
12805,6559.671274435851
12806,7641.637340358977
12807,6334.270137607572
12808,6559.671274435851
12809,6681.541619917508
12810,6104.485566585327
12811,6334.270137607572
12812,7435.16696561688
12813,7898.364114876265
12814,7435.16696561688
12815,6559.671274435851
12816,6771.863337631047
12817,7273.974486714983
12818,7641.637340358977
12819,6558.962901170368
12820,7641.637340358977
12821,7641.637340358977
12822,7435.16696561688
12823,7435.16696561688
12824,6870.260634433051
12825,7641.637340358977
12826,6735.419927415167
12827,6735.419927415167
12828,7641.637340358977
12829,7435.16696561688
12830,6559.671274435851
12831,6735.419927415167
12832,6559.671274435851
12833,6650.226288005765
12834,6771.863337631047
12835,7641.637340358977
12836,6650.226288005765
12837,7641.637340358977
12838,7641.637340358977
12839,7641.637340358977
12840,7641.637340358977
12841,7878.63292782239
12842,6921.824505791
12843,7878.63292782239
12844,7878.63292782239
12845,7878.63292782239
12846,7878.63292782239
12847,6401.447293427574
12848,7154.70320033481
12849,6689.232796420335
12850,7449.911842331042
12851,6921.824505791
12852,7878.63292782239
12853,7878.63292782239
12854,7449.911842331042
12855,6689.232796420335
12856,7878.63292782239
12857,7878.63292782239
12858,7449.911842331042
12859,7878.63292782239
12860,6875.270503470714
12861,7878.63292782239
12862,7206.422718994869
12863,7878.63292782239
12864,6689.232796420335
12865,7878.63292782239
12866,6401.447293427574
12867,7449.911842331042
12868,7878.63292782239
12869,6968.2771061168305
12870,6689.232796420335
12871,6968.2771061168305
12872,7449.911842331042
12873,8204.315747489256
12874,7878.63292782239
12875,6921.824505791
12876,6921.824505791
12877,7878.63292782239
12878,7878.63292782239
12879,7878.63292782239
12880,7144.216903201807
12881,8576.648649300723
12882,7878.63292782239
12883,7206.422718994869
12884,6797.174506058251
12885,6401.447293427574
12886,7878.63292782239
12887,7631.622400389716
12888,6921.824505791
12889,8204.315747489256
12890,7878.63292782239
12891,6609.439168998054
12892,7449.911842331042
12893,7878.63292782239
12894,8204.315747489256
12895,7154.70320033481
12896,7878.63292782239
12897,7878.63292782239
12898,7878.63292782239
12899,7878.63292782239
12900,7206.422718994869
12901,7878.63292782239
12902,7878.63292782239
12903,7449.911842331042
12904,8204.315747489256
12905,7878.63292782239
12906,7878.63292782239
12907,6968.2771061168305
12908,7449.911842331042
12909,7878.63292782239
12910,6609.439168998054
12911,6689.232796420335
12912,6921.824505791
12913,7878.63292782239
12914,6401.447293427574
12915,7878.63292782239
12916,7878.63292782239
12917,7878.63292782239
12918,7206.422718994869
12919,7070.34936223598
12920,7878.63292782239
12921,7878.63292782239
12922,7878.63292782239
12923,7878.63292782239
12924,8204.315747489256
12925,7878.63292782239
12926,7878.63292782239
12927,7449.911842331042
12928,7878.63292782239
12929,7878.63292782239
12930,7878.63292782239
12931,8204.315747489256
12932,7878.63292782239
12933,7878.63292782239
12934,7631.622400389716
12935,7154.70320033481
12936,6401.447293427574
12937,6921.824505791
12938,7154.70320033481
12939,7878.63292782239
12940,6797.174506058251
12941,6401.447293427574
12942,7878.63292782239
12943,7449.911842331042
12944,6921.824505791
12945,6401.447293427574
12946,7878.63292782239
12947,7878.63292782239
12948,7878.63292782239
12949,7878.63292782239
12950,6689.232796420335
12951,8449.960177947185
12952,7878.63292782239
12953,6921.824505791
12954,7878.63292782239
12955,7878.63292782239
12956,7631.622400389716
12957,7878.63292782239
12958,6609.439168998054
12959,7878.63292782239
12960,6968.2771061168305
12961,7878.63292782239
12962,7878.63292782239
12963,7878.63292782239
12964,7154.70320033481
12965,7154.70320033481
12966,7154.70320033481
12967,6968.2771061168305
12968,7878.63292782239
12969,7631.622400389716
12970,6921.824505791
12971,7878.63292782239
12972,7449.911842331042
12973,7878.63292782239
12974,7878.63292782239
12975,7878.63292782239
12976,7878.63292782239
12977,7878.63292782239
12978,6921.824505791
12979,7144.216903201807
12980,7878.63292782239
12981,7878.63292782239
12982,7449.911842331042
12983,7878.63292782239
12984,7631.622400389716
12985,7878.63292782239
12986,7449.911842331042
12987,7449.911842331042
12988,7449.911842331042
12989,7878.63292782239
12990,6875.270503470714
12991,7878.63292782239
12992,7878.63292782239
12993,6921.824505791
12994,7878.63292782239
12995,7631.622400389716
12996,7878.63292782239
12997,7449.911842331042
12998,6921.824505791
12999,7878.63292782239
13000,6968.2771061168305
13001,6875.270503470714
13002,7878.63292782239
13003,6401.447293427574
13004,7206.422718994869
13005,6689.232796420335
13006,6689.232796420335
13007,7878.63292782239
13008,7144.216903201807
13009,7878.63292782239
13010,7878.63292782239
13011,7878.63292782239
13012,6401.447293427574
13013,7878.63292782239
13014,7878.63292782239
13015,7631.622400389716
13016,6921.824505791
13017,7878.63292782239
13018,8576.648649300723
13019,7878.63292782239
13020,7878.63292782239
13021,8204.315747489256
13022,6689.232796420335
13023,7878.63292782239
13024,7878.63292782239
13025,6921.824505791
13026,6875.270503470714
13027,6401.447293427574
13028,7878.63292782239
13029,7878.63292782239
13030,6875.270503470714
13031,7449.911842331042
13032,7878.63292782239
13033,7631.622400389716
13034,7878.63292782239
13035,6875.270503470714
13036,6875.270503470714
13037,6401.447293427574
13038,6609.439168998054
13039,7206.422718994869
13040,8204.315747489256
13041,7878.63292782239
13042,7878.63292782239
13043,7449.911842331042
13044,6921.824505791
13045,7878.63292782239
13046,7878.63292782239
13047,7878.63292782239
13048,6921.824505791
13049,7878.63292782239
13050,7206.422718994869
13051,7449.911842331042
13052,6968.2771061168305
13053,7878.63292782239
13054,7449.911842331042
13055,7206.422718994869
13056,7878.63292782239
13057,7449.911842331042
13058,7449.911842331042
13059,7878.63292782239
13060,7449.911842331042
13061,6921.824505791
13062,7878.63292782239
13063,7878.63292782239
13064,7878.63292782239
13065,6374.103519050667
13066,6689.232796420335
13067,7878.63292782239
13068,7878.63292782239
13069,7878.63292782239
13070,6401.447293427574
13071,7878.63292782239
13072,7144.216903201807
13073,7631.622400389716
13074,7878.63292782239
13075,6968.2771061168305
13076,7449.911842331042
13077,7154.70320033481
13078,8204.315747489256
13079,7206.422718994869
13080,7878.63292782239
13081,7878.63292782239
13082,6968.2771061168305
13083,7878.63292782239
13084,7878.63292782239
13085,6921.824505791
13086,6797.174506058251
13087,7878.63292782239
13088,6875.270503470714
13089,7878.63292782239
13090,6968.2771061168305
13091,7878.63292782239
13092,7878.63292782239
13093,7878.63292782239
13094,6921.824505791
13095,7878.63292782239
13096,7631.622400389716
13097,6968.2771061168305
13098,7878.63292782239
13099,6689.232796420335
13100,8204.315747489256
13101,7206.422718994869
13102,7878.63292782239
13103,7878.63292782239
13104,7449.911842331042
13105,6921.824505791
13106,6921.824505791
13107,7878.63292782239
13108,7878.63292782239
13109,7878.63292782239
13110,7878.63292782239
13111,6921.824505791
13112,6875.270503470714
13113,7449.911842331042
13114,6921.824505791
13115,7878.63292782239
13116,7878.63292782239
13117,7878.63292782239
13118,7878.63292782239
13119,7878.63292782239
13120,7878.63292782239
13121,7206.422718994869
13122,6689.232796420335
13123,7878.63292782239
13124,6689.232796420335
13125,7878.63292782239
13126,6968.2771061168305
13127,6689.232796420335
13128,7631.622400389716
13129,7878.63292782239
13130,7631.622400389716
13131,7878.63292782239
13132,7878.63292782239
13133,7206.422718994869
13134,7878.63292782239
13135,7878.63292782239
13136,6968.2771061168305
13137,6374.103519050667
13138,7878.63292782239
13139,7878.63292782239
13140,6968.2771061168305
13141,7878.63292782239
13142,7878.63292782239
13143,7878.63292782239
13144,7878.63292782239
13145,6797.174506058251
13146,6401.447293427574
13147,7449.911842331042
13148,7878.63292782239
13149,7206.422718994869
13150,6921.824505791
13151,7206.422718994869
13152,6921.824505791
13153,6689.232796420335
13154,6401.447293427574
13155,7878.63292782239
13156,7878.63292782239
13157,8576.648649300723
13158,7878.63292782239
13159,6401.447293427574
13160,7878.63292782239
13161,7878.63292782239
13162,7206.422718994869
13163,6797.174506058251
13164,6797.174506058251
13165,6609.439168998054
13166,7878.63292782239
13167,7449.911842331042
13168,7878.63292782239
13169,7878.63292782239
13170,7154.70320033481
13171,7070.34936223598
13172,6968.2771061168305
13173,7878.63292782239
13174,7878.63292782239
13175,7878.63292782239
13176,7878.63292782239
13177,7449.911842331042
13178,7878.63292782239
13179,6689.232796420335
13180,7878.63292782239
13181,6689.232796420335
13182,7878.63292782239
13183,6968.2771061168305
13184,7878.63292782239
13185,7878.63292782239
13186,8204.315747489256
13187,7206.422718994869
13188,7154.70320033481
13189,6875.270503470714
13190,7878.63292782239
13191,7878.63292782239
13192,7878.63292782239
13193,6968.2771061168305
13194,7878.63292782239
13195,6875.270503470714
13196,7449.911842331042
13197,7878.63292782239
13198,7878.63292782239
13199,7878.63292782239
13200,7878.63292782239
13201,7878.63292782239
13202,7878.63292782239
13203,6689.232796420335
13204,7878.63292782239
13205,7878.63292782239
13206,7878.63292782239
13207,6609.439168998054
13208,6689.232796420335
13209,7878.63292782239
13210,7878.63292782239
13211,6968.2771061168305
13212,7449.911842331042
13213,7878.63292782239
13214,7449.911842331042
13215,7878.63292782239
13216,7449.911842331042
13217,6921.824505791
13218,8204.315747489256
13219,7878.63292782239
13220,7449.911842331042
13221,6875.270503470714
13222,6875.270503470714
13223,7878.63292782239
13224,8204.315747489256
13225,7878.63292782239
13226,6875.270503470714
13227,7631.622400389716
13228,8204.315747489256
13229,7449.911842331042
13230,8204.315747489256
13231,7878.63292782239
13232,7878.63292782239
13233,6875.270503470714
13234,6797.174506058251
13235,7144.216903201807
13236,6609.439168998054
13237,7878.63292782239
13238,7154.70320033481
13239,6401.447293427574
13240,7449.911842331042
13241,8449.960177947185
13242,7144.216903201807
13243,7878.63292782239
13244,7878.63292782239
13245,8204.315747489256
13246,7878.63292782239
13247,7878.63292782239
13248,7878.63292782239
13249,7878.63292782239
13250,7878.63292782239
13251,6689.232796420335
13252,7878.63292782239
13253,6968.2771061168305
13254,6401.447293427574
13255,7878.63292782239
13256,7449.911842331042
13257,8449.960177947185
13258,7878.63292782239
13259,6401.447293427574
13260,7878.63292782239
13261,7631.622400389716
13262,6609.439168998054
13263,7878.63292782239
13264,7878.63292782239
13265,7878.63292782239
13266,7878.63292782239
13267,8204.315747489256
13268,7154.70320033481
13269,7878.63292782239
13270,7206.422718994869
13271,7878.63292782239
13272,7878.63292782239
13273,7878.63292782239
13274,7878.63292782239
13275,7206.422718994869
13276,6921.824505791
13277,7878.63292782239
13278,7449.911842331042
13279,7631.622400389716
13280,6401.447293427574
13281,7878.63292782239
13282,7449.911842331042
13283,8204.315747489256
13284,6374.103519050667
13285,7878.63292782239
13286,7154.70320033481
13287,6609.439168998054
13288,7878.63292782239
13289,7878.63292782239
13290,7878.63292782239
13291,7878.63292782239
13292,7878.63292782239
13293,6609.439168998054
13294,7878.63292782239
13295,7878.63292782239
13296,6921.824505791
13297,7878.63292782239
13298,7631.622400389716
13299,6968.2771061168305
13300,7878.63292782239
13301,7878.63292782239
13302,7878.63292782239
13303,6401.447293427574
13304,7449.911842331042
13305,7144.216903201807
13306,6921.824505791
13307,7878.63292782239
13308,7154.70320033481
13309,7878.63292782239
13310,8204.315747489256
13311,7878.63292782239
13312,7449.911842331042
13313,6968.2771061168305
13314,7878.63292782239
13315,6609.439168998054
13316,7878.63292782239
13317,6689.232796420335
13318,7449.911842331042
13319,7878.63292782239
13320,7878.63292782239
13321,7154.70320033481
13322,7878.63292782239
13323,7878.63292782239
13324,7878.63292782239
13325,7878.63292782239
13326,7070.34936223598
13327,6609.439168998054
13328,7878.63292782239
13329,7878.63292782239
13330,7154.70320033481
13331,6968.2771061168305
13332,7878.63292782239
13333,7878.63292782239
13334,7878.63292782239
13335,6374.103519050667
13336,6609.439168998054
13337,7631.622400389716
13338,6921.824505791
13339,6689.232796420335
13340,7878.63292782239
13341,7878.63292782239
13342,7449.911842331042
13343,7878.63292782239
13344,6689.232796420335
13345,6875.270503470714
13346,7154.70320033481
13347,7206.422718994869
13348,8204.315747489256
13349,7878.63292782239
13350,7449.911842331042
13351,7878.63292782239
13352,7878.63292782239
13353,7878.63292782239
13354,6921.824505791
13355,7144.216903201807
13356,7878.63292782239
13357,6968.2771061168305
13358,6689.232796420335
13359,8576.648649300723
13360,6875.270503470714
13361,6968.2771061168305
13362,6921.824505791
13363,7878.63292782239
13364,6689.232796420335
13365,7449.911842331042
13366,6609.439168998054
13367,6401.447293427574
13368,7878.63292782239
13369,8204.315747489256
13370,7878.63292782239
13371,7878.63292782239
13372,7878.63292782239
13373,8204.315747489256
13374,7878.63292782239
13375,7449.911842331042
13376,7449.911842331042
13377,6401.447293427574
13378,7878.63292782239
13379,7449.911842331042
13380,6875.270503470714
13381,6797.174506058251
13382,6921.824505791
13383,6689.232796420335
13384,7878.63292782239
13385,7631.622400389716
13386,7206.422718994869
13387,7878.63292782239
13388,6921.824505791
13389,6875.270503470714
13390,6689.232796420335
13391,7206.422718994869
13392,7206.422718994869
13393,7878.63292782239
13394,7449.911842331042
13395,7878.63292782239
13396,6689.232796420335
13397,6921.824505791
13398,7878.63292782239
13399,7878.63292782239
13400,6875.270503470714
13401,7878.63292782239
13402,7878.63292782239
13403,7878.63292782239
13404,6921.824505791
13405,7878.63292782239
13406,7206.422718994869
13407,7878.63292782239
13408,7878.63292782239
13409,6374.103519050667
13410,6921.824505791
13411,6968.2771061168305
13412,7878.63292782239
13413,7878.63292782239
13414,7878.63292782239
13415,7878.63292782239
13416,7878.63292782239
13417,7449.911842331042
13418,6609.439168998054
13419,6921.824505791
13420,6921.824505791
13421,6921.824505791
13422,7878.63292782239
13423,6968.2771061168305
13424,6609.439168998054
13425,7449.911842331042
13426,7878.63292782239
13427,7878.63292782239
13428,6968.2771061168305
13429,7206.422718994869
13430,7878.63292782239
13431,7206.422718994869
13432,8204.315747489256
13433,7878.63292782239
13434,7878.63292782239
13435,7878.63292782239
13436,8449.960177947185
13437,7878.63292782239
13438,7878.63292782239
13439,7878.63292782239
13440,7878.63292782239
13441,7878.63292782239
13442,7878.63292782239
13443,6921.824505791
13444,7206.422718994869
13445,7449.911842331042
13446,6401.447293427574
13447,7206.422718994869
13448,6968.2771061168305
13449,7878.63292782239
13450,7878.63292782239
13451,7878.63292782239
13452,7631.622400389716
13453,7878.63292782239
13454,6609.439168998054
13455,7878.63292782239
13456,7449.911842331042
13457,7878.63292782239
13458,7878.63292782239
13459,7878.63292782239
13460,7878.63292782239
13461,7206.422718994869
13462,6401.447293427574
13463,7206.422718994869
13464,6689.232796420335
13465,7878.63292782239
13466,7878.63292782239
13467,7878.63292782239
13468,7878.63292782239
13469,7878.63292782239
13470,7449.911842331042
13471,7878.63292782239
13472,6609.439168998054
13473,7878.63292782239
13474,7449.911842331042
13475,8449.960177947185
13476,7878.63292782239
13477,7878.63292782239
13478,7449.911842331042
13479,7878.63292782239
13480,7878.63292782239
13481,7878.63292782239
13482,6689.232796420335
13483,6609.439168998054
13484,7206.422718994869
13485,7878.63292782239
13486,7878.63292782239
13487,7878.63292782239
13488,7631.622400389716
13489,6921.824505791
13490,8204.315747489256
13491,6968.2771061168305
13492,6921.824505791
13493,7878.63292782239
13494,6968.2771061168305
13495,6401.488528779865
13496,6921.824505791
13497,7878.63292782239
13498,6689.232796420335
13499,7878.63292782239
13500,7070.34936223598
13501,7449.911842331042
13502,7878.63292782239
13503,7878.63292782239
13504,6921.824505791
13505,6921.824505791
13506,7878.63292782239
13507,6689.232796420335
13508,7878.63292782239
13509,6875.270503470714
13510,7878.63292782239
13511,7206.422718994869
13512,7878.63292782239
13513,7070.34936223598
13514,7878.63292782239
13515,7631.622400389716
13516,7878.63292782239
13517,6875.270503470714
13518,7878.63292782239
13519,6968.2771061168305
13520,7878.63292782239
13521,7878.63292782239
13522,7878.63292782239
13523,7878.63292782239
13524,7878.63292782239
13525,8204.315747489256
13526,6609.439168998054
13527,6921.824505791
13528,6968.2771061168305
13529,6401.447293427574
13530,7878.63292782239
13531,7878.63292782239
13532,7878.63292782239
13533,6875.270503470714
13534,7449.911842331042
13535,7878.63292782239
13536,7449.911842331042
13537,7878.63292782239
13538,6921.824505791
13539,7878.63292782239
13540,7878.63292782239
13541,7878.63292782239
13542,8204.315747489256
13543,6689.232796420335
13544,7878.63292782239
13545,7878.63292782239
13546,7878.63292782239
13547,7878.63292782239
13548,7449.911842331042
13549,7878.63292782239
13550,7878.63292782239
13551,6689.232796420335
13552,7449.911842331042
13553,7878.63292782239
13554,6401.447293427574
13555,6401.447293427574
13556,7154.70320033481
13557,7878.63292782239
13558,6968.2771061168305
13559,7878.63292782239
13560,7878.63292782239
13561,6401.447293427574
13562,7154.70320033481
13563,6921.824505791
13564,7878.63292782239
13565,7878.63292782239
13566,7206.422718994869
13567,7878.63292782239
13568,7878.63292782239
13569,6968.2771061168305
13570,7631.622400389716
13571,7878.63292782239
13572,7878.63292782239
13573,7878.63292782239
13574,6921.824505791
13575,7154.70320033481
13576,7878.63292782239
13577,7878.63292782239
13578,7449.911842331042
13579,7878.63292782239
13580,7206.422718994869
13581,6374.103519050667
13582,7631.622400389716
13583,6968.2771061168305
13584,7878.63292782239
13585,7878.63292782239
13586,6875.270503470714
13587,7878.63292782239
13588,7878.63292782239
13589,6374.103519050667
13590,7206.422718994869
13591,8204.315747489256
13592,6938.539692755129
13593,7449.911842331042
13594,6921.824505791
13595,7878.63292782239
13596,7154.70320033481
13597,7878.63292782239
13598,6401.447293427574
13599,6401.447293427574
13600,7154.70320033481
13601,7631.622400389716
13602,7878.63292782239
13603,7449.911842331042
13604,7878.63292782239
13605,7878.63292782239
13606,6401.447293427574
13607,8204.315747489256
13608,6875.270503470714
13609,7449.911842331042
13610,6797.174506058251
13611,7144.216903201807
13612,7878.63292782239
13613,7878.63292782239
13614,7878.63292782239
13615,7206.422718994869
13616,7631.622400389716
13617,7631.622400389716
13618,8576.648649300723
13619,6968.2771061168305
13620,6968.2771061168305
13621,7144.216903201807
13622,6609.439168998054
13623,7154.70320033481
13624,7878.63292782239
13625,7878.63292782239
13626,7878.63292782239
13627,7878.63292782239
13628,8449.960177947185
13629,7449.911842331042
13630,6968.2771061168305
13631,7878.63292782239
13632,6374.103519050667
13633,7878.63292782239
13634,7878.63292782239
13635,7878.63292782239
13636,7206.422718994869
13637,7449.911842331042
13638,6968.2771061168305
13639,7154.70320033481
13640,7878.63292782239
13641,6689.232796420335
13642,7449.911842331042
13643,6921.824505791
13644,7144.216903201807
13645,6401.447293427574
13646,6968.2771061168305
13647,7878.63292782239
13648,6689.232796420335
13649,7449.911842331042
13650,7878.63292782239
13651,6609.439168998054
13652,7878.63292782239
13653,6968.2771061168305
13654,7878.63292782239
13655,7449.911842331042
13656,7878.63292782239
13657,7878.63292782239
13658,6609.439168998054
13659,7878.63292782239
13660,7878.63292782239
13661,6875.270503470714
13662,7878.63292782239
13663,6609.439168998054
13664,6875.270503470714
13665,6689.232796420335
13666,6401.447293427574
13667,6609.439168998054
13668,7449.911842331042
13669,8204.315747489256
13670,7449.911842331042
13671,6875.270503470714
13672,7154.70320033481
13673,7631.622400389716
13674,7878.63292782239
13675,6797.174506058251
13676,7878.63292782239
13677,7878.63292782239
13678,7449.911842331042
13679,7449.911842331042
13680,7206.422718994869
13681,7878.63292782239
13682,6921.824505791
13683,6921.824505791
13684,7878.63292782239
13685,7449.911842331042
13686,6875.270503470714
13687,6921.824505791
13688,6875.270503470714
13689,6968.2771061168305
13690,7154.70320033481
13691,7878.63292782239
13692,6968.2771061168305
13693,7878.63292782239
13694,7878.63292782239
13695,7878.63292782239
13696,7878.63292782239
13697,8573.66768956118
13698,7632.915738347463
13699,8573.66768956118
13700,8573.66768956118
13701,8573.66768956118
13702,8573.66768956118
13703,6924.534136104643
13704,7998.022526113079
13705,7571.830112120034
13706,8352.731033117041
13707,7632.915738347463
13708,8573.66768956118
13709,8573.66768956118
13710,8352.731033117041
13711,7571.830112120034
13712,8573.66768956118
13713,8573.66768956118
13714,8352.731033117041
13715,8573.66768956118
13716,7413.272042046723
13717,8573.66768956118
13718,7799.216605616307
13719,8573.66768956118
13720,7571.830112120034
13721,8573.66768956118
13722,6924.534136104643
13723,8352.731033117041
13724,8573.66768956118
13725,7706.348502226559
13726,7571.830112120034
13727,7706.348502226559
13728,8352.731033117041
13729,9132.124327452615
13730,8573.66768956118
13731,7632.915738347463
13732,7632.915738347463
13733,8573.66768956118
13734,8573.66768956118
13735,8573.66768956118
13736,7569.890830224771
13737,9121.267740775704
13738,8573.66768956118
13739,7799.216605616307
13740,7289.1778412196845
13741,6924.534136104643
13742,8573.66768956118
13743,8308.715139408665
13744,7632.915738347463
13745,9132.124327452615
13746,8573.66768956118
13747,7126.080438057956
13748,8352.731033117041
13749,8573.66768956118
13750,9132.124327452615
13751,7998.022526113079
13752,8573.66768956118
13753,8573.66768956118
13754,8573.66768956118
13755,8573.66768956118
13756,7799.216605616307
13757,8573.66768956118
13758,8573.66768956118
13759,8352.731033117041
13760,9132.124327452615
13761,8573.66768956118
13762,8573.66768956118
13763,7706.348502226559
13764,8352.731033117041
13765,8573.66768956118
13766,7126.080438057956
13767,7571.830112120034
13768,7632.915738347463
13769,8573.66768956118
13770,6924.534136104643
13771,8573.66768956118
13772,8573.66768956118
13773,8573.66768956118
13774,7799.216605616307
13775,7737.398552046128
13776,8573.66768956118
13777,8573.66768956118
13778,8573.66768956118
13779,8573.66768956118
13780,9132.124327452615
13781,8573.66768956118
13782,8573.66768956118
13783,8352.731033117041
13784,8573.66768956118
13785,8573.66768956118
13786,8573.66768956118
13787,9132.124327452615
13788,8573.66768956118
13789,8573.66768956118
13790,8308.715139408665
13791,7998.022526113079
13792,6924.534136104643
13793,7632.915738347463
13794,7998.022526113079
13795,8573.66768956118
13796,7289.1778412196845
13797,6924.534136104643
13798,8573.66768956118
13799,8352.731033117041
13800,7632.915738347463
13801,6924.534136104643
13802,8573.66768956118
13803,8573.66768956118
13804,8573.66768956118
13805,8573.66768956118
13806,7571.830112120034
13807,9264.59934370543
13808,8573.66768956118
13809,7632.915738347463
13810,8573.66768956118
13811,8573.66768956118
13812,8308.715139408665
13813,8573.66768956118
13814,7126.080438057956
13815,8573.66768956118
13816,7706.348502226559
13817,8573.66768956118
13818,8573.66768956118
13819,8573.66768956118
13820,7998.022526113079
13821,7998.022526113079
13822,7998.022526113079
13823,7706.348502226559
13824,8573.66768956118
13825,8308.715139408665
13826,7632.915738347463
13827,8573.66768956118
13828,8352.731033117041
13829,8573.66768956118
13830,8573.66768956118
13831,8573.66768956118
13832,8573.66768956118
13833,8573.66768956118
13834,7632.915738347463
13835,7569.890830224771
13836,8573.66768956118
13837,8573.66768956118
13838,8352.731033117041
13839,8573.66768956118
13840,8308.715139408665
13841,8573.66768956118
13842,8352.731033117041
13843,8352.731033117041
13844,8352.731033117041
13845,8573.66768956118
13846,7413.272042046723
13847,8573.66768956118
13848,8573.66768956118
13849,7632.915738347463
13850,8573.66768956118
13851,8308.715139408665
13852,8573.66768956118
13853,8352.731033117041
13854,7632.915738347463
13855,8573.66768956118
13856,7706.348502226559
13857,7413.272042046723
13858,8573.66768956118
13859,6924.534136104643
13860,7799.216605616307
13861,7571.830112120034
13862,7571.830112120034
13863,8573.66768956118
13864,7569.890830224771
13865,8573.66768956118
13866,8573.66768956118
13867,8573.66768956118
13868,6924.534136104643
13869,8573.66768956118
13870,8573.66768956118
13871,8308.715139408665
13872,7632.915738347463
13873,8573.66768956118
13874,9121.267740775704
13875,8573.66768956118
13876,8573.66768956118
13877,9132.124327452615
13878,7571.830112120034
13879,8573.66768956118
13880,8573.66768956118
13881,7632.915738347463
13882,7413.272042046723
13883,6924.534136104643
13884,8573.66768956118
13885,8573.66768956118
13886,7413.272042046723
13887,8352.731033117041
13888,8573.66768956118
13889,8308.715139408665
13890,8573.66768956118
13891,7413.272042046723
13892,7413.272042046723
13893,6924.534136104643
13894,7126.080438057956
13895,7799.216605616307
13896,9132.124327452615
13897,8573.66768956118
13898,8573.66768956118
13899,8352.731033117041
13900,7632.915738347463
13901,8573.66768956118
13902,8573.66768956118
13903,8573.66768956118
13904,7632.915738347463
13905,8573.66768956118
13906,7799.216605616307
13907,8352.731033117041
13908,7706.348502226559
13909,8573.66768956118
13910,8352.731033117041
13911,7799.216605616307
13912,8573.66768956118
13913,8352.731033117041
13914,8352.731033117041
13915,8573.66768956118
13916,8352.731033117041
13917,7632.915738347463
13918,8573.66768956118
13919,8573.66768956118
13920,8573.66768956118
13921,7081.407990564091
13922,7571.830112120034
13923,8573.66768956118
13924,8573.66768956118
13925,8573.66768956118
13926,6924.534136104643
13927,8573.66768956118
13928,7569.890830224771
13929,8308.715139408665
13930,8573.66768956118
13931,7706.348502226559
13932,8352.731033117041
13933,7998.022526113079
13934,9132.124327452615
13935,7799.216605616307
13936,8573.66768956118
13937,8573.66768956118
13938,7706.348502226559
13939,8573.66768956118
13940,8573.66768956118
13941,7632.915738347463
13942,7289.1778412196845
13943,8573.66768956118
13944,7413.272042046723
13945,8573.66768956118
13946,7706.348502226559
13947,8573.66768956118
13948,8573.66768956118
13949,8573.66768956118
13950,7632.915738347463
13951,8573.66768956118
13952,8308.715139408665
13953,7706.348502226559
13954,8573.66768956118
13955,7571.830112120034
13956,9132.124327452615
13957,7799.216605616307
13958,8573.66768956118
13959,8573.66768956118
13960,8352.731033117041
13961,7632.915738347463
13962,7632.915738347463
13963,8573.66768956118
13964,8573.66768956118
13965,8573.66768956118
13966,8573.66768956118
13967,7632.915738347463
13968,7413.272042046723
13969,8352.731033117041
13970,7632.915738347463
13971,8573.66768956118
13972,8573.66768956118
13973,8573.66768956118
13974,8573.66768956118
13975,8573.66768956118
13976,8573.66768956118
13977,7799.216605616307
13978,7571.830112120034
13979,8573.66768956118
13980,7571.830112120034
13981,8573.66768956118
13982,7706.348502226559
13983,7571.830112120034
13984,8308.715139408665
13985,8573.66768956118
13986,8308.715139408665
13987,8573.66768956118
13988,8573.66768956118
13989,7799.216605616307
13990,8573.66768956118
13991,8573.66768956118
13992,7706.348502226559
13993,7081.407990564091
13994,8573.66768956118
13995,8573.66768956118
13996,7706.348502226559
13997,8573.66768956118
13998,8573.66768956118
13999,8573.66768956118
14000,8573.66768956118
14001,7289.1778412196845
14002,6924.534136104643
14003,8352.731033117041
14004,8573.66768956118
14005,7799.216605616307
14006,7632.915738347463
14007,7799.216605616307
14008,7632.915738347463
14009,7571.830112120034
14010,6924.534136104643
14011,8573.66768956118
14012,8573.66768956118
14013,9121.267740775704
14014,8573.66768956118
14015,6924.534136104643
14016,8573.66768956118
14017,8573.66768956118
14018,7799.216605616307
14019,7289.1778412196845
14020,7289.1778412196845
14021,7126.080438057956
14022,8573.66768956118
14023,8352.731033117041
14024,8573.66768956118
14025,8573.66768956118
14026,7998.022526113079
14027,7737.398552046128
14028,7706.348502226559
14029,8573.66768956118
14030,8573.66768956118
14031,8573.66768956118
14032,8573.66768956118
14033,8352.731033117041
14034,8573.66768956118
14035,7571.830112120034
14036,8573.66768956118
14037,7571.830112120034
14038,8573.66768956118
14039,7706.348502226559
14040,8573.66768956118
14041,8573.66768956118
14042,9132.124327452615
14043,7799.216605616307
14044,7998.022526113079
14045,7413.272042046723
14046,8573.66768956118
14047,8573.66768956118
14048,8573.66768956118
14049,7706.348502226559
14050,8573.66768956118
14051,7413.272042046723
14052,8352.731033117041
14053,8573.66768956118
14054,8573.66768956118
14055,8573.66768956118
14056,8573.66768956118
14057,8573.66768956118
14058,8573.66768956118
14059,7571.830112120034
14060,8573.66768956118
14061,8573.66768956118
14062,8573.66768956118
14063,7126.080438057956
14064,7586.382923904896
14065,8573.66768956118
14066,8573.66768956118
14067,7706.348502226559
14068,8352.731033117041
14069,8573.66768956118
14070,8352.731033117041
14071,8573.66768956118
14072,8352.731033117041
14073,7632.915738347463
14074,9132.124327452615
14075,8573.66768956118
14076,8352.731033117041
14077,7413.272042046723
14078,7413.272042046723
14079,8573.66768956118
14080,9132.124327452615
14081,8573.66768956118
14082,7413.272042046723
14083,8308.715139408665
14084,9132.124327452615
14085,8352.731033117041
14086,9132.124327452615
14087,8573.66768956118
14088,8573.66768956118
14089,7413.272042046723
14090,7289.1778412196845
14091,7569.890830224771
14092,7126.080438057956
14093,8573.66768956118
14094,7998.022526113079
14095,6924.534136104643
14096,8352.731033117041
14097,9264.59934370543
14098,7569.890830224771
14099,8573.66768956118
14100,8573.66768956118
14101,9132.124327452615
14102,8573.66768956118
14103,8573.66768956118
14104,8573.66768956118
14105,8573.66768956118
14106,8573.66768956118
14107,7571.830112120034
14108,8573.66768956118
14109,7706.348502226559
14110,6924.534136104643
14111,8573.66768956118
14112,8352.731033117041
14113,9264.59934370543
14114,8573.66768956118
14115,6924.534136104643
14116,8573.66768956118
14117,8308.715139408665
14118,7126.080438057956
14119,8573.66768956118
14120,8573.66768956118
14121,8573.66768956118
14122,8573.66768956118
14123,9132.124327452615
14124,7998.022526113079
14125,8573.66768956118
14126,7799.216605616307
14127,8573.66768956118
14128,8573.66768956118
14129,8573.66768956118
14130,8573.66768956118
14131,7799.216605616307
14132,7632.915738347463
14133,8573.66768956118
14134,8352.731033117041
14135,8308.715139408665
14136,6924.534136104643
14137,8573.66768956118
14138,8352.731033117041
14139,9132.124327452615
14140,7081.407990564091
14141,8573.66768956118
14142,7998.022526113079
14143,7126.080438057956
14144,8573.66768956118
14145,8573.66768956118
14146,8573.66768956118
14147,8573.66768956118
14148,8573.66768956118
14149,7126.080438057956
14150,8573.66768956118
14151,8573.66768956118
14152,7632.915738347463
14153,8573.66768956118
14154,8308.715139408665
14155,7706.348502226559
14156,8573.66768956118
14157,8573.66768956118
14158,8573.66768956118
14159,6924.534136104643
14160,8352.731033117041
14161,7569.890830224771
14162,7632.915738347463
14163,8573.66768956118
14164,7998.022526113079
14165,8573.66768956118
14166,9132.124327452615
14167,8573.66768956118
14168,8352.731033117041
14169,7706.348502226559
14170,8573.66768956118
14171,7126.080438057956
14172,8573.66768956118
14173,7571.830112120034
14174,8352.731033117041
14175,8573.66768956118
14176,8573.66768956118
14177,7998.022526113079
14178,8573.66768956118
14179,8573.66768956118
14180,8573.66768956118
14181,8573.66768956118
14182,7737.398552046128
14183,7126.080438057956
14184,8573.66768956118
14185,8573.66768956118
14186,7998.022526113079
14187,7706.348502226559
14188,8573.66768956118
14189,8573.66768956118
14190,8573.66768956118
14191,7081.407990564091
14192,7126.080438057956
14193,8308.715139408665
14194,7632.915738347463
14195,7571.830112120034
14196,8573.66768956118
14197,8573.66768956118
14198,8352.731033117041
14199,8573.66768956118
14200,7571.830112120034
14201,7413.272042046723
14202,7998.022526113079
14203,7799.216605616307
14204,9132.124327452615
14205,8573.66768956118
14206,8352.731033117041
14207,8573.66768956118
14208,8573.66768956118
14209,8573.66768956118
14210,7632.915738347463
14211,7569.890830224771
14212,8573.66768956118
14213,7706.348502226559
14214,7571.830112120034
14215,9121.267740775704
14216,7413.272042046723
14217,7706.348502226559
14218,7632.915738347463
14219,8573.66768956118
14220,7571.830112120034
14221,8352.731033117041
14222,7126.080438057956
14223,6924.534136104643
14224,8573.66768956118
14225,9132.124327452615
14226,8573.66768956118
14227,8573.66768956118
14228,8573.66768956118
14229,9132.124327452615
14230,8573.66768956118
14231,8352.731033117041
14232,8352.731033117041
14233,6924.534136104643
14234,8573.66768956118
14235,8352.731033117041
14236,7413.272042046723
14237,7289.1778412196845
14238,7632.915738347463
14239,7571.830112120034
14240,8573.66768956118
14241,8308.715139408665
14242,7799.216605616307
14243,8573.66768956118
14244,7632.915738347463
14245,7413.272042046723
14246,7571.830112120034
14247,7799.216605616307
14248,7799.216605616307
14249,8573.66768956118
14250,8352.731033117041
14251,8573.66768956118
14252,7571.830112120034
14253,7632.915738347463
14254,8573.66768956118
14255,8573.66768956118
14256,7413.272042046723
14257,8573.66768956118
14258,8573.66768956118
14259,8573.66768956118
14260,7632.915738347463
14261,8573.66768956118
14262,7799.216605616307
14263,8573.66768956118
14264,8573.66768956118
14265,7081.407990564091
14266,7632.915738347463
14267,7706.348502226559
14268,8573.66768956118
14269,8573.66768956118
14270,8573.66768956118
14271,8573.66768956118
14272,8573.66768956118
14273,8352.731033117041
14274,7126.080438057956
14275,7632.915738347463
14276,7632.915738347463
14277,7632.915738347463
14278,8573.66768956118
14279,7706.348502226559
14280,7126.080438057956
14281,8352.731033117041
14282,8573.66768956118
14283,8573.66768956118
14284,7706.348502226559
14285,7799.216605616307
14286,8573.66768956118
14287,7799.216605616307
14288,9132.124327452615
14289,8573.66768956118
14290,8573.66768956118
14291,8573.66768956118
14292,9264.59934370543
14293,8573.66768956118
14294,8573.66768956118
14295,8573.66768956118
14296,8573.66768956118
14297,8573.66768956118
14298,8573.66768956118
14299,7632.915738347463
14300,7799.216605616307
14301,8352.731033117041
14302,6924.534136104643
14303,7799.216605616307
14304,7706.348502226559
14305,8573.66768956118
14306,8573.66768956118
14307,8573.66768956118
14308,8308.715139408665
14309,8573.66768956118
14310,7126.080438057956
14311,8573.66768956118
14312,8352.731033117041
14313,8573.66768956118
14314,8573.66768956118
14315,8573.66768956118
14316,8573.66768956118
14317,7799.216605616307
14318,6924.534136104643
14319,7799.216605616307
14320,7586.382923904896
14321,8573.66768956118
14322,8573.66768956118
14323,8573.66768956118
14324,8573.66768956118
14325,8573.66768956118
14326,8352.731033117041
14327,8573.66768956118
14328,7126.080438057956
14329,8573.66768956118
14330,8352.731033117041
14331,9264.59934370543
14332,8573.66768956118
14333,8573.66768956118
14334,8352.731033117041
14335,8573.66768956118
14336,8573.66768956118
14337,8573.66768956118
14338,7571.830112120034
14339,7126.080438057956
14340,7799.216605616307
14341,8573.66768956118
14342,8573.66768956118
14343,8573.66768956118
14344,8308.715139408665
14345,7632.915738347463
14346,9132.124327452615
14347,7706.348502226559
14348,7632.915738347463
14349,8573.66768956118
14350,7706.348502226559
14351,7388.127807694575
14352,7632.915738347463
14353,8573.66768956118
14354,7571.830112120034
14355,8573.66768956118
14356,7737.398552046128
14357,8352.731033117041
14358,8573.66768956118
14359,8573.66768956118
14360,7632.915738347463
14361,7632.915738347463
14362,8573.66768956118
14363,7571.830112120034
14364,8573.66768956118
14365,7413.272042046723
14366,8573.66768956118
14367,7799.216605616307
14368,8573.66768956118
14369,7737.398552046128
14370,8573.66768956118
14371,8308.715139408665
14372,8573.66768956118
14373,7413.272042046723
14374,8573.66768956118
14375,7706.348502226559
14376,8573.66768956118
14377,8573.66768956118
14378,8573.66768956118
14379,8573.66768956118
14380,8573.66768956118
14381,9132.124327452615
14382,7126.080438057956
14383,7632.915738347463
14384,7706.348502226559
14385,6924.534136104643
14386,8573.66768956118
14387,8573.66768956118
14388,8573.66768956118
14389,7413.272042046723
14390,8352.731033117041
14391,8573.66768956118
14392,8352.731033117041
14393,8573.66768956118
14394,7632.915738347463
14395,8573.66768956118
14396,8573.66768956118
14397,8573.66768956118
14398,9132.124327452615
14399,7571.830112120034
14400,8573.66768956118
14401,8573.66768956118
14402,8573.66768956118
14403,8573.66768956118
14404,8352.731033117041
14405,8573.66768956118
14406,8573.66768956118
14407,7571.830112120034
14408,8352.731033117041
14409,8573.66768956118
14410,6924.534136104643
14411,6924.534136104643
14412,7998.022526113079
14413,8573.66768956118
14414,7706.348502226559
14415,8573.66768956118
14416,8573.66768956118
14417,6924.534136104643
14418,7998.022526113079
14419,7632.915738347463
14420,8573.66768956118
14421,8573.66768956118
14422,7799.216605616307
14423,8573.66768956118
14424,8573.66768956118
14425,7706.348502226559
14426,8308.715139408665
14427,8573.66768956118
14428,8573.66768956118
14429,8573.66768956118
14430,7632.915738347463
14431,7998.022526113079
14432,8573.66768956118
14433,8573.66768956118
14434,8352.731033117041
14435,8573.66768956118
14436,7799.216605616307
14437,7081.407990564091
14438,8308.715139408665
14439,7706.348502226559
14440,8573.66768956118
14441,8573.66768956118
14442,7413.272042046723
14443,8573.66768956118
14444,8573.66768956118
14445,7081.407990564091
14446,7799.216605616307
14447,9132.124327452615
14448,7719.335790186951
14449,8352.731033117041
14450,7632.915738347463
14451,8573.66768956118
14452,7998.022526113079
14453,8573.66768956118
14454,6924.534136104643
14455,6924.534136104643
14456,7998.022526113079
14457,8308.715139408665
14458,8573.66768956118
14459,8352.731033117041
14460,8573.66768956118
14461,8573.66768956118
14462,6924.534136104643
14463,9132.124327452615
14464,7413.272042046723
14465,8352.731033117041
14466,7289.1778412196845
14467,7569.890830224771
14468,8573.66768956118
14469,8573.66768956118
14470,8573.66768956118
14471,7799.216605616307
14472,8308.715139408665
14473,8308.715139408665
14474,9121.267740775704
14475,7706.348502226559
14476,7706.348502226559
14477,7569.890830224771
14478,7126.080438057956
14479,7998.022526113079
14480,8573.66768956118
14481,8573.66768956118
14482,8573.66768956118
14483,8573.66768956118
14484,9264.59934370543
14485,8352.731033117041
14486,7706.348502226559
14487,8573.66768956118
14488,7081.407990564091
14489,8573.66768956118
14490,8573.66768956118
14491,8573.66768956118
14492,7799.216605616307
14493,8352.731033117041
14494,7706.348502226559
14495,7998.022526113079
14496,8573.66768956118
14497,7571.830112120034
14498,8352.731033117041
14499,7632.915738347463
14500,7569.890830224771
14501,6924.534136104643
14502,7706.348502226559
14503,8573.66768956118
14504,7571.830112120034
14505,8352.731033117041
14506,8573.66768956118
14507,7126.080438057956
14508,8573.66768956118
14509,7706.348502226559
14510,8573.66768956118
14511,8352.731033117041
14512,8573.66768956118
14513,8573.66768956118
14514,7126.080438057956
14515,8573.66768956118
14516,8573.66768956118
14517,7413.272042046723
14518,8573.66768956118
14519,7126.080438057956
14520,7413.272042046723
14521,7586.382923904896
14522,6924.534136104643
14523,7126.080438057956
14524,8352.731033117041
14525,9132.124327452615
14526,8352.731033117041
14527,7413.272042046723
14528,7998.022526113079
14529,8308.715139408665
14530,8573.66768956118
14531,7289.1778412196845
14532,8573.66768956118
14533,8573.66768956118
14534,8352.731033117041
14535,8352.731033117041
14536,7799.216605616307
14537,8573.66768956118
14538,7632.915738347463
14539,7632.915738347463
14540,8573.66768956118
14541,8352.731033117041
14542,7413.272042046723
14543,7632.915738347463
14544,7413.272042046723
14545,7706.348502226559
14546,7998.022526113079
14547,8573.66768956118
14548,7706.348502226559
14549,8573.66768956118
14550,8573.66768956118
14551,8573.66768956118
14552,8573.66768956118
14553,10069.501877128383
14554,9152.342187676288
14555,10069.501877128383
14556,10069.501877128383
14557,10069.501877128383
14558,10069.501877128383
14559,8160.367825012959
14560,9509.13528140272
14561,8849.738130736076
14562,9673.812715785381
14563,9152.342187676288
14564,10069.501877128383
14565,10069.501877128383
14566,9673.812715785381
14567,8849.738130736076
14568,10069.501877128383
14569,10069.501877128383
14570,9673.812715785381
14571,10069.501877128383
14572,8798.205765542865
14573,10069.501877128383
14574,9246.571909580669
14575,10069.501877128383
14576,8849.738130736076
14577,10069.501877128383
14578,8160.367825012959
14579,9673.812715785381
14580,10069.501877128383
14581,9323.857524851815
14582,8849.738130736076
14583,9323.857524851815
14584,9673.812715785381
14585,10998.750883558354
14586,10069.501877128383
14587,9152.342187676288
14588,9152.342187676288
14589,10069.501877128383
14590,10069.501877128383
14591,10069.501877128383
14592,8986.571140566393
14593,11134.461035271825
14594,10069.501877128383
14595,9246.571909580669
14596,8707.741530438761
14597,8160.367825012959
14598,10069.501877128383
14599,9864.421820302741
14600,9152.342187676288
14601,10998.750883558354
14602,10069.501877128383
14603,8359.705156262817
14604,9673.812715785381
14605,10069.501877128383
14606,10998.750883558354
14607,9509.13528140272
14608,10069.501877128383
14609,10069.501877128383
14610,10069.501877128383
14611,10069.501877128383
14612,9246.571909580669
14613,10069.501877128383
14614,10069.501877128383
14615,9673.812715785381
14616,10998.750883558354
14617,10069.501877128383
14618,10069.501877128383
14619,9323.857524851815
14620,9673.812715785381
14621,10069.501877128383
14622,8359.705156262817
14623,8849.738130736076
14624,9152.342187676288
14625,10069.501877128383
14626,8160.367825012959
14627,10069.501877128383
14628,10069.501877128383
14629,10069.501877128383
14630,9246.571909580669
14631,9038.232137415973
14632,10069.501877128383
14633,10069.501877128383
14634,10069.501877128383
14635,10069.501877128383
14636,10998.750883558354
14637,10069.501877128383
14638,10069.501877128383
14639,9673.812715785381
14640,10069.501877128383
14641,10069.501877128383
14642,10069.501877128383
14643,10998.750883558354
14644,10069.501877128383
14645,10069.501877128383
14646,9864.421820302741
14647,9509.13528140272
14648,8160.367825012959
14649,9152.342187676288
14650,9509.13528140272
14651,10069.501877128383
14652,8707.741530438761
14653,8160.367825012959
14654,10069.501877128383
14655,9673.812715785381
14656,9152.342187676288
14657,8160.367825012959
14658,10069.501877128383
14659,10069.501877128383
14660,10069.501877128383
14661,10069.501877128383
14662,8849.738130736076
14663,11104.810871061502
14664,10069.501877128383
14665,9152.342187676288
14666,10069.501877128383
14667,10069.501877128383
14668,9864.421820302741
14669,10069.501877128383
14670,8359.705156262817
14671,10069.501877128383
14672,9323.857524851815
14673,10069.501877128383
14674,10069.501877128383
14675,10069.501877128383
14676,9509.13528140272
14677,9509.13528140272
14678,9509.13528140272
14679,9323.857524851815
14680,10069.501877128383
14681,9864.421820302741
14682,9152.342187676288
14683,10069.501877128383
14684,9673.812715785381
14685,10069.501877128383
14686,10069.501877128383
14687,10069.501877128383
14688,10069.501877128383
14689,10069.501877128383
14690,9152.342187676288
14691,8986.571140566393
14692,10069.501877128383
14693,10069.501877128383
14694,9673.812715785381
14695,10069.501877128383
14696,9864.421820302741
14697,10069.501877128383
14698,9673.812715785381
14699,9673.812715785381
14700,9673.812715785381
14701,10069.501877128383
14702,8798.205765542865
14703,10069.501877128383
14704,10069.501877128383
14705,9152.342187676288
14706,10069.501877128383
14707,9864.421820302741
14708,10069.501877128383
14709,9673.812715785381
14710,9152.342187676288
14711,10069.501877128383
14712,9323.857524851815
14713,8798.205765542865
14714,10069.501877128383
14715,8160.367825012959
14716,9246.571909580669
14717,8849.738130736076
14718,8849.738130736076
14719,10069.501877128383
14720,8986.571140566393
14721,10069.501877128383
14722,10069.501877128383
14723,10069.501877128383
14724,8160.367825012959
14725,10069.501877128383
14726,10069.501877128383
14727,9864.421820302741
14728,9152.342187676288
14729,10069.501877128383
14730,11134.461035271825
14731,10069.501877128383
14732,10069.501877128383
14733,10998.750883558354
14734,8849.738130736076
14735,10069.501877128383
14736,10069.501877128383
14737,9152.342187676288
14738,8798.205765542865
14739,8160.367825012959
14740,10069.501877128383
14741,10069.501877128383
14742,8798.205765542865
14743,9673.812715785381
14744,10069.501877128383
14745,9864.421820302741
14746,10069.501877128383
14747,8798.205765542865
14748,8798.205765542865
14749,8160.367825012959
14750,8359.705156262817
14751,9246.571909580669
14752,10998.750883558354
14753,10069.501877128383
14754,10069.501877128383
14755,9673.812715785381
14756,9152.342187676288
14757,10069.501877128383
14758,10069.501877128383
14759,10069.501877128383
14760,9152.342187676288
14761,10069.501877128383
14762,9246.571909580669
14763,9673.812715785381
14764,9323.857524851815
14765,10069.501877128383
14766,9673.812715785381
14767,9246.571909580669
14768,10069.501877128383
14769,9673.812715785381
14770,9673.812715785381
14771,10069.501877128383
14772,9673.812715785381
14773,9152.342187676288
14774,10069.501877128383
14775,10069.501877128383
14776,10069.501877128383
14777,8259.842748125631
14778,8849.738130736076
14779,10069.501877128383
14780,10069.501877128383
14781,10069.501877128383
14782,8160.367825012959
14783,10069.501877128383
14784,8986.571140566393
14785,9864.421820302741
14786,10069.501877128383
14787,9323.857524851815
14788,9673.812715785381
14789,9509.13528140272
14790,10998.750883558354
14791,9246.571909580669
14792,10069.501877128383
14793,10069.501877128383
14794,9323.857524851815
14795,10069.501877128383
14796,10069.501877128383
14797,9152.342187676288
14798,8707.741530438761
14799,10069.501877128383
14800,8798.205765542865
14801,10069.501877128383
14802,9323.857524851815
14803,10069.501877128383
14804,10069.501877128383
14805,10069.501877128383
14806,9152.342187676288
14807,10069.501877128383
14808,9864.421820302741
14809,9323.857524851815
14810,10069.501877128383
14811,8849.738130736076
14812,10998.750883558354
14813,9246.571909580669
14814,10069.501877128383
14815,10069.501877128383
14816,9673.812715785381
14817,9152.342187676288
14818,9152.342187676288
14819,10069.501877128383
14820,10069.501877128383
14821,10069.501877128383
14822,10069.501877128383
14823,9152.342187676288
14824,8798.205765542865
14825,9673.812715785381
14826,9152.342187676288
14827,10069.501877128383
14828,10069.501877128383
14829,10069.501877128383
14830,10069.501877128383
14831,10069.501877128383
14832,10069.501877128383
14833,9246.571909580669
14834,8849.738130736076
14835,10069.501877128383
14836,8849.738130736076
14837,10069.501877128383
14838,9323.857524851815
14839,8849.738130736076
14840,9864.421820302741
14841,10069.501877128383
14842,9864.421820302741
14843,10069.501877128383
14844,10069.501877128383
14845,9246.571909580669
14846,10069.501877128383
14847,10069.501877128383
14848,9323.857524851815
14849,8259.842748125631
14850,10069.501877128383
14851,10069.501877128383
14852,9323.857524851815
14853,10069.501877128383
14854,10069.501877128383
14855,10069.501877128383
14856,10069.501877128383
14857,8707.741530438761
14858,8160.367825012959
14859,9673.812715785381
14860,10069.501877128383
14861,9246.571909580669
14862,9152.342187676288
14863,9246.571909580669
14864,9152.342187676288
14865,8849.738130736076
14866,8160.367825012959
14867,10069.501877128383
14868,10069.501877128383
14869,11134.461035271825
14870,10069.501877128383
14871,8160.367825012959
14872,10069.501877128383
14873,10069.501877128383
14874,9246.571909580669
14875,8707.741530438761
14876,8707.741530438761
14877,8359.705156262817
14878,10069.501877128383
14879,9673.812715785381
14880,10069.501877128383
14881,10069.501877128383
14882,9509.13528140272
14883,9038.232137415973
14884,9323.857524851815
14885,10069.501877128383
14886,10069.501877128383
14887,10069.501877128383
14888,10069.501877128383
14889,9673.812715785381
14890,10069.501877128383
14891,8849.738130736076
14892,10069.501877128383
14893,8849.738130736076
14894,10069.501877128383
14895,9323.857524851815
14896,10069.501877128383
14897,10069.501877128383
14898,10998.750883558354
14899,9246.571909580669
14900,9509.13528140272
14901,8798.205765542865
14902,10069.501877128383
14903,10069.501877128383
14904,10069.501877128383
14905,9323.857524851815
14906,10069.501877128383
14907,8798.205765542865
14908,9673.812715785381
14909,10069.501877128383
14910,10069.501877128383
14911,10069.501877128383
14912,10069.501877128383
14913,10069.501877128383
14914,10069.501877128383
14915,8849.738130736076
14916,10069.501877128383
14917,10069.501877128383
14918,10069.501877128383
14919,8359.705156262817
14920,9228.981447502683
14921,10069.501877128383
14922,10069.501877128383
14923,9323.857524851815
14924,9673.812715785381
14925,10069.501877128383
14926,9673.812715785381
14927,10069.501877128383
14928,9673.812715785381
14929,9152.342187676288
14930,10998.750883558354
14931,10069.501877128383
14932,9673.812715785381
14933,8798.205765542865
14934,8798.205765542865
14935,10069.501877128383
14936,10998.750883558354
14937,10069.501877128383
14938,8798.205765542865
14939,9864.421820302741
14940,10998.750883558354
14941,9673.812715785381
14942,10998.750883558354
14943,10069.501877128383
14944,10069.501877128383
14945,8798.205765542865
14946,8707.741530438761
14947,8986.571140566393
14948,8359.705156262817
14949,10069.501877128383
14950,9509.13528140272
14951,8160.367825012959
14952,9673.812715785381
14953,11104.810871061502
14954,8986.571140566393
14955,10069.501877128383
14956,10069.501877128383
14957,10998.750883558354
14958,10069.501877128383
14959,10069.501877128383
14960,10069.501877128383
14961,10069.501877128383
14962,10069.501877128383
14963,8849.738130736076
14964,10069.501877128383
14965,9323.857524851815
14966,8160.367825012959
14967,10069.501877128383
14968,9673.812715785381
14969,11104.810871061502
14970,10069.501877128383
14971,8160.367825012959
14972,10069.501877128383
14973,9864.421820302741
14974,8359.705156262817
14975,10069.501877128383
14976,10069.501877128383
14977,10069.501877128383
14978,10069.501877128383
14979,10998.750883558354
14980,9509.13528140272
14981,10069.501877128383
14982,9246.571909580669
14983,10069.501877128383
14984,10069.501877128383
14985,10069.501877128383
14986,10069.501877128383
14987,9246.571909580669
14988,9152.342187676288
14989,10069.501877128383
14990,9673.812715785381
14991,9864.421820302741
14992,8160.367825012959
14993,10069.501877128383
14994,9673.812715785381
14995,10998.750883558354
14996,8259.842748125631
14997,10069.501877128383
14998,9509.13528140272
14999,8359.705156262817
15000,10069.501877128383
15001,10069.501877128383
15002,10069.501877128383
15003,10069.501877128383
15004,10069.501877128383
15005,8359.705156262817
15006,10069.501877128383
15007,10069.501877128383
15008,9152.342187676288
15009,10069.501877128383
15010,9864.421820302741
15011,9323.857524851815
15012,10069.501877128383
15013,10069.501877128383
15014,10069.501877128383
15015,8160.367825012959
15016,9673.812715785381
15017,8986.571140566393
15018,9152.342187676288
15019,10069.501877128383
15020,9509.13528140272
15021,10069.501877128383
15022,10998.750883558354
15023,10069.501877128383
15024,9673.812715785381
15025,9323.857524851815
15026,10069.501877128383
15027,8359.705156262817
15028,10069.501877128383
15029,8849.738130736076
15030,9673.812715785381
15031,10069.501877128383
15032,10069.501877128383
15033,9509.13528140272
15034,10069.501877128383
15035,10069.501877128383
15036,10069.501877128383
15037,10069.501877128383
15038,9038.232137415973
15039,8359.705156262817
15040,10069.501877128383
15041,10069.501877128383
15042,9509.13528140272
15043,9323.857524851815
15044,10069.501877128383
15045,10069.501877128383
15046,10069.501877128383
15047,8259.842748125631
15048,8359.705156262817
15049,9864.421820302741
15050,9152.342187676288
15051,8849.738130736076
15052,10069.501877128383
15053,10069.501877128383
15054,9673.812715785381
15055,10069.501877128383
15056,8849.738130736076
15057,8798.205765542865
15058,9509.13528140272
15059,9246.571909580669
15060,10998.750883558354
15061,10069.501877128383
15062,9673.812715785381
15063,10069.501877128383
15064,10069.501877128383
15065,10069.501877128383
15066,9152.342187676288
15067,8986.571140566393
15068,10069.501877128383
15069,9323.857524851815
15070,8849.738130736076
15071,11134.461035271825
15072,8798.205765542865
15073,9323.857524851815
15074,9152.342187676288
15075,10069.501877128383
15076,8849.738130736076
15077,9673.812715785381
15078,8359.705156262817
15079,8160.367825012959
15080,10069.501877128383
15081,10998.750883558354
15082,10069.501877128383
15083,10069.501877128383
15084,10069.501877128383
15085,10998.750883558354
15086,10069.501877128383
15087,9673.812715785381
15088,9673.812715785381
15089,8160.367825012959
15090,10069.501877128383
15091,9673.812715785381
15092,8798.205765542865
15093,8707.741530438761
15094,9152.342187676288
15095,8849.738130736076
15096,10069.501877128383
15097,9864.421820302741
15098,9246.571909580669
15099,10069.501877128383
15100,9152.342187676288
15101,8798.205765542865
15102,8849.738130736076
15103,9246.571909580669
15104,9246.571909580669
15105,10069.501877128383
15106,9673.812715785381
15107,10069.501877128383
15108,8849.738130736076
15109,9152.342187676288
15110,10069.501877128383
15111,10069.501877128383
15112,8798.205765542865
15113,10069.501877128383
15114,10069.501877128383
15115,10069.501877128383
15116,9152.342187676288
15117,10069.501877128383
15118,9246.571909580669
15119,10069.501877128383
15120,10069.501877128383
15121,8259.842748125631
15122,9152.342187676288
15123,9323.857524851815
15124,10069.501877128383
15125,10069.501877128383
15126,10069.501877128383
15127,10069.501877128383
15128,10069.501877128383
15129,9673.812715785381
15130,8359.705156262817
15131,9152.342187676288
15132,9152.342187676288
15133,9152.342187676288
15134,10069.501877128383
15135,9323.857524851815
15136,8359.705156262817
15137,9673.812715785381
15138,10069.501877128383
15139,10069.501877128383
15140,9323.857524851815
15141,9246.571909580669
15142,10069.501877128383
15143,9246.571909580669
15144,10998.750883558354
15145,10069.501877128383
15146,10069.501877128383
15147,10069.501877128383
15148,11104.810871061502
15149,10069.501877128383
15150,10069.501877128383
15151,10069.501877128383
15152,10069.501877128383
15153,10069.501877128383
15154,10069.501877128383
15155,9152.342187676288
15156,9246.571909580669
15157,9673.812715785381
15158,8160.367825012959
15159,9246.571909580669
15160,9323.857524851815
15161,10069.501877128383
15162,10069.501877128383
15163,10069.501877128383
15164,9864.421820302741
15165,10069.501877128383
15166,8359.705156262817
15167,10069.501877128383
15168,9673.812715785381
15169,10069.501877128383
15170,10069.501877128383
15171,10069.501877128383
15172,10069.501877128383
15173,9246.571909580669
15174,8160.367825012959
15175,9246.571909580669
15176,9228.981447502683
15177,10069.501877128383
15178,10069.501877128383
15179,10069.501877128383
15180,10069.501877128383
15181,10069.501877128383
15182,9673.812715785381
15183,10069.501877128383
15184,8359.705156262817
15185,10069.501877128383
15186,9673.812715785381
15187,11104.810871061502
15188,10069.501877128383
15189,10069.501877128383
15190,9673.812715785381
15191,10069.501877128383
15192,10069.501877128383
15193,10069.501877128383
15194,8849.738130736076
15195,8359.705156262817
15196,9246.571909580669
15197,10069.501877128383
15198,10069.501877128383
15199,10069.501877128383
15200,9864.421820302741
15201,9152.342187676288
15202,10998.750883558354
15203,9323.857524851815
15204,9152.342187676288
15205,10069.501877128383
15206,9323.857524851815
15207,6522.120495381292
15208,9152.342187676288
15209,10069.501877128383
15210,8849.738130736076
15211,10069.501877128383
15212,9038.232137415973
15213,9673.812715785381
15214,10069.501877128383
15215,10069.501877128383
15216,9152.342187676288
15217,9152.342187676288
15218,10069.501877128383
15219,8849.738130736076
15220,10069.501877128383
15221,8798.205765542865
15222,10069.501877128383
15223,9246.571909580669
15224,10069.501877128383
15225,9038.232137415973
15226,10069.501877128383
15227,9864.421820302741
15228,10069.501877128383
15229,8798.205765542865
15230,10069.501877128383
15231,9323.857524851815
15232,10069.501877128383
15233,10069.501877128383
15234,10069.501877128383
15235,10069.501877128383
15236,10069.501877128383
15237,10998.750883558354
15238,8359.705156262817
15239,9152.342187676288
15240,9323.857524851815
15241,8160.367825012959
15242,10069.501877128383
15243,10069.501877128383
15244,10069.501877128383
15245,8798.205765542865
15246,9673.812715785381
15247,10069.501877128383
15248,9673.812715785381
15249,10069.501877128383
15250,9152.342187676288
15251,10069.501877128383
15252,10069.501877128383
15253,10069.501877128383
15254,10998.750883558354
15255,8849.738130736076
15256,10069.501877128383
15257,10069.501877128383
15258,10069.501877128383
15259,10069.501877128383
15260,9673.812715785381
15261,10069.501877128383
15262,10069.501877128383
15263,8849.738130736076
15264,9673.812715785381
15265,10069.501877128383
15266,8160.367825012959
15267,8160.367825012959
15268,9509.13528140272
15269,10069.501877128383
15270,9323.857524851815
15271,10069.501877128383
15272,10069.501877128383
15273,8160.367825012959
15274,9509.13528140272
15275,9152.342187676288
15276,10069.501877128383
15277,10069.501877128383
15278,9246.571909580669
15279,10069.501877128383
15280,10069.501877128383
15281,9323.857524851815
15282,9864.421820302741
15283,10069.501877128383
15284,10069.501877128383
15285,10069.501877128383
15286,9152.342187676288
15287,9509.13528140272
15288,10069.501877128383
15289,10069.501877128383
15290,9673.812715785381
15291,10069.501877128383
15292,9246.571909580669
15293,8259.842748125631
15294,9864.421820302741
15295,9323.857524851815
15296,10069.501877128383
15297,10069.501877128383
15298,8798.205765542865
15299,10069.501877128383
15300,10069.501877128383
15301,8259.842748125631
15302,9246.571909580669
15303,10998.750883558354
15304,9248.60615764178
15305,9673.812715785381
15306,9152.342187676288
15307,10069.501877128383
15308,9509.13528140272
15309,10069.501877128383
15310,8160.367825012959
15311,8160.367825012959
15312,9509.13528140272
15313,9864.421820302741
15314,10069.501877128383
15315,9673.812715785381
15316,10069.501877128383
15317,10069.501877128383
15318,8160.367825012959
15319,10998.750883558354
15320,8798.205765542865
15321,9673.812715785381
15322,8707.741530438761
15323,8986.571140566393
15324,10069.501877128383
15325,10069.501877128383
15326,10069.501877128383
15327,9246.571909580669
15328,9864.421820302741
15329,9864.421820302741
15330,11134.461035271825
15331,9323.857524851815
15332,9323.857524851815
15333,8986.571140566393
15334,8359.705156262817
15335,9509.13528140272
15336,10069.501877128383
15337,10069.501877128383
15338,10069.501877128383
15339,10069.501877128383
15340,11104.810871061502
15341,9673.812715785381
15342,9323.857524851815
15343,10069.501877128383
15344,8259.842748125631
15345,10069.501877128383
15346,10069.501877128383
15347,10069.501877128383
15348,9246.571909580669
15349,9673.812715785381
15350,9323.857524851815
15351,9509.13528140272
15352,10069.501877128383
15353,8849.738130736076
15354,9673.812715785381
15355,9152.342187676288
15356,8986.571140566393
15357,8160.367825012959
15358,9323.857524851815
15359,10069.501877128383
15360,8849.738130736076
15361,9673.812715785381
15362,10069.501877128383
15363,8359.705156262817
15364,10069.501877128383
15365,9323.857524851815
15366,10069.501877128383
15367,9673.812715785381
15368,10069.501877128383
15369,10069.501877128383
15370,8359.705156262817
15371,10069.501877128383
15372,10069.501877128383
15373,8798.205765542865
15374,10069.501877128383
15375,8359.705156262817
15376,8798.205765542865
15377,9228.981447502683
15378,8160.367825012959
15379,8359.705156262817
15380,9673.812715785381
15381,10998.750883558354
15382,9673.812715785381
15383,8798.205765542865
15384,9509.13528140272
15385,9864.421820302741
15386,10069.501877128383
15387,8707.741530438761
15388,10069.501877128383
15389,10069.501877128383
15390,9673.812715785381
15391,9673.812715785381
15392,9246.571909580669
15393,10069.501877128383
15394,9152.342187676288
15395,9152.342187676288
15396,10069.501877128383
15397,9673.812715785381
15398,8798.205765542865
15399,9152.342187676288
15400,8798.205765542865
15401,9323.857524851815
15402,9509.13528140272
15403,10069.501877128383
15404,9323.857524851815
15405,10069.501877128383
15406,10069.501877128383
15407,10069.501877128383
15408,10069.501877128383
15409,308.96570487373543
15410,135.07147651044005
15411,308.96570487373543
15412,308.96570487373543
15413,308.96570487373543
15414,308.96570487373543
15415,33.16277469650504
15416,0.0
15417,0.0
15418,0.0
15419,135.07147651044005
15420,308.96570487373543
15421,308.96570487373543
15422,0.0
15423,0.0
15424,308.96570487373543
15425,308.96570487373543
15426,0.0
15427,308.96570487373543
15428,132.05243430669583
15429,308.96570487373543
15430,199.2253500897933
15431,308.96570487373543
15432,0.0
15433,308.96570487373543
15434,33.16277469650504
15435,0.0
15436,308.96570487373543
15437,216.52833980047865
15438,0.0
15439,216.52833980047865
15440,0.0
15441,0.0
15442,308.96570487373543
15443,135.07147651044005
15444,135.07147651044005
15445,308.96570487373543
15446,308.96570487373543
15447,308.96570487373543
15448,0.0
15449,0.0
15450,308.96570487373543
15451,199.2253500897933
15452,0.0
15453,33.16277469650504
15454,308.96570487373543
15455,0.0
15456,135.07147651044005
15457,0.0
15458,308.96570487373543
15459,0.0
15460,0.0
15461,308.96570487373543
15462,0.0
15463,0.0
15464,308.96570487373543
15465,308.96570487373543
15466,308.96570487373543
15467,308.96570487373543
15468,199.2253500897933
15469,308.96570487373543
15470,308.96570487373543
15471,0.0
15472,0.0
15473,308.96570487373543
15474,308.96570487373543
15475,216.52833980047865
15476,0.0
15477,308.96570487373543
15478,0.0
15479,0.0
15480,135.07147651044005
15481,308.96570487373543
15482,33.16277469650504
15483,308.96570487373543
15484,308.96570487373543
15485,308.96570487373543
15486,199.2253500897933
15487,0.0
15488,308.96570487373543
15489,308.96570487373543
15490,308.96570487373543
15491,308.96570487373543
15492,0.0
15493,308.96570487373543
15494,308.96570487373543
15495,0.0
15496,308.96570487373543
15497,308.96570487373543
15498,308.96570487373543
15499,0.0
15500,308.96570487373543
15501,308.96570487373543
15502,0.0
15503,0.0
15504,33.16277469650504
15505,135.07147651044005
15506,0.0
15507,308.96570487373543
15508,0.0
15509,33.16277469650504
15510,308.96570487373543
15511,0.0
15512,135.07147651044005
15513,33.16277469650504
15514,308.96570487373543
15515,308.96570487373543
15516,308.96570487373543
15517,308.96570487373543
15518,0.0
15519,1173.2069262530395
15520,308.96570487373543
15521,135.07147651044005
15522,308.96570487373543
15523,308.96570487373543
15524,0.0
15525,308.96570487373543
15526,0.0
15527,308.96570487373543
15528,216.52833980047865
15529,308.96570487373543
15530,308.96570487373543
15531,308.96570487373543
15532,0.0
15533,0.0
15534,0.0
15535,216.52833980047865
15536,308.96570487373543
15537,0.0
15538,135.07147651044005
15539,308.96570487373543
15540,0.0
15541,308.96570487373543
15542,308.96570487373543
15543,308.96570487373543
15544,308.96570487373543
15545,308.96570487373543
15546,135.07147651044005
15547,0.0
15548,308.96570487373543
15549,308.96570487373543
15550,0.0
15551,308.96570487373543
15552,0.0
15553,308.96570487373543
15554,0.0
15555,0.0
15556,0.0
15557,308.96570487373543
15558,132.05243430669583
15559,308.96570487373543
15560,308.96570487373543
15561,135.07147651044005
15562,308.96570487373543
15563,0.0
15564,308.96570487373543
15565,0.0
15566,135.07147651044005
15567,308.96570487373543
15568,216.52833980047865
15569,132.05243430669583
15570,308.96570487373543
15571,33.16277469650504
15572,199.2253500897933
15573,0.0
15574,0.0
15575,308.96570487373543
15576,0.0
15577,308.96570487373543
15578,308.96570487373543
15579,308.96570487373543
15580,33.16277469650504
15581,308.96570487373543
15582,308.96570487373543
15583,0.0
15584,135.07147651044005
15585,308.96570487373543
15586,0.0
15587,308.96570487373543
15588,308.96570487373543
15589,0.0
15590,0.0
15591,308.96570487373543
15592,308.96570487373543
15593,135.07147651044005
15594,132.05243430669583
15595,33.16277469650504
15596,308.96570487373543
15597,308.96570487373543
15598,132.05243430669583
15599,0.0
15600,308.96570487373543
15601,0.0
15602,308.96570487373543
15603,132.05243430669583
15604,132.05243430669583
15605,33.16277469650504
15606,0.0
15607,199.2253500897933
15608,0.0
15609,308.96570487373543
15610,308.96570487373543
15611,0.0
15612,135.07147651044005
15613,308.96570487373543
15614,308.96570487373543
15615,308.96570487373543
15616,135.07147651044005
15617,308.96570487373543
15618,199.2253500897933
15619,0.0
15620,216.52833980047865
15621,308.96570487373543
15622,0.0
15623,199.2253500897933
15624,308.96570487373543
15625,0.0
15626,0.0
15627,308.96570487373543
15628,0.0
15629,135.07147651044005
15630,308.96570487373543
15631,308.96570487373543
15632,308.96570487373543
15633,0.0
15634,0.0
15635,308.96570487373543
15636,308.96570487373543
15637,308.96570487373543
15638,33.16277469650504
15639,308.96570487373543
15640,0.0
15641,0.0
15642,308.96570487373543
15643,216.52833980047865
15644,0.0
15645,0.0
15646,0.0
15647,199.2253500897933
15648,308.96570487373543
15649,308.96570487373543
15650,216.52833980047865
15651,308.96570487373543
15652,308.96570487373543
15653,135.07147651044005
15654,0.0
15655,308.96570487373543
15656,132.05243430669583
15657,308.96570487373543
15658,216.52833980047865
15659,308.96570487373543
15660,308.96570487373543
15661,308.96570487373543
15662,135.07147651044005
15663,308.96570487373543
15664,0.0
15665,216.52833980047865
15666,308.96570487373543
15667,0.0
15668,0.0
15669,199.2253500897933
15670,308.96570487373543
15671,308.96570487373543
15672,0.0
15673,135.07147651044005
15674,135.07147651044005
15675,308.96570487373543
15676,308.96570487373543
15677,308.96570487373543
15678,308.96570487373543
15679,135.07147651044005
15680,132.05243430669583
15681,0.0
15682,135.07147651044005
15683,308.96570487373543
15684,308.96570487373543
15685,308.96570487373543
15686,308.96570487373543
15687,308.96570487373543
15688,308.96570487373543
15689,199.2253500897933
15690,0.0
15691,308.96570487373543
15692,0.0
15693,308.96570487373543
15694,216.52833980047865
15695,0.0
15696,0.0
15697,308.96570487373543
15698,0.0
15699,308.96570487373543
15700,308.96570487373543
15701,199.2253500897933
15702,308.96570487373543
15703,308.96570487373543
15704,216.52833980047865
15705,0.0
15706,308.96570487373543
15707,308.96570487373543
15708,216.52833980047865
15709,308.96570487373543
15710,308.96570487373543
15711,308.96570487373543
15712,308.96570487373543
15713,0.0
15714,33.16277469650504
15715,0.0
15716,308.96570487373543
15717,199.2253500897933
15718,135.07147651044005
15719,199.2253500897933
15720,135.07147651044005
15721,0.0
15722,33.16277469650504
15723,308.96570487373543
15724,308.96570487373543
15725,0.0
15726,308.96570487373543
15727,33.16277469650504
15728,308.96570487373543
15729,308.96570487373543
15730,199.2253500897933
15731,0.0
15732,0.0
15733,0.0
15734,308.96570487373543
15735,0.0
15736,308.96570487373543
15737,308.96570487373543
15738,0.0
15739,0.0
15740,216.52833980047865
15741,308.96570487373543
15742,308.96570487373543
15743,308.96570487373543
15744,308.96570487373543
15745,0.0
15746,308.96570487373543
15747,0.0
15748,308.96570487373543
15749,0.0
15750,308.96570487373543
15751,216.52833980047865
15752,308.96570487373543
15753,308.96570487373543
15754,0.0
15755,199.2253500897933
15756,0.0
15757,132.05243430669583
15758,308.96570487373543
15759,308.96570487373543
15760,308.96570487373543
15761,216.52833980047865
15762,308.96570487373543
15763,132.05243430669583
15764,0.0
15765,308.96570487373543
15766,308.96570487373543
15767,308.96570487373543
15768,308.96570487373543
15769,308.96570487373543
15770,308.96570487373543
15771,0.0
15772,308.96570487373543
15773,308.96570487373543
15774,308.96570487373543
15775,0.0
15776,0.0
15777,308.96570487373543
15778,308.96570487373543
15779,216.52833980047865
15780,0.0
15781,308.96570487373543
15782,0.0
15783,308.96570487373543
15784,0.0
15785,135.07147651044005
15786,0.0
15787,308.96570487373543
15788,0.0
15789,132.05243430669583
15790,132.05243430669583
15791,308.96570487373543
15792,0.0
15793,308.96570487373543
15794,132.05243430669583
15795,0.0
15796,0.0
15797,0.0
15798,0.0
15799,308.96570487373543
15800,308.96570487373543
15801,132.05243430669583
15802,0.0
15803,0.0
15804,0.0
15805,308.96570487373543
15806,0.0
15807,33.16277469650504
15808,0.0
15809,1173.2069262530395
15810,0.0
15811,308.96570487373543
15812,308.96570487373543
15813,0.0
15814,308.96570487373543
15815,308.96570487373543
15816,308.96570487373543
15817,308.96570487373543
15818,308.96570487373543
15819,0.0
15820,308.96570487373543
15821,216.52833980047865
15822,33.16277469650504
15823,308.96570487373543
15824,0.0
15825,1173.2069262530395
15826,308.96570487373543
15827,33.16277469650504
15828,308.96570487373543
15829,0.0
15830,0.0
15831,308.96570487373543
15832,308.96570487373543
15833,308.96570487373543
15834,308.96570487373543
15835,0.0
15836,0.0
15837,308.96570487373543
15838,199.2253500897933
15839,308.96570487373543
15840,308.96570487373543
15841,308.96570487373543
15842,308.96570487373543
15843,199.2253500897933
15844,135.07147651044005
15845,308.96570487373543
15846,0.0
15847,0.0
15848,33.16277469650504
15849,308.96570487373543
15850,0.0
15851,0.0
15852,0.0
15853,308.96570487373543
15854,0.0
15855,0.0
15856,308.96570487373543
15857,308.96570487373543
15858,308.96570487373543
15859,308.96570487373543
15860,308.96570487373543
15861,0.0
15862,308.96570487373543
15863,308.96570487373543
15864,135.07147651044005
15865,308.96570487373543
15866,0.0
15867,216.52833980047865
15868,308.96570487373543
15869,308.96570487373543
15870,308.96570487373543
15871,33.16277469650504
15872,0.0
15873,0.0
15874,135.07147651044005
15875,308.96570487373543
15876,0.0
15877,308.96570487373543
15878,0.0
15879,308.96570487373543
15880,0.0
15881,216.52833980047865
15882,308.96570487373543
15883,0.0
15884,308.96570487373543
15885,0.0
15886,0.0
15887,308.96570487373543
15888,308.96570487373543
15889,0.0
15890,308.96570487373543
15891,308.96570487373543
15892,308.96570487373543
15893,308.96570487373543
15894,0.0
15895,0.0
15896,308.96570487373543
15897,308.96570487373543
15898,0.0
15899,216.52833980047865
15900,308.96570487373543
15901,308.96570487373543
15902,308.96570487373543
15903,0.0
15904,0.0
15905,0.0
15906,135.07147651044005
15907,0.0
15908,308.96570487373543
15909,308.96570487373543
15910,0.0
15911,308.96570487373543
15912,0.0
15913,132.05243430669583
15914,0.0
15915,199.2253500897933
15916,0.0
15917,308.96570487373543
15918,0.0
15919,308.96570487373543
15920,308.96570487373543
15921,308.96570487373543
15922,135.07147651044005
15923,0.0
15924,308.96570487373543
15925,216.52833980047865
15926,0.0
15927,0.0
15928,132.05243430669583
15929,216.52833980047865
15930,135.07147651044005
15931,308.96570487373543
15932,0.0
15933,0.0
15934,0.0
15935,33.16277469650504
15936,308.96570487373543
15937,0.0
15938,308.96570487373543
15939,308.96570487373543
15940,308.96570487373543
15941,0.0
15942,308.96570487373543
15943,0.0
15944,0.0
15945,33.16277469650504
15946,308.96570487373543
15947,0.0
15948,132.05243430669583
15949,0.0
15950,135.07147651044005
15951,0.0
15952,308.96570487373543
15953,0.0
15954,199.2253500897933
15955,308.96570487373543
15956,135.07147651044005
15957,132.05243430669583
15958,0.0
15959,199.2253500897933
15960,199.2253500897933
15961,308.96570487373543
15962,0.0
15963,308.96570487373543
15964,0.0
15965,135.07147651044005
15966,308.96570487373543
15967,308.96570487373543
15968,132.05243430669583
15969,308.96570487373543
15970,308.96570487373543
15971,308.96570487373543
15972,135.07147651044005
15973,308.96570487373543
15974,199.2253500897933
15975,308.96570487373543
15976,308.96570487373543
15977,0.0
15978,135.07147651044005
15979,216.52833980047865
15980,308.96570487373543
15981,308.96570487373543
15982,308.96570487373543
15983,308.96570487373543
15984,308.96570487373543
15985,0.0
15986,0.0
15987,135.07147651044005
15988,135.07147651044005
15989,135.07147651044005
15990,308.96570487373543
15991,216.52833980047865
15992,0.0
15993,0.0
15994,308.96570487373543
15995,308.96570487373543
15996,216.52833980047865
15997,199.2253500897933
15998,308.96570487373543
15999,199.2253500897933
16000,0.0
16001,308.96570487373543
16002,308.96570487373543
16003,308.96570487373543
16004,1173.2069262530395
16005,308.96570487373543
16006,308.96570487373543
16007,308.96570487373543
16008,308.96570487373543
16009,308.96570487373543
16010,308.96570487373543
16011,135.07147651044005
16012,199.2253500897933
16013,0.0
16014,33.16277469650504
16015,199.2253500897933
16016,216.52833980047865
16017,308.96570487373543
16018,308.96570487373543
16019,308.96570487373543
16020,0.0
16021,308.96570487373543
16022,0.0
16023,308.96570487373543
16024,0.0
16025,308.96570487373543
16026,308.96570487373543
16027,308.96570487373543
16028,308.96570487373543
16029,199.2253500897933
16030,33.16277469650504
16031,199.2253500897933
16032,0.0
16033,308.96570487373543
16034,308.96570487373543
16035,308.96570487373543
16036,308.96570487373543
16037,308.96570487373543
16038,0.0
16039,308.96570487373543
16040,0.0
16041,308.96570487373543
16042,0.0
16043,1173.2069262530395
16044,308.96570487373543
16045,308.96570487373543
16046,0.0
16047,308.96570487373543
16048,308.96570487373543
16049,308.96570487373543
16050,0.0
16051,0.0
16052,199.2253500897933
16053,308.96570487373543
16054,308.96570487373543
16055,308.96570487373543
16056,0.0
16057,135.07147651044005
16058,0.0
16059,216.52833980047865
16060,135.07147651044005
16061,308.96570487373543
16062,216.52833980047865
16063,0.0
16064,135.07147651044005
16065,308.96570487373543
16066,0.0
16067,308.96570487373543
16068,0.0
16069,0.0
16070,308.96570487373543
16071,308.96570487373543
16072,135.07147651044005
16073,135.07147651044005
16074,308.96570487373543
16075,0.0
16076,308.96570487373543
16077,132.05243430669583
16078,308.96570487373543
16079,199.2253500897933
16080,308.96570487373543
16081,0.0
16082,308.96570487373543
16083,0.0
16084,308.96570487373543
16085,132.05243430669583
16086,308.96570487373543
16087,216.52833980047865
16088,308.96570487373543
16089,308.96570487373543
16090,308.96570487373543
16091,308.96570487373543
16092,308.96570487373543
16093,0.0
16094,0.0
16095,135.07147651044005
16096,216.52833980047865
16097,33.16277469650504
16098,308.96570487373543
16099,308.96570487373543
16100,308.96570487373543
16101,132.05243430669583
16102,0.0
16103,308.96570487373543
16104,0.0
16105,308.96570487373543
16106,135.07147651044005
16107,308.96570487373543
16108,308.96570487373543
16109,308.96570487373543
16110,0.0
16111,0.0
16112,308.96570487373543
16113,308.96570487373543
16114,308.96570487373543
16115,308.96570487373543
16116,0.0
16117,308.96570487373543
16118,308.96570487373543
16119,0.0
16120,0.0
16121,308.96570487373543
16122,33.16277469650504
16123,33.16277469650504
16124,0.0
16125,308.96570487373543
16126,216.52833980047865
16127,308.96570487373543
16128,308.96570487373543
16129,33.16277469650504
16130,0.0
16131,135.07147651044005
16132,308.96570487373543
16133,308.96570487373543
16134,199.2253500897933
16135,308.96570487373543
16136,308.96570487373543
16137,216.52833980047865
16138,0.0
16139,308.96570487373543
16140,308.96570487373543
16141,308.96570487373543
16142,135.07147651044005
16143,0.0
16144,308.96570487373543
16145,308.96570487373543
16146,0.0
16147,308.96570487373543
16148,199.2253500897933
16149,0.0
16150,0.0
16151,216.52833980047865
16152,308.96570487373543
16153,308.96570487373543
16154,132.05243430669583
16155,308.96570487373543
16156,308.96570487373543
16157,0.0
16158,199.2253500897933
16159,0.0
16160,0.0
16161,0.0
16162,135.07147651044005
16163,308.96570487373543
16164,0.0
16165,308.96570487373543
16166,33.16277469650504
16167,33.16277469650504
16168,0.0
16169,0.0
16170,308.96570487373543
16171,0.0
16172,308.96570487373543
16173,308.96570487373543
16174,33.16277469650504
16175,0.0
16176,132.05243430669583
16177,0.0
16178,0.0
16179,0.0
16180,308.96570487373543
16181,308.96570487373543
16182,308.96570487373543
16183,199.2253500897933
16184,0.0
16185,0.0
16186,0.0
16187,216.52833980047865
16188,216.52833980047865
16189,0.0
16190,0.0
16191,0.0
16192,308.96570487373543
16193,308.96570487373543
16194,308.96570487373543
16195,308.96570487373543
16196,1173.2069262530395
16197,0.0
16198,216.52833980047865
16199,308.96570487373543
16200,0.0
16201,308.96570487373543
16202,308.96570487373543
16203,308.96570487373543
16204,199.2253500897933
16205,0.0
16206,216.52833980047865
16207,0.0
16208,308.96570487373543
16209,0.0
16210,0.0
16211,135.07147651044005
16212,0.0
16213,33.16277469650504
16214,216.52833980047865
16215,308.96570487373543
16216,0.0
16217,0.0
16218,308.96570487373543
16219,0.0
16220,308.96570487373543
16221,216.52833980047865
16222,308.96570487373543
16223,0.0
16224,308.96570487373543
16225,308.96570487373543
16226,0.0
16227,308.96570487373543
16228,308.96570487373543
16229,132.05243430669583
16230,308.96570487373543
16231,0.0
16232,132.05243430669583
16233,0.0
16234,33.16277469650504
16235,0.0
16236,0.0
16237,0.0
16238,0.0
16239,132.05243430669583
16240,0.0
16241,0.0
16242,308.96570487373543
16243,0.0
16244,308.96570487373543
16245,308.96570487373543
16246,0.0
16247,0.0
16248,199.2253500897933
16249,308.96570487373543
16250,135.07147651044005
16251,135.07147651044005
16252,308.96570487373543
16253,0.0
16254,132.05243430669583
16255,135.07147651044005
16256,132.05243430669583
16257,216.52833980047865
16258,0.0
16259,308.96570487373543
16260,216.52833980047865
16261,308.96570487373543
16262,308.96570487373543
16263,308.96570487373543
16264,308.96570487373543
16265,6105.54272737628
16266,4816.885334026955
16267,6105.54272737628
16268,6105.54272737628
16269,6105.54272737628
16270,6105.54272737628
16271,5310.361126120411
16272,5450.512847831585
16273,5416.52579161751
16274,7003.4483098119745
16275,4816.885334026955
16276,6105.54272737628
16277,6105.54272737628
16278,7003.4483098119745
16279,5416.52579161751
16280,6105.54272737628
16281,6105.54272737628
16282,7003.4483098119745
16283,6105.54272737628
16284,5298.921872414424
16285,6105.54272737628
16286,5905.958900114833
16287,6105.54272737628
16288,5416.52579161751
16289,6105.54272737628
16290,5310.361126120411
16291,7003.4483098119745
16292,6105.54272737628
16293,5187.334323022757
16294,5416.52579161751
16295,5187.334323022757
16296,7003.4483098119745
16297,5251.659371028755
16298,6105.54272737628
16299,4816.885334026955
16300,4816.885334026955
16301,6105.54272737628
16302,6105.54272737628
16303,6105.54272737628
16304,5898.356305707557
16305,7243.813980510196
16306,6105.54272737628
16307,5905.958900114833
16308,4636.949618483758
16309,5310.361126120411
16310,6105.54272737628
16311,5425.788337188758
16312,4816.885334026955
16313,5251.659371028755
16314,6105.54272737628
16315,5373.803382733809
16316,7003.4483098119745
16317,6105.54272737628
16318,5251.659371028755
16319,5450.512847831585
16320,6105.54272737628
16321,6105.54272737628
16322,6105.54272737628
16323,6105.54272737628
16324,5905.958900114833
16325,6105.54272737628
16326,6105.54272737628
16327,7003.4483098119745
16328,5251.659371028755
16329,6105.54272737628
16330,6105.54272737628
16331,5187.334323022757
16332,7003.4483098119745
16333,6105.54272737628
16334,5373.803382733809
16335,5416.52579161751
16336,4816.885334026955
16337,6105.54272737628
16338,5310.361126120411
16339,6105.54272737628
16340,6105.54272737628
16341,6105.54272737628
16342,5905.958900114833
16343,6489.527860784833
16344,6105.54272737628
16345,6105.54272737628
16346,6105.54272737628
16347,6105.54272737628
16348,5251.659371028755
16349,6105.54272737628
16350,6105.54272737628
16351,7003.4483098119745
16352,6105.54272737628
16353,6105.54272737628
16354,6105.54272737628
16355,5251.659371028755
16356,6105.54272737628
16357,6105.54272737628
16358,5425.788337188758
16359,5450.512847831585
16360,5310.361126120411
16361,4816.885334026955
16362,5450.512847831585
16363,6105.54272737628
16364,4636.949618483758
16365,5310.361126120411
16366,6105.54272737628
16367,7003.4483098119745
16368,4816.885334026955
16369,5310.361126120411
16370,6105.54272737628
16371,6105.54272737628
16372,6105.54272737628
16373,6105.54272737628
16374,5416.52579161751
16375,6961.301638795901
16376,6105.54272737628
16377,4816.885334026955
16378,6105.54272737628
16379,6105.54272737628
16380,5425.788337188758
16381,6105.54272737628
16382,5373.803382733809
16383,6105.54272737628
16384,5187.334323022757
16385,6105.54272737628
16386,6105.54272737628
16387,6105.54272737628
16388,5450.512847831585
16389,5450.512847831585
16390,5450.512847831585
16391,5187.334323022757
16392,6105.54272737628
16393,5425.788337188758
16394,4816.885334026955
16395,6105.54272737628
16396,7003.4483098119745
16397,6105.54272737628
16398,6105.54272737628
16399,6105.54272737628
16400,6105.54272737628
16401,6105.54272737628
16402,4816.885334026955
16403,5898.356305707557
16404,6105.54272737628
16405,6105.54272737628
16406,7003.4483098119745
16407,6105.54272737628
16408,5425.788337188758
16409,6105.54272737628
16410,7003.4483098119745
16411,7003.4483098119745
16412,7003.4483098119745
16413,6105.54272737628
16414,5298.921872414424
16415,6105.54272737628
16416,6105.54272737628
16417,4816.885334026955
16418,6105.54272737628
16419,5425.788337188758
16420,6105.54272737628
16421,7003.4483098119745
16422,4816.885334026955
16423,6105.54272737628
16424,5187.334323022757
16425,5298.921872414424
16426,6105.54272737628
16427,5310.361126120411
16428,5905.958900114833
16429,5416.52579161751
16430,5416.52579161751
16431,6105.54272737628
16432,5898.356305707557
16433,6105.54272737628
16434,6105.54272737628
16435,6105.54272737628
16436,5310.361126120411
16437,6105.54272737628
16438,6105.54272737628
16439,5425.788337188758
16440,4816.885334026955
16441,6105.54272737628
16442,7243.813980510196
16443,6105.54272737628
16444,6105.54272737628
16445,5251.659371028755
16446,5416.52579161751
16447,6105.54272737628
16448,6105.54272737628
16449,4816.885334026955
16450,5298.921872414424
16451,5310.361126120411
16452,6105.54272737628
16453,6105.54272737628
16454,5298.921872414424
16455,7003.4483098119745
16456,6105.54272737628
16457,5425.788337188758
16458,6105.54272737628
16459,5298.921872414424
16460,5298.921872414424
16461,5310.361126120411
16462,5373.803382733809
16463,5905.958900114833
16464,5251.659371028755
16465,6105.54272737628
16466,6105.54272737628
16467,7003.4483098119745
16468,4816.885334026955
16469,6105.54272737628
16470,6105.54272737628
16471,6105.54272737628
16472,4816.885334026955
16473,6105.54272737628
16474,5905.958900114833
16475,7003.4483098119745
16476,5187.334323022757
16477,6105.54272737628
16478,7003.4483098119745
16479,5905.958900114833
16480,6105.54272737628
16481,7003.4483098119745
16482,7003.4483098119745
16483,6105.54272737628
16484,7003.4483098119745
16485,4816.885334026955
16486,6105.54272737628
16487,6105.54272737628
16488,6105.54272737628
16489,4648.133953521635
16490,5416.52579161751
16491,6105.54272737628
16492,6105.54272737628
16493,6105.54272737628
16494,5310.361126120411
16495,6105.54272737628
16496,5898.356305707557
16497,5425.788337188758
16498,6105.54272737628
16499,5187.334323022757
16500,7003.4483098119745
16501,5450.512847831585
16502,5251.659371028755
16503,5905.958900114833
16504,6105.54272737628
16505,6105.54272737628
16506,5187.334323022757
16507,6105.54272737628
16508,6105.54272737628
16509,4816.885334026955
16510,4636.949618483758
16511,6105.54272737628
16512,5298.921872414424
16513,6105.54272737628
16514,5187.334323022757
16515,6105.54272737628
16516,6105.54272737628
16517,6105.54272737628
16518,4816.885334026955
16519,6105.54272737628
16520,5425.788337188758
16521,5187.334323022757
16522,6105.54272737628
16523,5416.52579161751
16524,5251.659371028755
16525,5905.958900114833
16526,6105.54272737628
16527,6105.54272737628
16528,7003.4483098119745
16529,4816.885334026955
16530,4816.885334026955
16531,6105.54272737628
16532,6105.54272737628
16533,6105.54272737628
16534,6105.54272737628
16535,4816.885334026955
16536,5298.921872414424
16537,7003.4483098119745
16538,4816.885334026955
16539,6105.54272737628
16540,6105.54272737628
16541,6105.54272737628
16542,6105.54272737628
16543,6105.54272737628
16544,6105.54272737628
16545,5905.958900114833
16546,5416.52579161751
16547,6105.54272737628
16548,5416.52579161751
16549,6105.54272737628
16550,5187.334323022757
16551,5416.52579161751
16552,5425.788337188758
16553,6105.54272737628
16554,5425.788337188758
16555,6105.54272737628
16556,6105.54272737628
16557,5905.958900114833
16558,6105.54272737628
16559,6105.54272737628
16560,5187.334323022757
16561,4648.133953521635
16562,6105.54272737628
16563,6105.54272737628
16564,5187.334323022757
16565,6105.54272737628
16566,6105.54272737628
16567,6105.54272737628
16568,6105.54272737628
16569,4636.949618483758
16570,5310.361126120411
16571,7003.4483098119745
16572,6105.54272737628
16573,5905.958900114833
16574,4816.885334026955
16575,5905.958900114833
16576,4816.885334026955
16577,5416.52579161751
16578,5310.361126120411
16579,6105.54272737628
16580,6105.54272737628
16581,7243.813980510196
16582,6105.54272737628
16583,5310.361126120411
16584,6105.54272737628
16585,6105.54272737628
16586,5905.958900114833
16587,4636.949618483758
16588,4636.949618483758
16589,5373.803382733809
16590,6105.54272737628
16591,7003.4483098119745
16592,6105.54272737628
16593,6105.54272737628
16594,5450.512847831585
16595,6489.527860784833
16596,5187.334323022757
16597,6105.54272737628
16598,6105.54272737628
16599,6105.54272737628
16600,6105.54272737628
16601,7003.4483098119745
16602,6105.54272737628
16603,5416.52579161751
16604,6105.54272737628
16605,5416.52579161751
16606,6105.54272737628
16607,5187.334323022757
16608,6105.54272737628
16609,6105.54272737628
16610,5251.659371028755
16611,5905.958900114833
16612,5450.512847831585
16613,5298.921872414424
16614,6105.54272737628
16615,6105.54272737628
16616,6105.54272737628
16617,5187.334323022757
16618,6105.54272737628
16619,5298.921872414424
16620,7003.4483098119745
16621,6105.54272737628
16622,6105.54272737628
16623,6105.54272737628
16624,6105.54272737628
16625,6105.54272737628
16626,6105.54272737628
16627,5416.52579161751
16628,6105.54272737628
16629,6105.54272737628
16630,6105.54272737628
16631,5373.803382733809
16632,5395.163885864966
16633,6105.54272737628
16634,6105.54272737628
16635,5187.334323022757
16636,7003.4483098119745
16637,6105.54272737628
16638,7003.4483098119745
16639,6105.54272737628
16640,7003.4483098119745
16641,4816.885334026955
16642,5251.659371028755
16643,6105.54272737628
16644,7003.4483098119745
16645,5298.921872414424
16646,5298.921872414424
16647,6105.54272737628
16648,5251.659371028755
16649,6105.54272737628
16650,5298.921872414424
16651,5425.788337188758
16652,5251.659371028755
16653,7003.4483098119745
16654,5251.659371028755
16655,6105.54272737628
16656,6105.54272737628
16657,5298.921872414424
16658,4636.949618483758
16659,5898.356305707557
16660,5373.803382733809
16661,6105.54272737628
16662,5450.512847831585
16663,5310.361126120411
16664,7003.4483098119745
16665,6961.301638795901
16666,5898.356305707557
16667,6105.54272737628
16668,6105.54272737628
16669,5251.659371028755
16670,6105.54272737628
16671,6105.54272737628
16672,6105.54272737628
16673,6105.54272737628
16674,6105.54272737628
16675,5416.52579161751
16676,6105.54272737628
16677,5187.334323022757
16678,5310.361126120411
16679,6105.54272737628
16680,7003.4483098119745
16681,6961.301638795901
16682,6105.54272737628
16683,5310.361126120411
16684,6105.54272737628
16685,5425.788337188758
16686,5373.803382733809
16687,6105.54272737628
16688,6105.54272737628
16689,6105.54272737628
16690,6105.54272737628
16691,5251.659371028755
16692,5450.512847831585
16693,6105.54272737628
16694,5905.958900114833
16695,6105.54272737628
16696,6105.54272737628
16697,6105.54272737628
16698,6105.54272737628
16699,5905.958900114833
16700,4816.885334026955
16701,6105.54272737628
16702,7003.4483098119745
16703,5425.788337188758
16704,5310.361126120411
16705,6105.54272737628
16706,7003.4483098119745
16707,5251.659371028755
16708,4648.133953521635
16709,6105.54272737628
16710,5450.512847831585
16711,5373.803382733809
16712,6105.54272737628
16713,6105.54272737628
16714,6105.54272737628
16715,6105.54272737628
16716,6105.54272737628
16717,5373.803382733809
16718,6105.54272737628
16719,6105.54272737628
16720,4816.885334026955
16721,6105.54272737628
16722,5425.788337188758
16723,5187.334323022757
16724,6105.54272737628
16725,6105.54272737628
16726,6105.54272737628
16727,5310.361126120411
16728,7003.4483098119745
16729,5898.356305707557
16730,4816.885334026955
16731,6105.54272737628
16732,5450.512847831585
16733,6105.54272737628
16734,5251.659371028755
16735,6105.54272737628
16736,7003.4483098119745
16737,5187.334323022757
16738,6105.54272737628
16739,5373.803382733809
16740,6105.54272737628
16741,5416.52579161751
16742,7003.4483098119745
16743,6105.54272737628
16744,6105.54272737628
16745,5450.512847831585
16746,6105.54272737628
16747,6105.54272737628
16748,6105.54272737628
16749,6105.54272737628
16750,6489.527860784833
16751,5373.803382733809
16752,6105.54272737628
16753,6105.54272737628
16754,5450.512847831585
16755,5187.334323022757
16756,6105.54272737628
16757,6105.54272737628
16758,6105.54272737628
16759,4648.133953521635
16760,5373.803382733809
16761,5425.788337188758
16762,4816.885334026955
16763,5416.52579161751
16764,6105.54272737628
16765,6105.54272737628
16766,7003.4483098119745
16767,6105.54272737628
16768,5416.52579161751
16769,5298.921872414424
16770,5450.512847831585
16771,5905.958900114833
16772,5251.659371028755
16773,6105.54272737628
16774,7003.4483098119745
16775,6105.54272737628
16776,6105.54272737628
16777,6105.54272737628
16778,4816.885334026955
16779,5898.356305707557
16780,6105.54272737628
16781,5187.334323022757
16782,5416.52579161751
16783,7243.813980510196
16784,5298.921872414424
16785,5187.334323022757
16786,4816.885334026955
16787,6105.54272737628
16788,5416.52579161751
16789,7003.4483098119745
16790,5373.803382733809
16791,5310.361126120411
16792,6105.54272737628
16793,5251.659371028755
16794,6105.54272737628
16795,6105.54272737628
16796,6105.54272737628
16797,5251.659371028755
16798,6105.54272737628
16799,7003.4483098119745
16800,7003.4483098119745
16801,5310.361126120411
16802,6105.54272737628
16803,7003.4483098119745
16804,5298.921872414424
16805,4636.949618483758
16806,4816.885334026955
16807,5416.52579161751
16808,6105.54272737628
16809,5425.788337188758
16810,5905.958900114833
16811,6105.54272737628
16812,4816.885334026955
16813,5298.921872414424
16814,5416.52579161751
16815,5905.958900114833
16816,5905.958900114833
16817,6105.54272737628
16818,7003.4483098119745
16819,6105.54272737628
16820,5416.52579161751
16821,4816.885334026955
16822,6105.54272737628
16823,6105.54272737628
16824,5298.921872414424
16825,6105.54272737628
16826,6105.54272737628
16827,6105.54272737628
16828,4816.885334026955
16829,6105.54272737628
16830,5905.958900114833
16831,6105.54272737628
16832,6105.54272737628
16833,4648.133953521635
16834,4816.885334026955
16835,5187.334323022757
16836,6105.54272737628
16837,6105.54272737628
16838,6105.54272737628
16839,6105.54272737628
16840,6105.54272737628
16841,7003.4483098119745
16842,5373.803382733809
16843,4816.885334026955
16844,4816.885334026955
16845,4816.885334026955
16846,6105.54272737628
16847,5187.334323022757
16848,5373.803382733809
16849,7003.4483098119745
16850,6105.54272737628
16851,6105.54272737628
16852,5187.334323022757
16853,5905.958900114833
16854,6105.54272737628
16855,5905.958900114833
16856,5251.659371028755
16857,6105.54272737628
16858,6105.54272737628
16859,6105.54272737628
16860,6961.301638795901
16861,6105.54272737628
16862,6105.54272737628
16863,6105.54272737628
16864,6105.54272737628
16865,6105.54272737628
16866,6105.54272737628
16867,4816.885334026955
16868,5905.958900114833
16869,7003.4483098119745
16870,5310.361126120411
16871,5905.958900114833
16872,5187.334323022757
16873,6105.54272737628
16874,6105.54272737628
16875,6105.54272737628
16876,5425.788337188758
16877,6105.54272737628
16878,5373.803382733809
16879,6105.54272737628
16880,7003.4483098119745
16881,6105.54272737628
16882,6105.54272737628
16883,6105.54272737628
16884,6105.54272737628
16885,5905.958900114833
16886,5310.361126120411
16887,5905.958900114833
16888,5395.163885864966
16889,6105.54272737628
16890,6105.54272737628
16891,6105.54272737628
16892,6105.54272737628
16893,6105.54272737628
16894,7003.4483098119745
16895,6105.54272737628
16896,5373.803382733809
16897,6105.54272737628
16898,7003.4483098119745
16899,6961.301638795901
16900,6105.54272737628
16901,6105.54272737628
16902,7003.4483098119745
16903,6105.54272737628
16904,6105.54272737628
16905,6105.54272737628
16906,5416.52579161751
16907,5373.803382733809
16908,5905.958900114833
16909,6105.54272737628
16910,6105.54272737628
16911,6105.54272737628
16912,5425.788337188758
16913,4816.885334026955
16914,5251.659371028755
16915,5187.334323022757
16916,4816.885334026955
16917,6105.54272737628
16918,5187.334323022757
16919,5870.995293277418
16920,4816.885334026955
16921,6105.54272737628
16922,5416.52579161751
16923,6105.54272737628
16924,6489.527860784833
16925,7003.4483098119745
16926,6105.54272737628
16927,6105.54272737628
16928,4816.885334026955
16929,4816.885334026955
16930,6105.54272737628
16931,5416.52579161751
16932,6105.54272737628
16933,5298.921872414424
16934,6105.54272737628
16935,5905.958900114833
16936,6105.54272737628
16937,6489.527860784833
16938,6105.54272737628
16939,5425.788337188758
16940,6105.54272737628
16941,5298.921872414424
16942,6105.54272737628
16943,5187.334323022757
16944,6105.54272737628
16945,6105.54272737628
16946,6105.54272737628
16947,6105.54272737628
16948,6105.54272737628
16949,5251.659371028755
16950,5373.803382733809
16951,4816.885334026955
16952,5187.334323022757
16953,5310.361126120411
16954,6105.54272737628
16955,6105.54272737628
16956,6105.54272737628
16957,5298.921872414424
16958,7003.4483098119745
16959,6105.54272737628
16960,7003.4483098119745
16961,6105.54272737628
16962,4816.885334026955
16963,6105.54272737628
16964,6105.54272737628
16965,6105.54272737628
16966,5251.659371028755
16967,5416.52579161751
16968,6105.54272737628
16969,6105.54272737628
16970,6105.54272737628
16971,6105.54272737628
16972,7003.4483098119745
16973,6105.54272737628
16974,6105.54272737628
16975,5416.52579161751
16976,7003.4483098119745
16977,6105.54272737628
16978,5310.361126120411
16979,5310.361126120411
16980,5450.512847831585
16981,6105.54272737628
16982,5187.334323022757
16983,6105.54272737628
16984,6105.54272737628
16985,5310.361126120411
16986,5450.512847831585
16987,4816.885334026955
16988,6105.54272737628
16989,6105.54272737628
16990,5905.958900114833
16991,6105.54272737628
16992,6105.54272737628
16993,5187.334323022757
16994,5425.788337188758
16995,6105.54272737628
16996,6105.54272737628
16997,6105.54272737628
16998,4816.885334026955
16999,5450.512847831585
17000,6105.54272737628
17001,6105.54272737628
17002,7003.4483098119745
17003,6105.54272737628
17004,5905.958900114833
17005,4648.133953521635
17006,5425.788337188758
17007,5187.334323022757
17008,6105.54272737628
17009,6105.54272737628
17010,5298.921872414424
17011,6105.54272737628
17012,6105.54272737628
17013,4648.133953521635
17014,5905.958900114833
17015,5251.659371028755
17016,5203.982747925428
17017,7003.4483098119745
17018,4816.885334026955
17019,6105.54272737628
17020,5450.512847831585
17021,6105.54272737628
17022,5310.361126120411
17023,5310.361126120411
17024,5450.512847831585
17025,5425.788337188758
17026,6105.54272737628
17027,7003.4483098119745
17028,6105.54272737628
17029,6105.54272737628
17030,5310.361126120411
17031,5251.659371028755
17032,5298.921872414424
17033,7003.4483098119745
17034,4636.949618483758
17035,5898.356305707557
17036,6105.54272737628
17037,6105.54272737628
17038,6105.54272737628
17039,5905.958900114833
17040,5425.788337188758
17041,5425.788337188758
17042,7243.813980510196
17043,5187.334323022757
17044,5187.334323022757
17045,5898.356305707557
17046,5373.803382733809
17047,5450.512847831585
17048,6105.54272737628
17049,6105.54272737628
17050,6105.54272737628
17051,6105.54272737628
17052,6961.301638795901
17053,7003.4483098119745
17054,5187.334323022757
17055,6105.54272737628
17056,4648.133953521635
17057,6105.54272737628
17058,6105.54272737628
17059,6105.54272737628
17060,5905.958900114833
17061,7003.4483098119745
17062,5187.334323022757
17063,5450.512847831585
17064,6105.54272737628
17065,5416.52579161751
17066,7003.4483098119745
17067,4816.885334026955
17068,5898.356305707557
17069,5310.361126120411
17070,5187.334323022757
17071,6105.54272737628
17072,5416.52579161751
17073,7003.4483098119745
17074,6105.54272737628
17075,5373.803382733809
17076,6105.54272737628
17077,5187.334323022757
17078,6105.54272737628
17079,7003.4483098119745
17080,6105.54272737628
17081,6105.54272737628
17082,5373.803382733809
17083,6105.54272737628
17084,6105.54272737628
17085,5298.921872414424
17086,6105.54272737628
17087,5373.803382733809
17088,5298.921872414424
17089,5395.163885864966
17090,5310.361126120411
17091,5373.803382733809
17092,7003.4483098119745
17093,5251.659371028755
17094,7003.4483098119745
17095,5298.921872414424
17096,5450.512847831585
17097,5425.788337188758
17098,6105.54272737628
17099,4636.949618483758
17100,6105.54272737628
17101,6105.54272737628
17102,7003.4483098119745
17103,7003.4483098119745
17104,5905.958900114833
17105,6105.54272737628
17106,4816.885334026955
17107,4816.885334026955
17108,6105.54272737628
17109,7003.4483098119745
17110,5298.921872414424
17111,4816.885334026955
17112,5298.921872414424
17113,5187.334323022757
17114,5450.512847831585
17115,6105.54272737628
17116,5187.334323022757
17117,6105.54272737628
17118,6105.54272737628
17119,6105.54272737628
17120,6105.54272737628
17121,6537.377646653581
17122,5559.696918503076
17123,6537.377646653581
17124,6537.377646653581
17125,6537.377646653581
17126,6537.377646653581
17127,5134.943893097958
17128,5519.964137139839
17129,5384.389473601511
17130,6464.885121552131
17131,5559.696918503076
17132,6537.377646653581
17133,6537.377646653581
17134,6464.885121552131
17135,5384.389473601511
17136,6537.377646653581
17137,6537.377646653581
17138,6464.885121552131
17139,6537.377646653581
17140,5440.779548309979
17141,6537.377646653581
17142,5815.4177083587765
17143,6537.377646653581
17144,5384.389473601511
17145,6537.377646653581
17146,5134.943893097958
17147,6464.885121552131
17148,6537.377646653581
17149,5679.22186285275
17150,5384.389473601511
17151,5679.22186285275
17152,6464.885121552131
17153,6369.952045417568
17154,6537.377646653581
17155,5559.696918503076
17156,5559.696918503076
17157,6537.377646653581
17158,6537.377646653581
17159,6537.377646653581
17160,6059.888798869708
17161,6764.761666954246
17162,6537.377646653581
17163,5815.4177083587765
17164,5458.320353308317
17165,5134.943893097958
17166,6537.377646653581
17167,5914.173098354912
17168,5559.696918503076
17169,6369.952045417568
17170,6537.377646653581
17171,5496.382205414122
17172,6464.885121552131
17173,6537.377646653581
17174,6369.952045417568
17175,5519.964137139839
17176,6537.377646653581
17177,6537.377646653581
17178,6537.377646653581
17179,6537.377646653581
17180,5815.4177083587765
17181,6537.377646653581
17182,6537.377646653581
17183,6464.885121552131
17184,6369.952045417568
17185,6537.377646653581
17186,6537.377646653581
17187,5679.22186285275
17188,6464.885121552131
17189,6537.377646653581
17190,5496.382205414122
17191,5384.389473601511
17192,5559.696918503076
17193,6537.377646653581
17194,5134.943893097958
17195,6537.377646653581
17196,6537.377646653581
17197,6537.377646653581
17198,5815.4177083587765
17199,6277.634639623154
17200,6537.377646653581
17201,6537.377646653581
17202,6537.377646653581
17203,6537.377646653581
17204,6369.952045417568
17205,6537.377646653581
17206,6537.377646653581
17207,6464.885121552131
17208,6537.377646653581
17209,6537.377646653581
17210,6537.377646653581
17211,6369.952045417568
17212,6537.377646653581
17213,6537.377646653581
17214,5914.173098354912
17215,5519.964137139839
17216,5134.943893097958
17217,5559.696918503076
17218,5519.964137139839
17219,6537.377646653581
17220,5458.320353308317
17221,5134.943893097958
17222,6537.377646653581
17223,6464.885121552131
17224,5559.696918503076
17225,5134.943893097958
17226,6537.377646653581
17227,6537.377646653581
17228,6537.377646653581
17229,6537.377646653581
17230,5384.389473601511
17231,6998.418967640201
17232,6537.377646653581
17233,5559.696918503076
17234,6537.377646653581
17235,6537.377646653581
17236,5914.173098354912
17237,6537.377646653581
17238,5496.382205414122
17239,6537.377646653581
17240,5679.22186285275
17241,6537.377646653581
17242,6537.377646653581
17243,6537.377646653581
17244,5519.964137139839
17245,5519.964137139839
17246,5519.964137139839
17247,5679.22186285275
17248,6537.377646653581
17249,5914.173098354912
17250,5559.696918503076
17251,6537.377646653581
17252,6464.885121552131
17253,6537.377646653581
17254,6537.377646653581
17255,6537.377646653581
17256,6537.377646653581
17257,6537.377646653581
17258,5559.696918503076
17259,6059.888798869708
17260,6537.377646653581
17261,6537.377646653581
17262,6464.885121552131
17263,6537.377646653581
17264,5914.173098354912
17265,6537.377646653581
17266,6464.885121552131
17267,6464.885121552131
17268,6464.885121552131
17269,6537.377646653581
17270,5440.779548309979
17271,6537.377646653581
17272,6537.377646653581
17273,5559.696918503076
17274,6537.377646653581
17275,5914.173098354912
17276,6537.377646653581
17277,6464.885121552131
17278,5559.696918503076
17279,6537.377646653581
17280,5679.22186285275
17281,5440.779548309979
17282,6537.377646653581
17283,5134.943893097958
17284,5815.4177083587765
17285,5384.389473601511
17286,5384.389473601511
17287,6537.377646653581
17288,6059.888798869708
17289,6537.377646653581
17290,6537.377646653581
17291,6537.377646653581
17292,5134.943893097958
17293,6537.377646653581
17294,6537.377646653581
17295,5914.173098354912
17296,5559.696918503076
17297,6537.377646653581
17298,6764.761666954246
17299,6537.377646653581
17300,6537.377646653581
17301,6369.952045417568
17302,5384.389473601511
17303,6537.377646653581
17304,6537.377646653581
17305,5559.696918503076
17306,5440.779548309979
17307,5134.943893097958
17308,6537.377646653581
17309,6537.377646653581
17310,5440.779548309979
17311,6464.885121552131
17312,6537.377646653581
17313,5914.173098354912
17314,6537.377646653581
17315,5440.779548309979
17316,5440.779548309979
17317,5134.943893097958
17318,5496.382205414122
17319,5815.4177083587765
17320,6369.952045417568
17321,6537.377646653581
17322,6537.377646653581
17323,6464.885121552131
17324,5559.696918503076
17325,6537.377646653581
17326,6537.377646653581
17327,6537.377646653581
17328,5559.696918503076
17329,6537.377646653581
17330,5815.4177083587765
17331,6464.885121552131
17332,5679.22186285275
17333,6537.377646653581
17334,6464.885121552131
17335,5815.4177083587765
17336,6537.377646653581
17337,6464.885121552131
17338,6464.885121552131
17339,6537.377646653581
17340,6464.885121552131
17341,5559.696918503076
17342,6537.377646653581
17343,6537.377646653581
17344,6537.377646653581
17345,5106.601565709859
17346,5384.389473601511
17347,6537.377646653581
17348,6537.377646653581
17349,6537.377646653581
17350,5134.943893097958
17351,6537.377646653581
17352,6059.888798869708
17353,5914.173098354912
17354,6537.377646653581
17355,5679.22186285275
17356,6464.885121552131
17357,5519.964137139839
17358,6369.952045417568
17359,5815.4177083587765
17360,6537.377646653581
17361,6537.377646653581
17362,5679.22186285275
17363,6537.377646653581
17364,6537.377646653581
17365,5559.696918503076
17366,5458.320353308317
17367,6537.377646653581
17368,5440.779548309979
17369,6537.377646653581
17370,5679.22186285275
17371,6537.377646653581
17372,6537.377646653581
17373,6537.377646653581
17374,5559.696918503076
17375,6537.377646653581
17376,5914.173098354912
17377,5679.22186285275
17378,6537.377646653581
17379,5384.389473601511
17380,6369.952045417568
17381,5815.4177083587765
17382,6537.377646653581
17383,6537.377646653581
17384,6464.885121552131
17385,5559.696918503076
17386,5559.696918503076
17387,6537.377646653581
17388,6537.377646653581
17389,6537.377646653581
17390,6537.377646653581
17391,5559.696918503076
17392,5440.779548309979
17393,6464.885121552131
17394,5559.696918503076
17395,6537.377646653581
17396,6537.377646653581
17397,6537.377646653581
17398,6537.377646653581
17399,6537.377646653581
17400,6537.377646653581
17401,5815.4177083587765
17402,5384.389473601511
17403,6537.377646653581
17404,5384.389473601511
17405,6537.377646653581
17406,5679.22186285275
17407,5384.389473601511
17408,5914.173098354912
17409,6537.377646653581
17410,5914.173098354912
17411,6537.377646653581
17412,6537.377646653581
17413,5815.4177083587765
17414,6537.377646653581
17415,6537.377646653581
17416,5679.22186285275
17417,5106.601565709859
17418,6537.377646653581
17419,6537.377646653581
17420,5679.22186285275
17421,6537.377646653581
17422,6537.377646653581
17423,6537.377646653581
17424,6537.377646653581
17425,5458.320353308317
17426,5134.943893097958
17427,6464.885121552131
17428,6537.377646653581
17429,5815.4177083587765
17430,5559.696918503076
17431,5815.4177083587765
17432,5559.696918503076
17433,5384.389473601511
17434,5134.943893097958
17435,6537.377646653581
17436,6537.377646653581
17437,6764.761666954246
17438,6537.377646653581
17439,5134.943893097958
17440,6537.377646653581
17441,6537.377646653581
17442,5815.4177083587765
17443,5458.320353308317
17444,5458.320353308317
17445,5496.382205414122
17446,6537.377646653581
17447,6464.885121552131
17448,6537.377646653581
17449,6537.377646653581
17450,5519.964137139839
17451,6277.634639623154
17452,5679.22186285275
17453,6537.377646653581
17454,6537.377646653581
17455,6537.377646653581
17456,6537.377646653581
17457,6464.885121552131
17458,6537.377646653581
17459,5384.389473601511
17460,6537.377646653581
17461,5384.389473601511
17462,6537.377646653581
17463,5679.22186285275
17464,6537.377646653581
17465,6537.377646653581
17466,6369.952045417568
17467,5815.4177083587765
17468,5519.964137139839
17469,5440.779548309979
17470,6537.377646653581
17471,6537.377646653581
17472,6537.377646653581
17473,5679.22186285275
17474,6537.377646653581
17475,5440.779548309979
17476,6464.885121552131
17477,6537.377646653581
17478,6537.377646653581
17479,6537.377646653581
17480,6537.377646653581
17481,6537.377646653581
17482,6537.377646653581
17483,5384.389473601511
17484,6537.377646653581
17485,6537.377646653581
17486,6537.377646653581
17487,5496.382205414122
17488,5532.638826381813
17489,6537.377646653581
17490,6537.377646653581
17491,5679.22186285275
17492,6464.885121552131
17493,6537.377646653581
17494,6464.885121552131
17495,6537.377646653581
17496,6464.885121552131
17497,5559.696918503076
17498,6369.952045417568
17499,6537.377646653581
17500,6464.885121552131
17501,5440.779548309979
17502,5440.779548309979
17503,6537.377646653581
17504,6369.952045417568
17505,6537.377646653581
17506,5440.779548309979
17507,5914.173098354912
17508,6369.952045417568
17509,6464.885121552131
17510,6369.952045417568
17511,6537.377646653581
17512,6537.377646653581
17513,5440.779548309979
17514,5458.320353308317
17515,6059.888798869708
17516,5496.382205414122
17517,6537.377646653581
17518,5519.964137139839
17519,5134.943893097958
17520,6464.885121552131
17521,6998.418967640201
17522,6059.888798869708
17523,6537.377646653581
17524,6537.377646653581
17525,6369.952045417568
17526,6537.377646653581
17527,6537.377646653581
17528,6537.377646653581
17529,6537.377646653581
17530,6537.377646653581
17531,5384.389473601511
17532,6537.377646653581
17533,5679.22186285275
17534,5134.943893097958
17535,6537.377646653581
17536,6464.885121552131
17537,6998.418967640201
17538,6537.377646653581
17539,5134.943893097958
17540,6537.377646653581
17541,5914.173098354912
17542,5496.382205414122
17543,6537.377646653581
17544,6537.377646653581
17545,6537.377646653581
17546,6537.377646653581
17547,6369.952045417568
17548,5519.964137139839
17549,6537.377646653581
17550,5815.4177083587765
17551,6537.377646653581
17552,6537.377646653581
17553,6537.377646653581
17554,6537.377646653581
17555,5815.4177083587765
17556,5559.696918503076
17557,6537.377646653581
17558,6464.885121552131
17559,5914.173098354912
17560,5134.943893097958
17561,6537.377646653581
17562,6464.885121552131
17563,6369.952045417568
17564,5106.601565709859
17565,6537.377646653581
17566,5519.964137139839
17567,5496.382205414122
17568,6537.377646653581
17569,6537.377646653581
17570,6537.377646653581
17571,6537.377646653581
17572,6537.377646653581
17573,5496.382205414122
17574,6537.377646653581
17575,6537.377646653581
17576,5559.696918503076
17577,6537.377646653581
17578,5914.173098354912
17579,5679.22186285275
17580,6537.377646653581
17581,6537.377646653581
17582,6537.377646653581
17583,5134.943893097958
17584,6464.885121552131
17585,6059.888798869708
17586,5559.696918503076
17587,6537.377646653581
17588,5519.964137139839
17589,6537.377646653581
17590,6369.952045417568
17591,6537.377646653581
17592,6464.885121552131
17593,5679.22186285275
17594,6537.377646653581
17595,5496.382205414122
17596,6537.377646653581
17597,5384.389473601511
17598,6464.885121552131
17599,6537.377646653581
17600,6537.377646653581
17601,5519.964137139839
17602,6537.377646653581
17603,6537.377646653581
17604,6537.377646653581
17605,6537.377646653581
17606,6277.634639623154
17607,5496.382205414122
17608,6537.377646653581
17609,6537.377646653581
17610,5519.964137139839
17611,5679.22186285275
17612,6537.377646653581
17613,6537.377646653581
17614,6537.377646653581
17615,5106.601565709859
17616,5496.382205414122
17617,5914.173098354912
17618,5559.696918503076
17619,5384.389473601511
17620,6537.377646653581
17621,6537.377646653581
17622,6464.885121552131
17623,6537.377646653581
17624,5384.389473601511
17625,5440.779548309979
17626,5519.964137139839
17627,5815.4177083587765
17628,6369.952045417568
17629,6537.377646653581
17630,6464.885121552131
17631,6537.377646653581
17632,6537.377646653581
17633,6537.377646653581
17634,5559.696918503076
17635,6059.888798869708
17636,6537.377646653581
17637,5679.22186285275
17638,5384.389473601511
17639,6764.761666954246
17640,5440.779548309979
17641,5679.22186285275
17642,5559.696918503076
17643,6537.377646653581
17644,5384.389473601511
17645,6464.885121552131
17646,5496.382205414122
17647,5134.943893097958
17648,6537.377646653581
17649,6369.952045417568
17650,6537.377646653581
17651,6537.377646653581
17652,6537.377646653581
17653,6369.952045417568
17654,6537.377646653581
17655,6464.885121552131
17656,6464.885121552131
17657,5134.943893097958
17658,6537.377646653581
17659,6464.885121552131
17660,5440.779548309979
17661,5458.320353308317
17662,5559.696918503076
17663,5384.389473601511
17664,6537.377646653581
17665,5914.173098354912
17666,5815.4177083587765
17667,6537.377646653581
17668,5559.696918503076
17669,5440.779548309979
17670,5384.389473601511
17671,5815.4177083587765
17672,5815.4177083587765
17673,6537.377646653581
17674,6464.885121552131
17675,6537.377646653581
17676,5384.389473601511
17677,5559.696918503076
17678,6537.377646653581
17679,6537.377646653581
17680,5440.779548309979
17681,6537.377646653581
17682,6537.377646653581
17683,6537.377646653581
17684,5559.696918503076
17685,6537.377646653581
17686,5815.4177083587765
17687,6537.377646653581
17688,6537.377646653581
17689,5106.601565709859
17690,5559.696918503076
17691,5679.22186285275
17692,6537.377646653581
17693,6537.377646653581
17694,6537.377646653581
17695,6537.377646653581
17696,6537.377646653581
17697,6464.885121552131
17698,5496.382205414122
17699,5559.696918503076
17700,5559.696918503076
17701,5559.696918503076
17702,6537.377646653581
17703,5679.22186285275
17704,5496.382205414122
17705,6464.885121552131
17706,6537.377646653581
17707,6537.377646653581
17708,5679.22186285275
17709,5815.4177083587765
17710,6537.377646653581
17711,5815.4177083587765
17712,6369.952045417568
17713,6537.377646653581
17714,6537.377646653581
17715,6537.377646653581
17716,6998.418967640201
17717,6537.377646653581
17718,6537.377646653581
17719,6537.377646653581
17720,6537.377646653581
17721,6537.377646653581
17722,6537.377646653581
17723,5559.696918503076
17724,5815.4177083587765
17725,6464.885121552131
17726,5134.943893097958
17727,5815.4177083587765
17728,5679.22186285275
17729,6537.377646653581
17730,6537.377646653581
17731,6537.377646653581
17732,5914.173098354912
17733,6537.377646653581
17734,5496.382205414122
17735,6537.377646653581
17736,6464.885121552131
17737,6537.377646653581
17738,6537.377646653581
17739,6537.377646653581
17740,6537.377646653581
17741,5815.4177083587765
17742,5134.943893097958
17743,5815.4177083587765
17744,5532.638826381813
17745,6537.377646653581
17746,6537.377646653581
17747,6537.377646653581
17748,6537.377646653581
17749,6537.377646653581
17750,6464.885121552131
17751,6537.377646653581
17752,5496.382205414122
17753,6537.377646653581
17754,6464.885121552131
17755,6998.418967640201
17756,6537.377646653581
17757,6537.377646653581
17758,6464.885121552131
17759,6537.377646653581
17760,6537.377646653581
17761,6537.377646653581
17762,5384.389473601511
17763,5496.382205414122
17764,5815.4177083587765
17765,6537.377646653581
17766,6537.377646653581
17767,6537.377646653581
17768,5914.173098354912
17769,5559.696918503076
17770,6369.952045417568
17771,5679.22186285275
17772,5559.696918503076
17773,6537.377646653581
17774,5679.22186285275
17775,5783.792782244444
17776,5559.696918503076
17777,6537.377646653581
17778,5384.389473601511
17779,6537.377646653581
17780,6277.634639623154
17781,6464.885121552131
17782,6537.377646653581
17783,6537.377646653581
17784,5559.696918503076
17785,5559.696918503076
17786,6537.377646653581
17787,5384.389473601511
17788,6537.377646653581
17789,5440.779548309979
17790,6537.377646653581
17791,5815.4177083587765
17792,6537.377646653581
17793,6277.634639623154
17794,6537.377646653581
17795,5914.173098354912
17796,6537.377646653581
17797,5440.779548309979
17798,6537.377646653581
17799,5679.22186285275
17800,6537.377646653581
17801,6537.377646653581
17802,6537.377646653581
17803,6537.377646653581
17804,6537.377646653581
17805,6369.952045417568
17806,5496.382205414122
17807,5559.696918503076
17808,5679.22186285275
17809,5134.943893097958
17810,6537.377646653581
17811,6537.377646653581
17812,6537.377646653581
17813,5440.779548309979
17814,6464.885121552131
17815,6537.377646653581
17816,6464.885121552131
17817,6537.377646653581
17818,5559.696918503076
17819,6537.377646653581
17820,6537.377646653581
17821,6537.377646653581
17822,6369.952045417568
17823,5384.389473601511
17824,6537.377646653581
17825,6537.377646653581
17826,6537.377646653581
17827,6537.377646653581
17828,6464.885121552131
17829,6537.377646653581
17830,6537.377646653581
17831,5384.389473601511
17832,6464.885121552131
17833,6537.377646653581
17834,5134.943893097958
17835,5134.943893097958
17836,5519.964137139839
17837,6537.377646653581
17838,5679.22186285275
17839,6537.377646653581
17840,6537.377646653581
17841,5134.943893097958
17842,5519.964137139839
17843,5559.696918503076
17844,6537.377646653581
17845,6537.377646653581
17846,5815.4177083587765
17847,6537.377646653581
17848,6537.377646653581
17849,5679.22186285275
17850,5914.173098354912
17851,6537.377646653581
17852,6537.377646653581
17853,6537.377646653581
17854,5559.696918503076
17855,5519.964137139839
17856,6537.377646653581
17857,6537.377646653581
17858,6464.885121552131
17859,6537.377646653581
17860,5815.4177083587765
17861,5106.601565709859
17862,5914.173098354912
17863,5679.22186285275
17864,6537.377646653581
17865,6537.377646653581
17866,5440.779548309979
17867,6537.377646653581
17868,6537.377646653581
17869,5106.601565709859
17870,5815.4177083587765
17871,6369.952045417568
17872,5588.688042860813
17873,6464.885121552131
17874,5559.696918503076
17875,6537.377646653581
17876,5519.964137139839
17877,6537.377646653581
17878,5134.943893097958
17879,5134.943893097958
17880,5519.964137139839
17881,5914.173098354912
17882,6537.377646653581
17883,6464.885121552131
17884,6537.377646653581
17885,6537.377646653581
17886,5134.943893097958
17887,6369.952045417568
17888,5440.779548309979
17889,6464.885121552131
17890,5458.320353308317
17891,6059.888798869708
17892,6537.377646653581
17893,6537.377646653581
17894,6537.377646653581
17895,5815.4177083587765
17896,5914.173098354912
17897,5914.173098354912
17898,6764.761666954246
17899,5679.22186285275
17900,5679.22186285275
17901,6059.888798869708
17902,5496.382205414122
17903,5519.964137139839
17904,6537.377646653581
17905,6537.377646653581
17906,6537.377646653581
17907,6537.377646653581
17908,6998.418967640201
17909,6464.885121552131
17910,5679.22186285275
17911,6537.377646653581
17912,5106.601565709859
17913,6537.377646653581
17914,6537.377646653581
17915,6537.377646653581
17916,5815.4177083587765
17917,6464.885121552131
17918,5679.22186285275
17919,5519.964137139839
17920,6537.377646653581
17921,5384.389473601511
17922,6464.885121552131
17923,5559.696918503076
17924,6059.888798869708
17925,5134.943893097958
17926,5679.22186285275
17927,6537.377646653581
17928,5384.389473601511
17929,6464.885121552131
17930,6537.377646653581
17931,5496.382205414122
17932,6537.377646653581
17933,5679.22186285275
17934,6537.377646653581
17935,6464.885121552131
17936,6537.377646653581
17937,6537.377646653581
17938,5496.382205414122
17939,6537.377646653581
17940,6537.377646653581
17941,5440.779548309979
17942,6537.377646653581
17943,5496.382205414122
17944,5440.779548309979
17945,5532.638826381813
17946,5134.943893097958
17947,5496.382205414122
17948,6464.885121552131
17949,6369.952045417568
17950,6464.885121552131
17951,5440.779548309979
17952,5519.964137139839
17953,5914.173098354912
17954,6537.377646653581
17955,5458.320353308317
17956,6537.377646653581
17957,6537.377646653581
17958,6464.885121552131
17959,6464.885121552131
17960,5815.4177083587765
17961,6537.377646653581
17962,5559.696918503076
17963,5559.696918503076
17964,6537.377646653581
17965,6464.885121552131
17966,5440.779548309979
17967,5559.696918503076
17968,5440.779548309979
17969,5679.22186285275
17970,5519.964137139839
17971,6537.377646653581
17972,5679.22186285275
17973,6537.377646653581
17974,6537.377646653581
17975,6537.377646653581
17976,6537.377646653581
17977,5427.646098715521
17978,4610.0628297382455
17979,5427.646098715521
17980,5427.646098715521
17981,5427.646098715521
17982,5427.646098715521
17983,4236.825841350954
17984,4523.158997283172
17985,4371.0365875808175
17986,5252.042295426485
17987,4610.0628297382455
17988,5427.646098715521
17989,5427.646098715521
17990,5252.042295426485
17991,4371.0365875808175
17992,5427.646098715521
17993,5427.646098715521
17994,5252.042295426485
17995,5427.646098715521
17996,4482.034222551239
17997,5427.646098715521
17998,4762.166074452162
17999,5427.646098715521
18000,4371.0365875808175
18001,5427.646098715521
18002,4236.825841350954
18003,5252.042295426485
18004,5427.646098715521
18005,4650.705442163069
18006,4371.0365875808175
18007,4650.705442163069
18008,5252.042295426485
18009,5284.269429124317
18010,5427.646098715521
18011,4610.0628297382455
18012,4610.0628297382455
18013,5427.646098715521
18014,5427.646098715521
18015,5427.646098715521
18016,4809.138839322173
18017,5466.11523710472
18018,5427.646098715521
18019,4762.166074452162
18020,4312.557172529494
18021,4236.825841350954
18022,5427.646098715521
18023,4904.657041198837
18024,4610.0628297382455
18025,5284.269429124317
18026,5427.646098715521
18027,4392.88911621015
18028,5252.042295426485
18029,5427.646098715521
18030,5284.269429124317
18031,4523.158997283172
18032,5427.646098715521
18033,5427.646098715521
18034,5427.646098715521
18035,5427.646098715521
18036,4762.166074452162
18037,5427.646098715521
18038,5427.646098715521
18039,5252.042295426485
18040,5284.269429124317
18041,5427.646098715521
18042,5427.646098715521
18043,4650.705442163069
18044,5252.042295426485
18045,5427.646098715521
18046,4392.88911621015
18047,4371.0365875808175
18048,4610.0628297382455
18049,5427.646098715521
18050,4236.825841350954
18051,5427.646098715521
18052,5427.646098715521
18053,5427.646098715521
18054,4762.166074452162
18055,4988.132889443565
18056,5427.646098715521
18057,5427.646098715521
18058,5427.646098715521
18059,5427.646098715521
18060,5284.269429124317
18061,5427.646098715521
18062,5427.646098715521
18063,5252.042295426485
18064,5427.646098715521
18065,5427.646098715521
18066,5427.646098715521
18067,5284.269429124317
18068,5427.646098715521
18069,5427.646098715521
18070,4904.657041198837
18071,4523.158997283172
18072,4236.825841350954
18073,4610.0628297382455
18074,4523.158997283172
18075,5427.646098715521
18076,4312.557172529494
18077,4236.825841350954
18078,5427.646098715521
18079,5252.042295426485
18080,4610.0628297382455
18081,4236.825841350954
18082,5427.646098715521
18083,5427.646098715521
18084,5427.646098715521
18085,5427.646098715521
18086,4371.0365875808175
18087,5822.719259468348
18088,5427.646098715521
18089,4610.0628297382455
18090,5427.646098715521
18091,5427.646098715521
18092,4904.657041198837
18093,5427.646098715521
18094,4392.88911621015
18095,5427.646098715521
18096,4650.705442163069
18097,5427.646098715521
18098,5427.646098715521
18099,5427.646098715521
18100,4523.158997283172
18101,4523.158997283172
18102,4523.158997283172
18103,4650.705442163069
18104,5427.646098715521
18105,4904.657041198837
18106,4610.0628297382455
18107,5427.646098715521
18108,5252.042295426485
18109,5427.646098715521
18110,5427.646098715521
18111,5427.646098715521
18112,5427.646098715521
18113,5427.646098715521
18114,4610.0628297382455
18115,4809.138839322173
18116,5427.646098715521
18117,5427.646098715521
18118,5252.042295426485
18119,5427.646098715521
18120,4904.657041198837
18121,5427.646098715521
18122,5252.042295426485
18123,5252.042295426485
18124,5252.042295426485
18125,5427.646098715521
18126,4482.034222551239
18127,5427.646098715521
18128,5427.646098715521
18129,4610.0628297382455
18130,5427.646098715521
18131,4904.657041198837
18132,5427.646098715521
18133,5252.042295426485
18134,4610.0628297382455
18135,5427.646098715521
18136,4650.705442163069
18137,4482.034222551239
18138,5427.646098715521
18139,4236.825841350954
18140,4762.166074452162
18141,4371.0365875808175
18142,4371.0365875808175
18143,5427.646098715521
18144,4809.138839322173
18145,5427.646098715521
18146,5427.646098715521
18147,5427.646098715521
18148,4236.825841350954
18149,5427.646098715521
18150,5427.646098715521
18151,4904.657041198837
18152,4610.0628297382455
18153,5427.646098715521
18154,5466.11523710472
18155,5427.646098715521
18156,5427.646098715521
18157,5284.269429124317
18158,4371.0365875808175
18159,5427.646098715521
18160,5427.646098715521
18161,4610.0628297382455
18162,4482.034222551239
18163,4236.825841350954
18164,5427.646098715521
18165,5427.646098715521
18166,4482.034222551239
18167,5252.042295426485
18168,5427.646098715521
18169,4904.657041198837
18170,5427.646098715521
18171,4482.034222551239
18172,4482.034222551239
18173,4236.825841350954
18174,4392.88911621015
18175,4762.166074452162
18176,5284.269429124317
18177,5427.646098715521
18178,5427.646098715521
18179,5252.042295426485
18180,4610.0628297382455
18181,5427.646098715521
18182,5427.646098715521
18183,5427.646098715521
18184,4610.0628297382455
18185,5427.646098715521
18186,4762.166074452162
18187,5252.042295426485
18188,4650.705442163069
18189,5427.646098715521
18190,5252.042295426485
18191,4762.166074452162
18192,5427.646098715521
18193,5252.042295426485
18194,5252.042295426485
18195,5427.646098715521
18196,5252.042295426485
18197,4610.0628297382455
18198,5427.646098715521
18199,5427.646098715521
18200,5427.646098715521
18201,4332.095695225696
18202,4371.0365875808175
18203,5427.646098715521
18204,5427.646098715521
18205,5427.646098715521
18206,4236.825841350954
18207,5427.646098715521
18208,4809.138839322173
18209,4904.657041198837
18210,5427.646098715521
18211,4650.705442163069
18212,5252.042295426485
18213,4523.158997283172
18214,5284.269429124317
18215,4762.166074452162
18216,5427.646098715521
18217,5427.646098715521
18218,4650.705442163069
18219,5427.646098715521
18220,5427.646098715521
18221,4610.0628297382455
18222,4312.557172529494
18223,5427.646098715521
18224,4482.034222551239
18225,5427.646098715521
18226,4650.705442163069
18227,5427.646098715521
18228,5427.646098715521
18229,5427.646098715521
18230,4610.0628297382455
18231,5427.646098715521
18232,4904.657041198837
18233,4650.705442163069
18234,5427.646098715521
18235,4371.0365875808175
18236,5284.269429124317
18237,4762.166074452162
18238,5427.646098715521
18239,5427.646098715521
18240,5252.042295426485
18241,4610.0628297382455
18242,4610.0628297382455
18243,5427.646098715521
18244,5427.646098715521
18245,5427.646098715521
18246,5427.646098715521
18247,4610.0628297382455
18248,4482.034222551239
18249,5252.042295426485
18250,4610.0628297382455
18251,5427.646098715521
18252,5427.646098715521
18253,5427.646098715521
18254,5427.646098715521
18255,5427.646098715521
18256,5427.646098715521
18257,4762.166074452162
18258,4371.0365875808175
18259,5427.646098715521
18260,4371.0365875808175
18261,5427.646098715521
18262,4650.705442163069
18263,4371.0365875808175
18264,4904.657041198837
18265,5427.646098715521
18266,4904.657041198837
18267,5427.646098715521
18268,5427.646098715521
18269,4762.166074452162
18270,5427.646098715521
18271,5427.646098715521
18272,4650.705442163069
18273,4332.095695225696
18274,5427.646098715521
18275,5427.646098715521
18276,4650.705442163069
18277,5427.646098715521
18278,5427.646098715521
18279,5427.646098715521
18280,5427.646098715521
18281,4312.557172529494
18282,4236.825841350954
18283,5252.042295426485
18284,5427.646098715521
18285,4762.166074452162
18286,4610.0628297382455
18287,4762.166074452162
18288,4610.0628297382455
18289,4371.0365875808175
18290,4236.825841350954
18291,5427.646098715521
18292,5427.646098715521
18293,5466.11523710472
18294,5427.646098715521
18295,4236.825841350954
18296,5427.646098715521
18297,5427.646098715521
18298,4762.166074452162
18299,4312.557172529494
18300,4312.557172529494
18301,4392.88911621015
18302,5427.646098715521
18303,5252.042295426485
18304,5427.646098715521
18305,5427.646098715521
18306,4523.158997283172
18307,4988.132889443565
18308,4650.705442163069
18309,5427.646098715521
18310,5427.646098715521
18311,5427.646098715521
18312,5427.646098715521
18313,5252.042295426485
18314,5427.646098715521
18315,4371.0365875808175
18316,5427.646098715521
18317,4371.0365875808175
18318,5427.646098715521
18319,4650.705442163069
18320,5427.646098715521
18321,5427.646098715521
18322,5284.269429124317
18323,4762.166074452162
18324,4523.158997283172
18325,4482.034222551239
18326,5427.646098715521
18327,5427.646098715521
18328,5427.646098715521
18329,4650.705442163069
18330,5427.646098715521
18331,4482.034222551239
18332,5252.042295426485
18333,5427.646098715521
18334,5427.646098715521
18335,5427.646098715521
18336,5427.646098715521
18337,5427.646098715521
18338,5427.646098715521
18339,4371.0365875808175
18340,5427.646098715521
18341,5427.646098715521
18342,5427.646098715521
18343,4392.88911621015
18344,4607.9082893842
18345,5427.646098715521
18346,5427.646098715521
18347,4650.705442163069
18348,5252.042295426485
18349,5427.646098715521
18350,5252.042295426485
18351,5427.646098715521
18352,5252.042295426485
18353,4610.0628297382455
18354,5284.269429124317
18355,5427.646098715521
18356,5252.042295426485
18357,4482.034222551239
18358,4482.034222551239
18359,5427.646098715521
18360,5284.269429124317
18361,5427.646098715521
18362,4482.034222551239
18363,4904.657041198837
18364,5284.269429124317
18365,5252.042295426485
18366,5284.269429124317
18367,5427.646098715521
18368,5427.646098715521
18369,4482.034222551239
18370,4312.557172529494
18371,4809.138839322173
18372,4392.88911621015
18373,5427.646098715521
18374,4523.158997283172
18375,4236.825841350954
18376,5252.042295426485
18377,5822.719259468348
18378,4809.138839322173
18379,5427.646098715521
18380,5427.646098715521
18381,5284.269429124317
18382,5427.646098715521
18383,5427.646098715521
18384,5427.646098715521
18385,5427.646098715521
18386,5427.646098715521
18387,4371.0365875808175
18388,5427.646098715521
18389,4650.705442163069
18390,4236.825841350954
18391,5427.646098715521
18392,5252.042295426485
18393,5822.719259468348
18394,5427.646098715521
18395,4236.825841350954
18396,5427.646098715521
18397,4904.657041198837
18398,4392.88911621015
18399,5427.646098715521
18400,5427.646098715521
18401,5427.646098715521
18402,5427.646098715521
18403,5284.269429124317
18404,4523.158997283172
18405,5427.646098715521
18406,4762.166074452162
18407,5427.646098715521
18408,5427.646098715521
18409,5427.646098715521
18410,5427.646098715521
18411,4762.166074452162
18412,4610.0628297382455
18413,5427.646098715521
18414,5252.042295426485
18415,4904.657041198837
18416,4236.825841350954
18417,5427.646098715521
18418,5252.042295426485
18419,5284.269429124317
18420,4332.095695225696
18421,5427.646098715521
18422,4523.158997283172
18423,4392.88911621015
18424,5427.646098715521
18425,5427.646098715521
18426,5427.646098715521
18427,5427.646098715521
18428,5427.646098715521
18429,4392.88911621015
18430,5427.646098715521
18431,5427.646098715521
18432,4610.0628297382455
18433,5427.646098715521
18434,4904.657041198837
18435,4650.705442163069
18436,5427.646098715521
18437,5427.646098715521
18438,5427.646098715521
18439,4236.825841350954
18440,5252.042295426485
18441,4809.138839322173
18442,4610.0628297382455
18443,5427.646098715521
18444,4523.158997283172
18445,5427.646098715521
18446,5284.269429124317
18447,5427.646098715521
18448,5252.042295426485
18449,4650.705442163069
18450,5427.646098715521
18451,4392.88911621015
18452,5427.646098715521
18453,4371.0365875808175
18454,5252.042295426485
18455,5427.646098715521
18456,5427.646098715521
18457,4523.158997283172
18458,5427.646098715521
18459,5427.646098715521
18460,5427.646098715521
18461,5427.646098715521
18462,4988.132889443565
18463,4392.88911621015
18464,5427.646098715521
18465,5427.646098715521
18466,4523.158997283172
18467,4650.705442163069
18468,5427.646098715521
18469,5427.646098715521
18470,5427.646098715521
18471,4332.095695225696
18472,4392.88911621015
18473,4904.657041198837
18474,4610.0628297382455
18475,4371.0365875808175
18476,5427.646098715521
18477,5427.646098715521
18478,5252.042295426485
18479,5427.646098715521
18480,4371.0365875808175
18481,4482.034222551239
18482,4523.158997283172
18483,4762.166074452162
18484,5284.269429124317
18485,5427.646098715521
18486,5252.042295426485
18487,5427.646098715521
18488,5427.646098715521
18489,5427.646098715521
18490,4610.0628297382455
18491,4809.138839322173
18492,5427.646098715521
18493,4650.705442163069
18494,4371.0365875808175
18495,5466.11523710472
18496,4482.034222551239
18497,4650.705442163069
18498,4610.0628297382455
18499,5427.646098715521
18500,4371.0365875808175
18501,5252.042295426485
18502,4392.88911621015
18503,4236.825841350954
18504,5427.646098715521
18505,5284.269429124317
18506,5427.646098715521
18507,5427.646098715521
18508,5427.646098715521
18509,5284.269429124317
18510,5427.646098715521
18511,5252.042295426485
18512,5252.042295426485
18513,4236.825841350954
18514,5427.646098715521
18515,5252.042295426485
18516,4482.034222551239
18517,4312.557172529494
18518,4610.0628297382455
18519,4371.0365875808175
18520,5427.646098715521
18521,4904.657041198837
18522,4762.166074452162
18523,5427.646098715521
18524,4610.0628297382455
18525,4482.034222551239
18526,4371.0365875808175
18527,4762.166074452162
18528,4762.166074452162
18529,5427.646098715521
18530,5252.042295426485
18531,5427.646098715521
18532,4371.0365875808175
18533,4610.0628297382455
18534,5427.646098715521
18535,5427.646098715521
18536,4482.034222551239
18537,5427.646098715521
18538,5427.646098715521
18539,5427.646098715521
18540,4610.0628297382455
18541,5427.646098715521
18542,4762.166074452162
18543,5427.646098715521
18544,5427.646098715521
18545,4332.095695225696
18546,4610.0628297382455
18547,4650.705442163069
18548,5427.646098715521
18549,5427.646098715521
18550,5427.646098715521
18551,5427.646098715521
18552,5427.646098715521
18553,5252.042295426485
18554,4392.88911621015
18555,4610.0628297382455
18556,4610.0628297382455
18557,4610.0628297382455
18558,5427.646098715521
18559,4650.705442163069
18560,4392.88911621015
18561,5252.042295426485
18562,5427.646098715521
18563,5427.646098715521
18564,4650.705442163069
18565,4762.166074452162
18566,5427.646098715521
18567,4762.166074452162
18568,5284.269429124317
18569,5427.646098715521
18570,5427.646098715521
18571,5427.646098715521
18572,5822.719259468348
18573,5427.646098715521
18574,5427.646098715521
18575,5427.646098715521
18576,5427.646098715521
18577,5427.646098715521
18578,5427.646098715521
18579,4610.0628297382455
18580,4762.166074452162
18581,5252.042295426485
18582,4236.825841350954
18583,4762.166074452162
18584,4650.705442163069
18585,5427.646098715521
18586,5427.646098715521
18587,5427.646098715521
18588,4904.657041198837
18589,5427.646098715521
18590,4392.88911621015
18591,5427.646098715521
18592,5252.042295426485
18593,5427.646098715521
18594,5427.646098715521
18595,5427.646098715521
18596,5427.646098715521
18597,4762.166074452162
18598,4236.825841350954
18599,4762.166074452162
18600,4607.9082893842
18601,5427.646098715521
18602,5427.646098715521
18603,5427.646098715521
18604,5427.646098715521
18605,5427.646098715521
18606,5252.042295426485
18607,5427.646098715521
18608,4392.88911621015
18609,5427.646098715521
18610,5252.042295426485
18611,5822.719259468348
18612,5427.646098715521
18613,5427.646098715521
18614,5252.042295426485
18615,5427.646098715521
18616,5427.646098715521
18617,5427.646098715521
18618,4371.0365875808175
18619,4392.88911621015
18620,4762.166074452162
18621,5427.646098715521
18622,5427.646098715521
18623,5427.646098715521
18624,4904.657041198837
18625,4610.0628297382455
18626,5284.269429124317
18627,4650.705442163069
18628,4610.0628297382455
18629,5427.646098715521
18630,4650.705442163069
18631,4252.590512828671
18632,4610.0628297382455
18633,5427.646098715521
18634,4371.0365875808175
18635,5427.646098715521
18636,4988.132889443565
18637,5252.042295426485
18638,5427.646098715521
18639,5427.646098715521
18640,4610.0628297382455
18641,4610.0628297382455
18642,5427.646098715521
18643,4371.0365875808175
18644,5427.646098715521
18645,4482.034222551239
18646,5427.646098715521
18647,4762.166074452162
18648,5427.646098715521
18649,4988.132889443565
18650,5427.646098715521
18651,4904.657041198837
18652,5427.646098715521
18653,4482.034222551239
18654,5427.646098715521
18655,4650.705442163069
18656,5427.646098715521
18657,5427.646098715521
18658,5427.646098715521
18659,5427.646098715521
18660,5427.646098715521
18661,5284.269429124317
18662,4392.88911621015
18663,4610.0628297382455
18664,4650.705442163069
18665,4236.825841350954
18666,5427.646098715521
18667,5427.646098715521
18668,5427.646098715521
18669,4482.034222551239
18670,5252.042295426485
18671,5427.646098715521
18672,5252.042295426485
18673,5427.646098715521
18674,4610.0628297382455
18675,5427.646098715521
18676,5427.646098715521
18677,5427.646098715521
18678,5284.269429124317
18679,4371.0365875808175
18680,5427.646098715521
18681,5427.646098715521
18682,5427.646098715521
18683,5427.646098715521
18684,5252.042295426485
18685,5427.646098715521
18686,5427.646098715521
18687,4371.0365875808175
18688,5252.042295426485
18689,5427.646098715521
18690,4236.825841350954
18691,4236.825841350954
18692,4523.158997283172
18693,5427.646098715521
18694,4650.705442163069
18695,5427.646098715521
18696,5427.646098715521
18697,4236.825841350954
18698,4523.158997283172
18699,4610.0628297382455
18700,5427.646098715521
18701,5427.646098715521
18702,4762.166074452162
18703,5427.646098715521
18704,5427.646098715521
18705,4650.705442163069
18706,4904.657041198837
18707,5427.646098715521
18708,5427.646098715521
18709,5427.646098715521
18710,4610.0628297382455
18711,4523.158997283172
18712,5427.646098715521
18713,5427.646098715521
18714,5252.042295426485
18715,5427.646098715521
18716,4762.166074452162
18717,4332.095695225696
18718,4904.657041198837
18719,4650.705442163069
18720,5427.646098715521
18721,5427.646098715521
18722,4482.034222551239
18723,5427.646098715521
18724,5427.646098715521
18725,4332.095695225696
18726,4762.166074452162
18727,5284.269429124317
18728,4605.998596447271
18729,5252.042295426485
18730,4610.0628297382455
18731,5427.646098715521
18732,4523.158997283172
18733,5427.646098715521
18734,4236.825841350954
18735,4236.825841350954
18736,4523.158997283172
18737,4904.657041198837
18738,5427.646098715521
18739,5252.042295426485
18740,5427.646098715521
18741,5427.646098715521
18742,4236.825841350954
18743,5284.269429124317
18744,4482.034222551239
18745,5252.042295426485
18746,4312.557172529494
18747,4809.138839322173
18748,5427.646098715521
18749,5427.646098715521
18750,5427.646098715521
18751,4762.166074452162
18752,4904.657041198837
18753,4904.657041198837
18754,5466.11523710472
18755,4650.705442163069
18756,4650.705442163069
18757,4809.138839322173
18758,4392.88911621015
18759,4523.158997283172
18760,5427.646098715521
18761,5427.646098715521
18762,5427.646098715521
18763,5427.646098715521
18764,5822.719259468348
18765,5252.042295426485
18766,4650.705442163069
18767,5427.646098715521
18768,4332.095695225696
18769,5427.646098715521
18770,5427.646098715521
18771,5427.646098715521
18772,4762.166074452162
18773,5252.042295426485
18774,4650.705442163069
18775,4523.158997283172
18776,5427.646098715521
18777,4371.0365875808175
18778,5252.042295426485
18779,4610.0628297382455
18780,4809.138839322173
18781,4236.825841350954
18782,4650.705442163069
18783,5427.646098715521
18784,4371.0365875808175
18785,5252.042295426485
18786,5427.646098715521
18787,4392.88911621015
18788,5427.646098715521
18789,4650.705442163069
18790,5427.646098715521
18791,5252.042295426485
18792,5427.646098715521
18793,5427.646098715521
18794,4392.88911621015
18795,5427.646098715521
18796,5427.646098715521
18797,4482.034222551239
18798,5427.646098715521
18799,4392.88911621015
18800,4482.034222551239
18801,4607.9082893842
18802,4236.825841350954
18803,4392.88911621015
18804,5252.042295426485
18805,5284.269429124317
18806,5252.042295426485
18807,4482.034222551239
18808,4523.158997283172
18809,4904.657041198837
18810,5427.646098715521
18811,4312.557172529494
18812,5427.646098715521
18813,5427.646098715521
18814,5252.042295426485
18815,5252.042295426485
18816,4762.166074452162
18817,5427.646098715521
18818,4610.0628297382455
18819,4610.0628297382455
18820,5427.646098715521
18821,5252.042295426485
18822,4482.034222551239
18823,4610.0628297382455
18824,4482.034222551239
18825,4650.705442163069
18826,4523.158997283172
18827,5427.646098715521
18828,4650.705442163069
18829,5427.646098715521
18830,5427.646098715521
18831,5427.646098715521
18832,5427.646098715521
18833,5766.530148319413
18834,4838.65826928834
18835,5766.530148319413
18836,5766.530148319413
18837,5766.530148319413
18838,5766.530148319413
18839,4529.503919220147
18840,4874.008718227808
18841,4732.912825654623
18842,5724.23168311
18843,4838.65826928834
18844,5766.530148319413
18845,5766.530148319413
18846,5724.23168311
18847,4732.912825654623
18848,5766.530148319413
18849,5766.530148319413
18850,5724.23168311
18851,5766.530148319413
18852,4778.513493959597
18853,5766.530148319413
18854,5062.748987960775
18855,5766.530148319413
18856,4732.912825654623
18857,5766.530148319413
18858,4529.503919220147
18859,5724.23168311
18860,5766.530148319413
18861,5002.398179947377
18862,4732.912825654623
18863,5002.398179947377
18864,5724.23168311
18865,5535.934501501763
18866,5766.530148319413
18867,4838.65826928834
18868,4838.65826928834
18869,5766.530148319413
18870,5766.530148319413
18871,5766.530148319413
18872,5048.844783470854
18873,5666.140130798315
18874,5766.530148319413
18875,5062.748987960775
18876,4708.2008083660385
18877,4529.503919220147
18878,5766.530148319413
18879,5127.4771638712355
18880,4838.65826928834
18881,5535.934501501763
18882,5766.530148319413
18883,4684.648853525065
18884,5724.23168311
18885,5766.530148319413
18886,5535.934501501763
18887,4874.008718227808
18888,5766.530148319413
18889,5766.530148319413
18890,5766.530148319413
18891,5766.530148319413
18892,5062.748987960775
18893,5766.530148319413
18894,5766.530148319413
18895,5724.23168311
18896,5535.934501501763
18897,5766.530148319413
18898,5766.530148319413
18899,5002.398179947377
18900,5724.23168311
18901,5766.530148319413
18902,4684.648853525065
18903,4732.912825654623
18904,4838.65826928834
18905,5766.530148319413
18906,4529.503919220147
18907,5766.530148319413
18908,5766.530148319413
18909,5766.530148319413
18910,5062.748987960775
18911,5344.662564020694
18912,5766.530148319413
18913,5766.530148319413
18914,5766.530148319413
18915,5766.530148319413
18916,5535.934501501763
18917,5766.530148319413
18918,5766.530148319413
18919,5724.23168311
18920,5766.530148319413
18921,5766.530148319413
18922,5766.530148319413
18923,5535.934501501763
18924,5766.530148319413
18925,5766.530148319413
18926,5127.4771638712355
18927,4874.008718227808
18928,4529.503919220147
18929,4838.65826928834
18930,4874.008718227808
18931,5766.530148319413
18932,4708.2008083660385
18933,4529.503919220147
18934,5766.530148319413
18935,5724.23168311
18936,4838.65826928834
18937,4529.503919220147
18938,5766.530148319413
18939,5766.530148319413
18940,5766.530148319413
18941,5766.530148319413
18942,4732.912825654623
18943,6141.051152445709
18944,5766.530148319413
18945,4838.65826928834
18946,5766.530148319413
18947,5766.530148319413
18948,5127.4771638712355
18949,5766.530148319413
18950,4684.648853525065
18951,5766.530148319413
18952,5002.398179947377
18953,5766.530148319413
18954,5766.530148319413
18955,5766.530148319413
18956,4874.008718227808
18957,4874.008718227808
18958,4874.008718227808
18959,5002.398179947377
18960,5766.530148319413
18961,5127.4771638712355
18962,4838.65826928834
18963,5766.530148319413
18964,5724.23168311
18965,5766.530148319413
18966,5766.530148319413
18967,5766.530148319413
18968,5766.530148319413
18969,5766.530148319413
18970,4838.65826928834
18971,5048.844783470854
18972,5766.530148319413
18973,5766.530148319413
18974,5724.23168311
18975,5766.530148319413
18976,5127.4771638712355
18977,5766.530148319413
18978,5724.23168311
18979,5724.23168311
18980,5724.23168311
18981,5766.530148319413
18982,4778.513493959597
18983,5766.530148319413
18984,5766.530148319413
18985,4838.65826928834
18986,5766.530148319413
18987,5127.4771638712355
18988,5766.530148319413
18989,5724.23168311
18990,4838.65826928834
18991,5766.530148319413
18992,5002.398179947377
18993,4778.513493959597
18994,5766.530148319413
18995,4529.503919220147
18996,5062.748987960775
18997,4732.912825654623
18998,4732.912825654623
18999,5766.530148319413
19000,5048.844783470854
19001,5766.530148319413
19002,5766.530148319413
19003,5766.530148319413
19004,4529.503919220147
19005,5766.530148319413
19006,5766.530148319413
19007,5127.4771638712355
19008,4838.65826928834
19009,5766.530148319413
19010,5666.140130798315
19011,5766.530148319413
19012,5766.530148319413
19013,5535.934501501763
19014,4732.912825654623
19015,5766.530148319413
19016,5766.530148319413
19017,4838.65826928834
19018,4778.513493959597
19019,4529.503919220147
19020,5766.530148319413
19021,5766.530148319413
19022,4778.513493959597
19023,5724.23168311
19024,5766.530148319413
19025,5127.4771638712355
19026,5766.530148319413
19027,4778.513493959597
19028,4778.513493959597
19029,4529.503919220147
19030,4684.648853525065
19031,5062.748987960775
19032,5535.934501501763
19033,5766.530148319413
19034,5766.530148319413
19035,5724.23168311
19036,4838.65826928834
19037,5766.530148319413
19038,5766.530148319413
19039,5766.530148319413
19040,4838.65826928834
19041,5766.530148319413
19042,5062.748987960775
19043,5724.23168311
19044,5002.398179947377
19045,5766.530148319413
19046,5724.23168311
19047,5062.748987960775
19048,5766.530148319413
19049,5724.23168311
19050,5724.23168311
19051,5766.530148319413
19052,5724.23168311
19053,4838.65826928834
19054,5766.530148319413
19055,5766.530148319413
19056,5766.530148319413
19057,4483.406700176694
19058,4732.912825654623
19059,5766.530148319413
19060,5766.530148319413
19061,5766.530148319413
19062,4529.503919220147
19063,5766.530148319413
19064,5048.844783470854
19065,5127.4771638712355
19066,5766.530148319413
19067,5002.398179947377
19068,5724.23168311
19069,4874.008718227808
19070,5535.934501501763
19071,5062.748987960775
19072,5766.530148319413
19073,5766.530148319413
19074,5002.398179947377
19075,5766.530148319413
19076,5766.530148319413
19077,4838.65826928834
19078,4708.2008083660385
19079,5766.530148319413
19080,4778.513493959597
19081,5766.530148319413
19082,5002.398179947377
19083,5766.530148319413
19084,5766.530148319413
19085,5766.530148319413
19086,4838.65826928834
19087,5766.530148319413
19088,5127.4771638712355
19089,5002.398179947377
19090,5766.530148319413
19091,4732.912825654623
19092,5535.934501501763
19093,5062.748987960775
19094,5766.530148319413
19095,5766.530148319413
19096,5724.23168311
19097,4838.65826928834
19098,4838.65826928834
19099,5766.530148319413
19100,5766.530148319413
19101,5766.530148319413
19102,5766.530148319413
19103,4838.65826928834
19104,4778.513493959597
19105,5724.23168311
19106,4838.65826928834
19107,5766.530148319413
19108,5766.530148319413
19109,5766.530148319413
19110,5766.530148319413
19111,5766.530148319413
19112,5766.530148319413
19113,5062.748987960775
19114,4732.912825654623
19115,5766.530148319413
19116,4732.912825654623
19117,5766.530148319413
19118,5002.398179947377
19119,4732.912825654623
19120,5127.4771638712355
19121,5766.530148319413
19122,5127.4771638712355
19123,5766.530148319413
19124,5766.530148319413
19125,5062.748987960775
19126,5766.530148319413
19127,5766.530148319413
19128,5002.398179947377
19129,4483.406700176694
19130,5766.530148319413
19131,5766.530148319413
19132,5002.398179947377
19133,5766.530148319413
19134,5766.530148319413
19135,5766.530148319413
19136,5766.530148319413
19137,4708.2008083660385
19138,4529.503919220147
19139,5724.23168311
19140,5766.530148319413
19141,5062.748987960775
19142,4838.65826928834
19143,5062.748987960775
19144,4838.65826928834
19145,4732.912825654623
19146,4529.503919220147
19147,5766.530148319413
19148,5766.530148319413
19149,5666.140130798315
19150,5766.530148319413
19151,4529.503919220147
19152,5766.530148319413
19153,5766.530148319413
19154,5062.748987960775
19155,4708.2008083660385
19156,4708.2008083660385
19157,4684.648853525065
19158,5766.530148319413
19159,5724.23168311
19160,5766.530148319413
19161,5766.530148319413
19162,4874.008718227808
19163,5344.662564020694
19164,5002.398179947377
19165,5766.530148319413
19166,5766.530148319413
19167,5766.530148319413
19168,5766.530148319413
19169,5724.23168311
19170,5766.530148319413
19171,4732.912825654623
19172,5766.530148319413
19173,4732.912825654623
19174,5766.530148319413
19175,5002.398179947377
19176,5766.530148319413
19177,5766.530148319413
19178,5535.934501501763
19179,5062.748987960775
19180,4874.008718227808
19181,4778.513493959597
19182,5766.530148319413
19183,5766.530148319413
19184,5766.530148319413
19185,5002.398179947377
19186,5766.530148319413
19187,4778.513493959597
19188,5724.23168311
19189,5766.530148319413
19190,5766.530148319413
19191,5766.530148319413
19192,5766.530148319413
19193,5766.530148319413
19194,5766.530148319413
19195,4732.912825654623
19196,5766.530148319413
19197,5766.530148319413
19198,5766.530148319413
19199,4684.648853525065
19200,4890.1547184951
19201,5766.530148319413
19202,5766.530148319413
19203,5002.398179947377
19204,5724.23168311
19205,5766.530148319413
19206,5724.23168311
19207,5766.530148319413
19208,5724.23168311
19209,4838.65826928834
19210,5535.934501501763
19211,5766.530148319413
19212,5724.23168311
19213,4778.513493959597
19214,4778.513493959597
19215,5766.530148319413
19216,5535.934501501763
19217,5766.530148319413
19218,4778.513493959597
19219,5127.4771638712355
19220,5535.934501501763
19221,5724.23168311
19222,5535.934501501763
19223,5766.530148319413
19224,5766.530148319413
19225,4778.513493959597
19226,4708.2008083660385
19227,5048.844783470854
19228,4684.648853525065
19229,5766.530148319413
19230,4874.008718227808
19231,4529.503919220147
19232,5724.23168311
19233,6141.051152445709
19234,5048.844783470854
19235,5766.530148319413
19236,5766.530148319413
19237,5535.934501501763
19238,5766.530148319413
19239,5766.530148319413
19240,5766.530148319413
19241,5766.530148319413
19242,5766.530148319413
19243,4732.912825654623
19244,5766.530148319413
19245,5002.398179947377
19246,4529.503919220147
19247,5766.530148319413
19248,5724.23168311
19249,6141.051152445709
19250,5766.530148319413
19251,4529.503919220147
19252,5766.530148319413
19253,5127.4771638712355
19254,4684.648853525065
19255,5766.530148319413
19256,5766.530148319413
19257,5766.530148319413
19258,5766.530148319413
19259,5535.934501501763
19260,4874.008718227808
19261,5766.530148319413
19262,5062.748987960775
19263,5766.530148319413
19264,5766.530148319413
19265,5766.530148319413
19266,5766.530148319413
19267,5062.748987960775
19268,4838.65826928834
19269,5766.530148319413
19270,5724.23168311
19271,5127.4771638712355
19272,4529.503919220147
19273,5766.530148319413
19274,5724.23168311
19275,5535.934501501763
19276,4483.406700176694
19277,5766.530148319413
19278,4874.008718227808
19279,4684.648853525065
19280,5766.530148319413
19281,5766.530148319413
19282,5766.530148319413
19283,5766.530148319413
19284,5766.530148319413
19285,4684.648853525065
19286,5766.530148319413
19287,5766.530148319413
19288,4838.65826928834
19289,5766.530148319413
19290,5127.4771638712355
19291,5002.398179947377
19292,5766.530148319413
19293,5766.530148319413
19294,5766.530148319413
19295,4529.503919220147
19296,5724.23168311
19297,5048.844783470854
19298,4838.65826928834
19299,5766.530148319413
19300,4874.008718227808
19301,5766.530148319413
19302,5535.934501501763
19303,5766.530148319413
19304,5724.23168311
19305,5002.398179947377
19306,5766.530148319413
19307,4684.648853525065
19308,5766.530148319413
19309,4732.912825654623
19310,5724.23168311
19311,5766.530148319413
19312,5766.530148319413
19313,4874.008718227808
19314,5766.530148319413
19315,5766.530148319413
19316,5766.530148319413
19317,5766.530148319413
19318,5344.662564020694
19319,4684.648853525065
19320,5766.530148319413
19321,5766.530148319413
19322,4874.008718227808
19323,5002.398179947377
19324,5766.530148319413
19325,5766.530148319413
19326,5766.530148319413
19327,4483.406700176694
19328,4684.648853525065
19329,5127.4771638712355
19330,4838.65826928834
19331,4732.912825654623
19332,5766.530148319413
19333,5766.530148319413
19334,5724.23168311
19335,5766.530148319413
19336,4732.912825654623
19337,4778.513493959597
19338,4874.008718227808
19339,5062.748987960775
19340,5535.934501501763
19341,5766.530148319413
19342,5724.23168311
19343,5766.530148319413
19344,5766.530148319413
19345,5766.530148319413
19346,4838.65826928834
19347,5048.844783470854
19348,5766.530148319413
19349,5002.398179947377
19350,4732.912825654623
19351,5666.140130798315
19352,4778.513493959597
19353,5002.398179947377
19354,4838.65826928834
19355,5766.530148319413
19356,4732.912825654623
19357,5724.23168311
19358,4684.648853525065
19359,4529.503919220147
19360,5766.530148319413
19361,5535.934501501763
19362,5766.530148319413
19363,5766.530148319413
19364,5766.530148319413
19365,5535.934501501763
19366,5766.530148319413
19367,5724.23168311
19368,5724.23168311
19369,4529.503919220147
19370,5766.530148319413
19371,5724.23168311
19372,4778.513493959597
19373,4708.2008083660385
19374,4838.65826928834
19375,4732.912825654623
19376,5766.530148319413
19377,5127.4771638712355
19378,5062.748987960775
19379,5766.530148319413
19380,4838.65826928834
19381,4778.513493959597
19382,4732.912825654623
19383,5062.748987960775
19384,5062.748987960775
19385,5766.530148319413
19386,5724.23168311
19387,5766.530148319413
19388,4732.912825654623
19389,4838.65826928834
19390,5766.530148319413
19391,5766.530148319413
19392,4778.513493959597
19393,5766.530148319413
19394,5766.530148319413
19395,5766.530148319413
19396,4838.65826928834
19397,5766.530148319413
19398,5062.748987960775
19399,5766.530148319413
19400,5766.530148319413
19401,4483.406700176694
19402,4838.65826928834
19403,5002.398179947377
19404,5766.530148319413
19405,5766.530148319413
19406,5766.530148319413
19407,5766.530148319413
19408,5766.530148319413
19409,5724.23168311
19410,4684.648853525065
19411,4838.65826928834
19412,4838.65826928834
19413,4838.65826928834
19414,5766.530148319413
19415,5002.398179947377
19416,4684.648853525065
19417,5724.23168311
19418,5766.530148319413
19419,5766.530148319413
19420,5002.398179947377
19421,5062.748987960775
19422,5766.530148319413
19423,5062.748987960775
19424,5535.934501501763
19425,5766.530148319413
19426,5766.530148319413
19427,5766.530148319413
19428,6141.051152445709
19429,5766.530148319413
19430,5766.530148319413
19431,5766.530148319413
19432,5766.530148319413
19433,5766.530148319413
19434,5766.530148319413
19435,4838.65826928834
19436,5062.748987960775
19437,5724.23168311
19438,4529.503919220147
19439,5062.748987960775
19440,5002.398179947377
19441,5766.530148319413
19442,5766.530148319413
19443,5766.530148319413
19444,5127.4771638712355
19445,5766.530148319413
19446,4684.648853525065
19447,5766.530148319413
19448,5724.23168311
19449,5766.530148319413
19450,5766.530148319413
19451,5766.530148319413
19452,5766.530148319413
19453,5062.748987960775
19454,4529.503919220147
19455,5062.748987960775
19456,4890.1547184951
19457,5766.530148319413
19458,5766.530148319413
19459,5766.530148319413
19460,5766.530148319413
19461,5766.530148319413
19462,5724.23168311
19463,5766.530148319413
19464,4684.648853525065
19465,5766.530148319413
19466,5724.23168311
19467,6141.051152445709
19468,5766.530148319413
19469,5766.530148319413
19470,5724.23168311
19471,5766.530148319413
19472,5766.530148319413
19473,5766.530148319413
19474,4732.912825654623
19475,4684.648853525065
19476,5062.748987960775
19477,5766.530148319413
19478,5766.530148319413
19479,5766.530148319413
19480,5127.4771638712355
19481,4838.65826928834
19482,5535.934501501763
19483,5002.398179947377
19484,4838.65826928834
19485,5766.530148319413
19486,5002.398179947377
19487,4275.926755788722
19488,4838.65826928834
19489,5766.530148319413
19490,4732.912825654623
19491,5766.530148319413
19492,5344.662564020694
19493,5724.23168311
19494,5766.530148319413
19495,5766.530148319413
19496,4838.65826928834
19497,4838.65826928834
19498,5766.530148319413
19499,4732.912825654623
19500,5766.530148319413
19501,4778.513493959597
19502,5766.530148319413
19503,5062.748987960775
19504,5766.530148319413
19505,5344.662564020694
19506,5766.530148319413
19507,5127.4771638712355
19508,5766.530148319413
19509,4778.513493959597
19510,5766.530148319413
19511,5002.398179947377
19512,5766.530148319413
19513,5766.530148319413
19514,5766.530148319413
19515,5766.530148319413
19516,5766.530148319413
19517,5535.934501501763
19518,4684.648853525065
19519,4838.65826928834
19520,5002.398179947377
19521,4529.503919220147
19522,5766.530148319413
19523,5766.530148319413
19524,5766.530148319413
19525,4778.513493959597
19526,5724.23168311
19527,5766.530148319413
19528,5724.23168311
19529,5766.530148319413
19530,4838.65826928834
19531,5766.530148319413
19532,5766.530148319413
19533,5766.530148319413
19534,5535.934501501763
19535,4732.912825654623
19536,5766.530148319413
19537,5766.530148319413
19538,5766.530148319413
19539,5766.530148319413
19540,5724.23168311
19541,5766.530148319413
19542,5766.530148319413
19543,4732.912825654623
19544,5724.23168311
19545,5766.530148319413
19546,4529.503919220147
19547,4529.503919220147
19548,4874.008718227808
19549,5766.530148319413
19550,5002.398179947377
19551,5766.530148319413
19552,5766.530148319413
19553,4529.503919220147
19554,4874.008718227808
19555,4838.65826928834
19556,5766.530148319413
19557,5766.530148319413
19558,5062.748987960775
19559,5766.530148319413
19560,5766.530148319413
19561,5002.398179947377
19562,5127.4771638712355
19563,5766.530148319413
19564,5766.530148319413
19565,5766.530148319413
19566,4838.65826928834
19567,4874.008718227808
19568,5766.530148319413
19569,5766.530148319413
19570,5724.23168311
19571,5766.530148319413
19572,5062.748987960775
19573,4483.406700176694
19574,5127.4771638712355
19575,5002.398179947377
19576,5766.530148319413
19577,5766.530148319413
19578,4778.513493959597
19579,5766.530148319413
19580,5766.530148319413
19581,4483.406700176694
19582,5062.748987960775
19583,5535.934501501763
19584,4992.0963563637515
19585,5724.23168311
19586,4838.65826928834
19587,5766.530148319413
19588,4874.008718227808
19589,5766.530148319413
19590,4529.503919220147
19591,4529.503919220147
19592,4874.008718227808
19593,5127.4771638712355
19594,5766.530148319413
19595,5724.23168311
19596,5766.530148319413
19597,5766.530148319413
19598,4529.503919220147
19599,5535.934501501763
19600,4778.513493959597
19601,5724.23168311
19602,4708.2008083660385
19603,5048.844783470854
19604,5766.530148319413
19605,5766.530148319413
19606,5766.530148319413
19607,5062.748987960775
19608,5127.4771638712355
19609,5127.4771638712355
19610,5666.140130798315
19611,5002.398179947377
19612,5002.398179947377
19613,5048.844783470854
19614,4684.648853525065
19615,4874.008718227808
19616,5766.530148319413
19617,5766.530148319413
19618,5766.530148319413
19619,5766.530148319413
19620,6141.051152445709
19621,5724.23168311
19622,5002.398179947377
19623,5766.530148319413
19624,4483.406700176694
19625,5766.530148319413
19626,5766.530148319413
19627,5766.530148319413
19628,5062.748987960775
19629,5724.23168311
19630,5002.398179947377
19631,4874.008718227808
19632,5766.530148319413
19633,4732.912825654623
19634,5724.23168311
19635,4838.65826928834
19636,5048.844783470854
19637,4529.503919220147
19638,5002.398179947377
19639,5766.530148319413
19640,4732.912825654623
19641,5724.23168311
19642,5766.530148319413
19643,4684.648853525065
19644,5766.530148319413
19645,5002.398179947377
19646,5766.530148319413
19647,5724.23168311
19648,5766.530148319413
19649,5766.530148319413
19650,4684.648853525065
19651,5766.530148319413
19652,5766.530148319413
19653,4778.513493959597
19654,5766.530148319413
19655,4684.648853525065
19656,4778.513493959597
19657,4890.1547184951
19658,4529.503919220147
19659,4684.648853525065
19660,5724.23168311
19661,5535.934501501763
19662,5724.23168311
19663,4778.513493959597
19664,4874.008718227808
19665,5127.4771638712355
19666,5766.530148319413
19667,4708.2008083660385
19668,5766.530148319413
19669,5766.530148319413
19670,5724.23168311
19671,5724.23168311
19672,5062.748987960775
19673,5766.530148319413
19674,4838.65826928834
19675,4838.65826928834
19676,5766.530148319413
19677,5724.23168311
19678,4778.513493959597
19679,4838.65826928834
19680,4778.513493959597
19681,5002.398179947377
19682,4874.008718227808
19683,5766.530148319413
19684,5002.398179947377
19685,5766.530148319413
19686,5766.530148319413
19687,5766.530148319413
19688,5766.530148319413
19689,6004.592038013104
19690,4991.070032898287
19691,6004.592038013104
19692,6004.592038013104
19693,6004.592038013104
19694,6004.592038013104
19695,4675.038993996703
19696,5026.072625716574
19697,4774.02033661311
19698,5807.033562317161
19699,4991.070032898287
19700,6004.592038013104
19701,6004.592038013104
19702,5807.033562317161
19703,4774.02033661311
19704,6004.592038013104
19705,6004.592038013104
19706,5807.033562317161
19707,6004.592038013104
19708,4901.824836099693
19709,6004.592038013104
19710,5178.286986436136
19711,6004.592038013104
19712,4774.02033661311
19713,6004.592038013104
19714,4675.038993996703
19715,5807.033562317161
19716,6004.592038013104
19717,5033.278505203972
19718,4774.02033661311
19719,5033.278505203972
19720,5807.033562317161
19721,5737.967038497247
19722,6004.592038013104
19723,4991.070032898287
19724,4991.070032898287
19725,6004.592038013104
19726,6004.592038013104
19727,6004.592038013104
19728,5188.126611725252
19729,5782.597014785518
19730,6004.592038013104
19731,5178.286986436136
19732,4721.092957096981
19733,4675.038993996703
19734,6004.592038013104
19735,5306.186906381187
19736,4991.070032898287
19737,5737.967038497247
19738,6004.592038013104
19739,4823.766432271195
19740,5807.033562317161
19741,6004.592038013104
19742,5737.967038497247
19743,5026.072625716574
19744,6004.592038013104
19745,6004.592038013104
19746,6004.592038013104
19747,6004.592038013104
19748,5178.286986436136
19749,6004.592038013104
19750,6004.592038013104
19751,5807.033562317161
19752,5737.967038497247
19753,6004.592038013104
19754,6004.592038013104
19755,5033.278505203972
19756,5807.033562317161
19757,6004.592038013104
19758,4823.766432271195
19759,4774.02033661311
19760,4991.070032898287
19761,6004.592038013104
19762,4675.038993996703
19763,6004.592038013104
19764,6004.592038013104
19765,6004.592038013104
19766,5178.286986436136
19767,5386.850735314002
19768,6004.592038013104
19769,6004.592038013104
19770,6004.592038013104
19771,6004.592038013104
19772,5737.967038497247
19773,6004.592038013104
19774,6004.592038013104
19775,5807.033562317161
19776,6004.592038013104
19777,6004.592038013104
19778,6004.592038013104
19779,5737.967038497247
19780,6004.592038013104
19781,6004.592038013104
19782,5306.186906381187
19783,5026.072625716574
19784,4675.038993996703
19785,4991.070032898287
19786,5026.072625716574
19787,6004.592038013104
19788,4721.092957096981
19789,4675.038993996703
19790,6004.592038013104
19791,5807.033562317161
19792,4991.070032898287
19793,4675.038993996703
19794,6004.592038013104
19795,6004.592038013104
19796,6004.592038013104
19797,6004.592038013104
19798,4774.02033661311
19799,6230.908572340731
19800,6004.592038013104
19801,4991.070032898287
19802,6004.592038013104
19803,6004.592038013104
19804,5306.186906381187
19805,6004.592038013104
19806,4823.766432271195
19807,6004.592038013104
19808,5033.278505203972
19809,6004.592038013104
19810,6004.592038013104
19811,6004.592038013104
19812,5026.072625716574
19813,5026.072625716574
19814,5026.072625716574
19815,5033.278505203972
19816,6004.592038013104
19817,5306.186906381187
19818,4991.070032898287
19819,6004.592038013104
19820,5807.033562317161
19821,6004.592038013104
19822,6004.592038013104
19823,6004.592038013104
19824,6004.592038013104
19825,6004.592038013104
19826,4991.070032898287
19827,5188.126611725252
19828,6004.592038013104
19829,6004.592038013104
19830,5807.033562317161
19831,6004.592038013104
19832,5306.186906381187
19833,6004.592038013104
19834,5807.033562317161
19835,5807.033562317161
19836,5807.033562317161
19837,6004.592038013104
19838,4901.824836099693
19839,6004.592038013104
19840,6004.592038013104
19841,4991.070032898287
19842,6004.592038013104
19843,5306.186906381187
19844,6004.592038013104
19845,5807.033562317161
19846,4991.070032898287
19847,6004.592038013104
19848,5033.278505203972
19849,4901.824836099693
19850,6004.592038013104
19851,4675.038993996703
19852,5178.286986436136
19853,4774.02033661311
19854,4774.02033661311
19855,6004.592038013104
19856,5188.126611725252
19857,6004.592038013104
19858,6004.592038013104
19859,6004.592038013104
19860,4675.038993996703
19861,6004.592038013104
19862,6004.592038013104
19863,5306.186906381187
19864,4991.070032898287
19865,6004.592038013104
19866,5782.597014785518
19867,6004.592038013104
19868,6004.592038013104
19869,5737.967038497247
19870,4774.02033661311
19871,6004.592038013104
19872,6004.592038013104
19873,4991.070032898287
19874,4901.824836099693
19875,4675.038993996703
19876,6004.592038013104
19877,6004.592038013104
19878,4901.824836099693
19879,5807.033562317161
19880,6004.592038013104
19881,5306.186906381187
19882,6004.592038013104
19883,4901.824836099693
19884,4901.824836099693
19885,4675.038993996703
19886,4823.766432271195
19887,5178.286986436136
19888,5737.967038497247
19889,6004.592038013104
19890,6004.592038013104
19891,5807.033562317161
19892,4991.070032898287
19893,6004.592038013104
19894,6004.592038013104
19895,6004.592038013104
19896,4991.070032898287
19897,6004.592038013104
19898,5178.286986436136
19899,5807.033562317161
19900,5033.278505203972
19901,6004.592038013104
19902,5807.033562317161
19903,5178.286986436136
19904,6004.592038013104
19905,5807.033562317161
19906,5807.033562317161
19907,6004.592038013104
19908,5807.033562317161
19909,4991.070032898287
19910,6004.592038013104
19911,6004.592038013104
19912,6004.592038013104
19913,4603.618402926571
19914,4774.02033661311
19915,6004.592038013104
19916,6004.592038013104
19917,6004.592038013104
19918,4675.038993996703
19919,6004.592038013104
19920,5188.126611725252
19921,5306.186906381187
19922,6004.592038013104
19923,5033.278505203972
19924,5807.033562317161
19925,5026.072625716574
19926,5737.967038497247
19927,5178.286986436136
19928,6004.592038013104
19929,6004.592038013104
19930,5033.278505203972
19931,6004.592038013104
19932,6004.592038013104
19933,4991.070032898287
19934,4721.092957096981
19935,6004.592038013104
19936,4901.824836099693
19937,6004.592038013104
19938,5033.278505203972
19939,6004.592038013104
19940,6004.592038013104
19941,6004.592038013104
19942,4991.070032898287
19943,6004.592038013104
19944,5306.186906381187
19945,5033.278505203972
19946,6004.592038013104
19947,4774.02033661311
19948,5737.967038497247
19949,5178.286986436136
19950,6004.592038013104
19951,6004.592038013104
19952,5807.033562317161
19953,4991.070032898287
19954,4991.070032898287
19955,6004.592038013104
19956,6004.592038013104
19957,6004.592038013104
19958,6004.592038013104
19959,4991.070032898287
19960,4901.824836099693
19961,5807.033562317161
19962,4991.070032898287
19963,6004.592038013104
19964,6004.592038013104
19965,6004.592038013104
19966,6004.592038013104
19967,6004.592038013104
19968,6004.592038013104
19969,5178.286986436136
19970,4774.02033661311
19971,6004.592038013104
19972,4774.02033661311
19973,6004.592038013104
19974,5033.278505203972
19975,4774.02033661311
19976,5306.186906381187
19977,6004.592038013104
19978,5306.186906381187
19979,6004.592038013104
19980,6004.592038013104
19981,5178.286986436136
19982,6004.592038013104
19983,6004.592038013104
19984,5033.278505203972
19985,4603.618402926571
19986,6004.592038013104
19987,6004.592038013104
19988,5033.278505203972
19989,6004.592038013104
19990,6004.592038013104
19991,6004.592038013104
19992,6004.592038013104
19993,4721.092957096981
19994,4675.038993996703
19995,5807.033562317161
19996,6004.592038013104
19997,5178.286986436136
19998,4991.070032898287
19999,5178.286986436136
20000,4991.070032898287
20001,4774.02033661311
20002,4675.038993996703
20003,6004.592038013104
20004,6004.592038013104
20005,5782.597014785518
20006,6004.592038013104
20007,4675.038993996703
20008,6004.592038013104
20009,6004.592038013104
20010,5178.286986436136
20011,4721.092957096981
20012,4721.092957096981
20013,4823.766432271195
20014,6004.592038013104
20015,5807.033562317161
20016,6004.592038013104
20017,6004.592038013104
20018,5026.072625716574
20019,5386.850735314002
20020,5033.278505203972
20021,6004.592038013104
20022,6004.592038013104
20023,6004.592038013104
20024,6004.592038013104
20025,5807.033562317161
20026,6004.592038013104
20027,4774.02033661311
20028,6004.592038013104
20029,4774.02033661311
20030,6004.592038013104
20031,5033.278505203972
20032,6004.592038013104
20033,6004.592038013104
20034,5737.967038497247
20035,5178.286986436136
20036,5026.072625716574
20037,4901.824836099693
20038,6004.592038013104
20039,6004.592038013104
20040,6004.592038013104
20041,5033.278505203972
20042,6004.592038013104
20043,4901.824836099693
20044,5807.033562317161
20045,6004.592038013104
20046,6004.592038013104
20047,6004.592038013104
20048,6004.592038013104
20049,6004.592038013104
20050,6004.592038013104
20051,4774.02033661311
20052,6004.592038013104
20053,6004.592038013104
20054,6004.592038013104
20055,4823.766432271195
20056,4934.394237005376
20057,6004.592038013104
20058,6004.592038013104
20059,5033.278505203972
20060,5807.033562317161
20061,6004.592038013104
20062,5807.033562317161
20063,6004.592038013104
20064,5807.033562317161
20065,4991.070032898287
20066,5737.967038497247
20067,6004.592038013104
20068,5807.033562317161
20069,4901.824836099693
20070,4901.824836099693
20071,6004.592038013104
20072,5737.967038497247
20073,6004.592038013104
20074,4901.824836099693
20075,5306.186906381187
20076,5737.967038497247
20077,5807.033562317161
20078,5737.967038497247
20079,6004.592038013104
20080,6004.592038013104
20081,4901.824836099693
20082,4721.092957096981
20083,5188.126611725252
20084,4823.766432271195
20085,6004.592038013104
20086,5026.072625716574
20087,4675.038993996703
20088,5807.033562317161
20089,6230.908572340731
20090,5188.126611725252
20091,6004.592038013104
20092,6004.592038013104
20093,5737.967038497247
20094,6004.592038013104
20095,6004.592038013104
20096,6004.592038013104
20097,6004.592038013104
20098,6004.592038013104
20099,4774.02033661311
20100,6004.592038013104
20101,5033.278505203972
20102,4675.038993996703
20103,6004.592038013104
20104,5807.033562317161
20105,6230.908572340731
20106,6004.592038013104
20107,4675.038993996703
20108,6004.592038013104
20109,5306.186906381187
20110,4823.766432271195
20111,6004.592038013104
20112,6004.592038013104
20113,6004.592038013104
20114,6004.592038013104
20115,5737.967038497247
20116,5026.072625716574
20117,6004.592038013104
20118,5178.286986436136
20119,6004.592038013104
20120,6004.592038013104
20121,6004.592038013104
20122,6004.592038013104
20123,5178.286986436136
20124,4991.070032898287
20125,6004.592038013104
20126,5807.033562317161
20127,5306.186906381187
20128,4675.038993996703
20129,6004.592038013104
20130,5807.033562317161
20131,5737.967038497247
20132,4603.618402926571
20133,6004.592038013104
20134,5026.072625716574
20135,4823.766432271195
20136,6004.592038013104
20137,6004.592038013104
20138,6004.592038013104
20139,6004.592038013104
20140,6004.592038013104
20141,4823.766432271195
20142,6004.592038013104
20143,6004.592038013104
20144,4991.070032898287
20145,6004.592038013104
20146,5306.186906381187
20147,5033.278505203972
20148,6004.592038013104
20149,6004.592038013104
20150,6004.592038013104
20151,4675.038993996703
20152,5807.033562317161
20153,5188.126611725252
20154,4991.070032898287
20155,6004.592038013104
20156,5026.072625716574
20157,6004.592038013104
20158,5737.967038497247
20159,6004.592038013104
20160,5807.033562317161
20161,5033.278505203972
20162,6004.592038013104
20163,4823.766432271195
20164,6004.592038013104
20165,4774.02033661311
20166,5807.033562317161
20167,6004.592038013104
20168,6004.592038013104
20169,5026.072625716574
20170,6004.592038013104
20171,6004.592038013104
20172,6004.592038013104
20173,6004.592038013104
20174,5386.850735314002
20175,4823.766432271195
20176,6004.592038013104
20177,6004.592038013104
20178,5026.072625716574
20179,5033.278505203972
20180,6004.592038013104
20181,6004.592038013104
20182,6004.592038013104
20183,4603.618402926571
20184,4823.766432271195
20185,5306.186906381187
20186,4991.070032898287
20187,4774.02033661311
20188,6004.592038013104
20189,6004.592038013104
20190,5807.033562317161
20191,6004.592038013104
20192,4774.02033661311
20193,4901.824836099693
20194,5026.072625716574
20195,5178.286986436136
20196,5737.967038497247
20197,6004.592038013104
20198,5807.033562317161
20199,6004.592038013104
20200,6004.592038013104
20201,6004.592038013104
20202,4991.070032898287
20203,5188.126611725252
20204,6004.592038013104
20205,5033.278505203972
20206,4774.02033661311
20207,5782.597014785518
20208,4901.824836099693
20209,5033.278505203972
20210,4991.070032898287
20211,6004.592038013104
20212,4774.02033661311
20213,5807.033562317161
20214,4823.766432271195
20215,4675.038993996703
20216,6004.592038013104
20217,5737.967038497247
20218,6004.592038013104
20219,6004.592038013104
20220,6004.592038013104
20221,5737.967038497247
20222,6004.592038013104
20223,5807.033562317161
20224,5807.033562317161
20225,4675.038993996703
20226,6004.592038013104
20227,5807.033562317161
20228,4901.824836099693
20229,4721.092957096981
20230,4991.070032898287
20231,4774.02033661311
20232,6004.592038013104
20233,5306.186906381187
20234,5178.286986436136
20235,6004.592038013104
20236,4991.070032898287
20237,4901.824836099693
20238,4774.02033661311
20239,5178.286986436136
20240,5178.286986436136
20241,6004.592038013104
20242,5807.033562317161
20243,6004.592038013104
20244,4774.02033661311
20245,4991.070032898287
20246,6004.592038013104
20247,6004.592038013104
20248,4901.824836099693
20249,6004.592038013104
20250,6004.592038013104
20251,6004.592038013104
20252,4991.070032898287
20253,6004.592038013104
20254,5178.286986436136
20255,6004.592038013104
20256,6004.592038013104
20257,4603.618402926571
20258,4991.070032898287
20259,5033.278505203972
20260,6004.592038013104
20261,6004.592038013104
20262,6004.592038013104
20263,6004.592038013104
20264,6004.592038013104
20265,5807.033562317161
20266,4823.766432271195
20267,4991.070032898287
20268,4991.070032898287
20269,4991.070032898287
20270,6004.592038013104
20271,5033.278505203972
20272,4823.766432271195
20273,5807.033562317161
20274,6004.592038013104
20275,6004.592038013104
20276,5033.278505203972
20277,5178.286986436136
20278,6004.592038013104
20279,5178.286986436136
20280,5737.967038497247
20281,6004.592038013104
20282,6004.592038013104
20283,6004.592038013104
20284,6230.908572340731
20285,6004.592038013104
20286,6004.592038013104
20287,6004.592038013104
20288,6004.592038013104
20289,6004.592038013104
20290,6004.592038013104
20291,4991.070032898287
20292,5178.286986436136
20293,5807.033562317161
20294,4675.038993996703
20295,5178.286986436136
20296,5033.278505203972
20297,6004.592038013104
20298,6004.592038013104
20299,6004.592038013104
20300,5306.186906381187
20301,6004.592038013104
20302,4823.766432271195
20303,6004.592038013104
20304,5807.033562317161
20305,6004.592038013104
20306,6004.592038013104
20307,6004.592038013104
20308,6004.592038013104
20309,5178.286986436136
20310,4675.038993996703
20311,5178.286986436136
20312,4934.394237005376
20313,6004.592038013104
20314,6004.592038013104
20315,6004.592038013104
20316,6004.592038013104
20317,6004.592038013104
20318,5807.033562317161
20319,6004.592038013104
20320,4823.766432271195
20321,6004.592038013104
20322,5807.033562317161
20323,6230.908572340731
20324,6004.592038013104
20325,6004.592038013104
20326,5807.033562317161
20327,6004.592038013104
20328,6004.592038013104
20329,6004.592038013104
20330,4774.02033661311
20331,4823.766432271195
20332,5178.286986436136
20333,6004.592038013104
20334,6004.592038013104
20335,6004.592038013104
20336,5306.186906381187
20337,4991.070032898287
20338,5737.967038497247
20339,5033.278505203972
20340,4991.070032898287
20341,6004.592038013104
20342,5033.278505203972
20343,4275.926755788722
20344,4991.070032898287
20345,6004.592038013104
20346,4774.02033661311
20347,6004.592038013104
20348,5386.850735314002
20349,5807.033562317161
20350,6004.592038013104
20351,6004.592038013104
20352,4991.070032898287
20353,4991.070032898287
20354,6004.592038013104
20355,4774.02033661311
20356,6004.592038013104
20357,4901.824836099693
20358,6004.592038013104
20359,5178.286986436136
20360,6004.592038013104
20361,5386.850735314002
20362,6004.592038013104
20363,5306.186906381187
20364,6004.592038013104
20365,4901.824836099693
20366,6004.592038013104
20367,5033.278505203972
20368,6004.592038013104
20369,6004.592038013104
20370,6004.592038013104
20371,6004.592038013104
20372,6004.592038013104
20373,5737.967038497247
20374,4823.766432271195
20375,4991.070032898287
20376,5033.278505203972
20377,4675.038993996703
20378,6004.592038013104
20379,6004.592038013104
20380,6004.592038013104
20381,4901.824836099693
20382,5807.033562317161
20383,6004.592038013104
20384,5807.033562317161
20385,6004.592038013104
20386,4991.070032898287
20387,6004.592038013104
20388,6004.592038013104
20389,6004.592038013104
20390,5737.967038497247
20391,4774.02033661311
20392,6004.592038013104
20393,6004.592038013104
20394,6004.592038013104
20395,6004.592038013104
20396,5807.033562317161
20397,6004.592038013104
20398,6004.592038013104
20399,4774.02033661311
20400,5807.033562317161
20401,6004.592038013104
20402,4675.038993996703
20403,4675.038993996703
20404,5026.072625716574
20405,6004.592038013104
20406,5033.278505203972
20407,6004.592038013104
20408,6004.592038013104
20409,4675.038993996703
20410,5026.072625716574
20411,4991.070032898287
20412,6004.592038013104
20413,6004.592038013104
20414,5178.286986436136
20415,6004.592038013104
20416,6004.592038013104
20417,5033.278505203972
20418,5306.186906381187
20419,6004.592038013104
20420,6004.592038013104
20421,6004.592038013104
20422,4991.070032898287
20423,5026.072625716574
20424,6004.592038013104
20425,6004.592038013104
20426,5807.033562317161
20427,6004.592038013104
20428,5178.286986436136
20429,4603.618402926571
20430,5306.186906381187
20431,5033.278505203972
20432,6004.592038013104
20433,6004.592038013104
20434,4901.824836099693
20435,6004.592038013104
20436,6004.592038013104
20437,4603.618402926571
20438,5178.286986436136
20439,5737.967038497247
20440,5022.369931989964
20441,5807.033562317161
20442,4991.070032898287
20443,6004.592038013104
20444,5026.072625716574
20445,6004.592038013104
20446,4675.038993996703
20447,4675.038993996703
20448,5026.072625716574
20449,5306.186906381187
20450,6004.592038013104
20451,5807.033562317161
20452,6004.592038013104
20453,6004.592038013104
20454,4675.038993996703
20455,5737.967038497247
20456,4901.824836099693
20457,5807.033562317161
20458,4721.092957096981
20459,5188.126611725252
20460,6004.592038013104
20461,6004.592038013104
20462,6004.592038013104
20463,5178.286986436136
20464,5306.186906381187
20465,5306.186906381187
20466,5782.597014785518
20467,5033.278505203972
20468,5033.278505203972
20469,5188.126611725252
20470,4823.766432271195
20471,5026.072625716574
20472,6004.592038013104
20473,6004.592038013104
20474,6004.592038013104
20475,6004.592038013104
20476,6230.908572340731
20477,5807.033562317161
20478,5033.278505203972
20479,6004.592038013104
20480,4603.618402926571
20481,6004.592038013104
20482,6004.592038013104
20483,6004.592038013104
20484,5178.286986436136
20485,5807.033562317161
20486,5033.278505203972
20487,5026.072625716574
20488,6004.592038013104
20489,4774.02033661311
20490,5807.033562317161
20491,4991.070032898287
20492,5188.126611725252
20493,4675.038993996703
20494,5033.278505203972
20495,6004.592038013104
20496,4774.02033661311
20497,5807.033562317161
20498,6004.592038013104
20499,4823.766432271195
20500,6004.592038013104
20501,5033.278505203972
20502,6004.592038013104
20503,5807.033562317161
20504,6004.592038013104
20505,6004.592038013104
20506,4823.766432271195
20507,6004.592038013104
20508,6004.592038013104
20509,4901.824836099693
20510,6004.592038013104
20511,4823.766432271195
20512,4901.824836099693
20513,4934.394237005376
20514,4675.038993996703
20515,4823.766432271195
20516,5807.033562317161
20517,5737.967038497247
20518,5807.033562317161
20519,4901.824836099693
20520,5026.072625716574
20521,5306.186906381187
20522,6004.592038013104
20523,4721.092957096981
20524,6004.592038013104
20525,6004.592038013104
20526,5807.033562317161
20527,5807.033562317161
20528,5178.286986436136
20529,6004.592038013104
20530,4991.070032898287
20531,4991.070032898287
20532,6004.592038013104
20533,5807.033562317161
20534,4901.824836099693
20535,4991.070032898287
20536,4901.824836099693
20537,5033.278505203972
20538,5026.072625716574
20539,6004.592038013104
20540,5033.278505203972
20541,6004.592038013104
20542,6004.592038013104
20543,6004.592038013104
20544,6004.592038013104
20545,6009.055358445136
20546,4964.493690058645
20547,6009.055358445136
20548,6009.055358445136
20549,6009.055358445136
20550,6009.055358445136
20551,4661.294540497731
20552,4998.993461282129
20553,4770.977062007788
20554,5806.151913614057
20555,4964.493690058645
20556,6009.055358445136
20557,6009.055358445136
20558,5806.151913614057
20559,4770.977062007788
20560,6009.055358445136
20561,6009.055358445136
20562,5806.151913614057
20563,6009.055358445136
20564,4891.834435812213
20565,6009.055358445136
20566,5166.8996101502435
20567,6009.055358445136
20568,4770.977062007788
20569,6009.055358445136
20570,4661.294540497731
20571,5806.151913614057
20572,6009.055358445136
20573,5034.735931256556
20574,4770.977062007788
20575,5034.735931256556
20576,5806.151913614057
20577,5736.033358101808
20578,6009.055358445136
20579,4964.493690058645
20580,4964.493690058645
20581,6009.055358445136
20582,6009.055358445136
20583,6009.055358445136
20584,5181.287155151871
20585,5782.427450318128
20586,6009.055358445136
20587,5166.8996101502435
20588,4722.375488628298
20589,4661.294540497731
20590,6009.055358445136
20591,5231.230261654611
20592,4964.493690058645
20593,5736.033358101808
20594,6009.055358445136
20595,4824.3589219547675
20596,5806.151913614057
20597,6009.055358445136
20598,5736.033358101808
20599,4998.993461282129
20600,6009.055358445136
20601,6009.055358445136
20602,6009.055358445136
20603,6009.055358445136
20604,5166.8996101502435
20605,6009.055358445136
20606,6009.055358445136
20607,5806.151913614057
20608,5736.033358101808
20609,6009.055358445136
20610,6009.055358445136
20611,5034.735931256556
20612,5806.151913614057
20613,6009.055358445136
20614,4824.3589219547675
20615,4770.977062007788
20616,4964.493690058645
20617,6009.055358445136
20618,4661.294540497731
20619,6009.055358445136
20620,6009.055358445136
20621,6009.055358445136
20622,5166.8996101502435
20623,5511.58155092657
20624,6009.055358445136
20625,6009.055358445136
20626,6009.055358445136
20627,6009.055358445136
20628,5736.033358101808
20629,6009.055358445136
20630,6009.055358445136
20631,5806.151913614057
20632,6009.055358445136
20633,6009.055358445136
20634,6009.055358445136
20635,5736.033358101808
20636,6009.055358445136
20637,6009.055358445136
20638,5231.230261654611
20639,4998.993461282129
20640,4661.294540497731
20641,4964.493690058645
20642,4998.993461282129
20643,6009.055358445136
20644,4722.375488628298
20645,4661.294540497731
20646,6009.055358445136
20647,5806.151913614057
20648,4964.493690058645
20649,4661.294540497731
20650,6009.055358445136
20651,6009.055358445136
20652,6009.055358445136
20653,6009.055358445136
20654,4770.977062007788
20655,6259.023889726872
20656,6009.055358445136
20657,4964.493690058645
20658,6009.055358445136
20659,6009.055358445136
20660,5231.230261654611
20661,6009.055358445136
20662,4824.3589219547675
20663,6009.055358445136
20664,5034.735931256556
20665,6009.055358445136
20666,6009.055358445136
20667,6009.055358445136
20668,4998.993461282129
20669,4998.993461282129
20670,4998.993461282129
20671,5034.735931256556
20672,6009.055358445136
20673,5231.230261654611
20674,4964.493690058645
20675,6009.055358445136
20676,5806.151913614057
20677,6009.055358445136
20678,6009.055358445136
20679,6009.055358445136
20680,6009.055358445136
20681,6009.055358445136
20682,4964.493690058645
20683,5181.287155151871
20684,6009.055358445136
20685,6009.055358445136
20686,5806.151913614057
20687,6009.055358445136
20688,5231.230261654611
20689,6009.055358445136
20690,5806.151913614057
20691,5806.151913614057
20692,5806.151913614057
20693,6009.055358445136
20694,4891.834435812213
20695,6009.055358445136
20696,6009.055358445136
20697,4964.493690058645
20698,6009.055358445136
20699,5231.230261654611
20700,6009.055358445136
20701,5806.151913614057
20702,4964.493690058645
20703,6009.055358445136
20704,5034.735931256556
20705,4891.834435812213
20706,6009.055358445136
20707,4661.294540497731
20708,5166.8996101502435
20709,4770.977062007788
20710,4770.977062007788
20711,6009.055358445136
20712,5181.287155151871
20713,6009.055358445136
20714,6009.055358445136
20715,6009.055358445136
20716,4661.294540497731
20717,6009.055358445136
20718,6009.055358445136
20719,5231.230261654611
20720,4964.493690058645
20721,6009.055358445136
20722,5782.427450318128
20723,6009.055358445136
20724,6009.055358445136
20725,5736.033358101808
20726,4770.977062007788
20727,6009.055358445136
20728,6009.055358445136
20729,4964.493690058645
20730,4891.834435812213
20731,4661.294540497731
20732,6009.055358445136
20733,6009.055358445136
20734,4891.834435812213
20735,5806.151913614057
20736,6009.055358445136
20737,5231.230261654611
20738,6009.055358445136
20739,4891.834435812213
20740,4891.834435812213
20741,4661.294540497731
20742,4824.3589219547675
20743,5166.8996101502435
20744,5736.033358101808
20745,6009.055358445136
20746,6009.055358445136
20747,5806.151913614057
20748,4964.493690058645
20749,6009.055358445136
20750,6009.055358445136
20751,6009.055358445136
20752,4964.493690058645
20753,6009.055358445136
20754,5166.8996101502435
20755,5806.151913614057
20756,5034.735931256556
20757,6009.055358445136
20758,5806.151913614057
20759,5166.8996101502435
20760,6009.055358445136
20761,5806.151913614057
20762,5806.151913614057
20763,6009.055358445136
20764,5806.151913614057
20765,4964.493690058645
20766,6009.055358445136
20767,6009.055358445136
20768,6009.055358445136
20769,4566.161442237703
20770,4770.977062007788
20771,6009.055358445136
20772,6009.055358445136
20773,6009.055358445136
20774,4661.294540497731
20775,6009.055358445136
20776,5181.287155151871
20777,5231.230261654611
20778,6009.055358445136
20779,5034.735931256556
20780,5806.151913614057
20781,4998.993461282129
20782,5736.033358101808
20783,5166.8996101502435
20784,6009.055358445136
20785,6009.055358445136
20786,5034.735931256556
20787,6009.055358445136
20788,6009.055358445136
20789,4964.493690058645
20790,4722.375488628298
20791,6009.055358445136
20792,4891.834435812213
20793,6009.055358445136
20794,5034.735931256556
20795,6009.055358445136
20796,6009.055358445136
20797,6009.055358445136
20798,4964.493690058645
20799,6009.055358445136
20800,5231.230261654611
20801,5034.735931256556
20802,6009.055358445136
20803,4770.977062007788
20804,5736.033358101808
20805,5166.8996101502435
20806,6009.055358445136
20807,6009.055358445136
20808,5806.151913614057
20809,4964.493690058645
20810,4964.493690058645
20811,6009.055358445136
20812,6009.055358445136
20813,6009.055358445136
20814,6009.055358445136
20815,4964.493690058645
20816,4891.834435812213
20817,5806.151913614057
20818,4964.493690058645
20819,6009.055358445136
20820,6009.055358445136
20821,6009.055358445136
20822,6009.055358445136
20823,6009.055358445136
20824,6009.055358445136
20825,5166.8996101502435
20826,4770.977062007788
20827,6009.055358445136
20828,4770.977062007788
20829,6009.055358445136
20830,5034.735931256556
20831,4770.977062007788
20832,5231.230261654611
20833,6009.055358445136
20834,5231.230261654611
20835,6009.055358445136
20836,6009.055358445136
20837,5166.8996101502435
20838,6009.055358445136
20839,6009.055358445136
20840,5034.735931256556
20841,4566.161442237703
20842,6009.055358445136
20843,6009.055358445136
20844,5034.735931256556
20845,6009.055358445136
20846,6009.055358445136
20847,6009.055358445136
20848,6009.055358445136
20849,4722.375488628298
20850,4661.294540497731
20851,5806.151913614057
20852,6009.055358445136
20853,5166.8996101502435
20854,4964.493690058645
20855,5166.8996101502435
20856,4964.493690058645
20857,4770.977062007788
20858,4661.294540497731
20859,6009.055358445136
20860,6009.055358445136
20861,5782.427450318128
20862,6009.055358445136
20863,4661.294540497731
20864,6009.055358445136
20865,6009.055358445136
20866,5166.8996101502435
20867,4722.375488628298
20868,4722.375488628298
20869,4824.3589219547675
20870,6009.055358445136
20871,5806.151913614057
20872,6009.055358445136
20873,6009.055358445136
20874,4998.993461282129
20875,5511.58155092657
20876,5034.735931256556
20877,6009.055358445136
20878,6009.055358445136
20879,6009.055358445136
20880,6009.055358445136
20881,5806.151913614057
20882,6009.055358445136
20883,4770.977062007788
20884,6009.055358445136
20885,4770.977062007788
20886,6009.055358445136
20887,5034.735931256556
20888,6009.055358445136
20889,6009.055358445136
20890,5736.033358101808
20891,5166.8996101502435
20892,4998.993461282129
20893,4891.834435812213
20894,6009.055358445136
20895,6009.055358445136
20896,6009.055358445136
20897,5034.735931256556
20898,6009.055358445136
20899,4891.834435812213
20900,5806.151913614057
20901,6009.055358445136
20902,6009.055358445136
20903,6009.055358445136
20904,6009.055358445136
20905,6009.055358445136
20906,6009.055358445136
20907,4770.977062007788
20908,6009.055358445136
20909,6009.055358445136
20910,6009.055358445136
20911,4824.3589219547675
20912,4931.350962400055
20913,6009.055358445136
20914,6009.055358445136
20915,5034.735931256556
20916,5806.151913614057
20917,6009.055358445136
20918,5806.151913614057
20919,6009.055358445136
20920,5806.151913614057
20921,4964.493690058645
20922,5736.033358101808
20923,6009.055358445136
20924,5806.151913614057
20925,4891.834435812213
20926,4891.834435812213
20927,6009.055358445136
20928,5736.033358101808
20929,6009.055358445136
20930,4891.834435812213
20931,5231.230261654611
20932,5736.033358101808
20933,5806.151913614057
20934,5736.033358101808
20935,6009.055358445136
20936,6009.055358445136
20937,4891.834435812213
20938,4722.375488628298
20939,5181.287155151871
20940,4824.3589219547675
20941,6009.055358445136
20942,4998.993461282129
20943,4661.294540497731
20944,5806.151913614057
20945,6259.023889726872
20946,5181.287155151871
20947,6009.055358445136
20948,6009.055358445136
20949,5736.033358101808
20950,6009.055358445136
20951,6009.055358445136
20952,6009.055358445136
20953,6009.055358445136
20954,6009.055358445136
20955,4770.977062007788
20956,6009.055358445136
20957,5034.735931256556
20958,4661.294540497731
20959,6009.055358445136
20960,5806.151913614057
20961,6259.023889726872
20962,6009.055358445136
20963,4661.294540497731
20964,6009.055358445136
20965,5231.230261654611
20966,4824.3589219547675
20967,6009.055358445136
20968,6009.055358445136
20969,6009.055358445136
20970,6009.055358445136
20971,5736.033358101808
20972,4998.993461282129
20973,6009.055358445136
20974,5166.8996101502435
20975,6009.055358445136
20976,6009.055358445136
20977,6009.055358445136
20978,6009.055358445136
20979,5166.8996101502435
20980,4964.493690058645
20981,6009.055358445136
20982,5806.151913614057
20983,5231.230261654611
20984,4661.294540497731
20985,6009.055358445136
20986,5806.151913614057
20987,5736.033358101808
20988,4566.161442237703
20989,6009.055358445136
20990,4998.993461282129
20991,4824.3589219547675
20992,6009.055358445136
20993,6009.055358445136
20994,6009.055358445136
20995,6009.055358445136
20996,6009.055358445136
20997,4824.3589219547675
20998,6009.055358445136
20999,6009.055358445136
21000,4964.493690058645
21001,6009.055358445136
21002,5231.230261654611
21003,5034.735931256556
21004,6009.055358445136
21005,6009.055358445136
21006,6009.055358445136
21007,4661.294540497731
21008,5806.151913614057
21009,5181.287155151871
21010,4964.493690058645
21011,6009.055358445136
21012,4998.993461282129
21013,6009.055358445136
21014,5736.033358101808
21015,6009.055358445136
21016,5806.151913614057
21017,5034.735931256556
21018,6009.055358445136
21019,4824.3589219547675
21020,6009.055358445136
21021,4770.977062007788
21022,5806.151913614057
21023,6009.055358445136
21024,6009.055358445136
21025,4998.993461282129
21026,6009.055358445136
21027,6009.055358445136
21028,6009.055358445136
21029,6009.055358445136
21030,5511.58155092657
21031,4824.3589219547675
21032,6009.055358445136
21033,6009.055358445136
21034,4998.993461282129
21035,5034.735931256556
21036,6009.055358445136
21037,6009.055358445136
21038,6009.055358445136
21039,4566.161442237703
21040,4824.3589219547675
21041,5231.230261654611
21042,4964.493690058645
21043,4770.977062007788
21044,6009.055358445136
21045,6009.055358445136
21046,5806.151913614057
21047,6009.055358445136
21048,4770.977062007788
21049,4891.834435812213
21050,4998.993461282129
21051,5166.8996101502435
21052,5736.033358101808
21053,6009.055358445136
21054,5806.151913614057
21055,6009.055358445136
21056,6009.055358445136
21057,6009.055358445136
21058,4964.493690058645
21059,5181.287155151871
21060,6009.055358445136
21061,5034.735931256556
21062,4770.977062007788
21063,5782.427450318128
21064,4891.834435812213
21065,5034.735931256556
21066,4964.493690058645
21067,6009.055358445136
21068,4770.977062007788
21069,5806.151913614057
21070,4824.3589219547675
21071,4661.294540497731
21072,6009.055358445136
21073,5736.033358101808
21074,6009.055358445136
21075,6009.055358445136
21076,6009.055358445136
21077,5736.033358101808
21078,6009.055358445136
21079,5806.151913614057
21080,5806.151913614057
21081,4661.294540497731
21082,6009.055358445136
21083,5806.151913614057
21084,4891.834435812213
21085,4722.375488628298
21086,4964.493690058645
21087,4770.977062007788
21088,6009.055358445136
21089,5231.230261654611
21090,5166.8996101502435
21091,6009.055358445136
21092,4964.493690058645
21093,4891.834435812213
21094,4770.977062007788
21095,5166.8996101502435
21096,5166.8996101502435
21097,6009.055358445136
21098,5806.151913614057
21099,6009.055358445136
21100,4770.977062007788
21101,4964.493690058645
21102,6009.055358445136
21103,6009.055358445136
21104,4891.834435812213
21105,6009.055358445136
21106,6009.055358445136
21107,6009.055358445136
21108,4964.493690058645
21109,6009.055358445136
21110,5166.8996101502435
21111,6009.055358445136
21112,6009.055358445136
21113,4566.161442237703
21114,4964.493690058645
21115,5034.735931256556
21116,6009.055358445136
21117,6009.055358445136
21118,6009.055358445136
21119,6009.055358445136
21120,6009.055358445136
21121,5806.151913614057
21122,4824.3589219547675
21123,4964.493690058645
21124,4964.493690058645
21125,4964.493690058645
21126,6009.055358445136
21127,5034.735931256556
21128,4824.3589219547675
21129,5806.151913614057
21130,6009.055358445136
21131,6009.055358445136
21132,5034.735931256556
21133,5166.8996101502435
21134,6009.055358445136
21135,5166.8996101502435
21136,5736.033358101808
21137,6009.055358445136
21138,6009.055358445136
21139,6009.055358445136
21140,6259.023889726872
21141,6009.055358445136
21142,6009.055358445136
21143,6009.055358445136
21144,6009.055358445136
21145,6009.055358445136
21146,6009.055358445136
21147,4964.493690058645
21148,5166.8996101502435
21149,5806.151913614057
21150,4661.294540497731
21151,5166.8996101502435
21152,5034.735931256556
21153,6009.055358445136
21154,6009.055358445136
21155,6009.055358445136
21156,5231.230261654611
21157,6009.055358445136
21158,4824.3589219547675
21159,6009.055358445136
21160,5806.151913614057
21161,6009.055358445136
21162,6009.055358445136
21163,6009.055358445136
21164,6009.055358445136
21165,5166.8996101502435
21166,4661.294540497731
21167,5166.8996101502435
21168,4931.350962400055
21169,6009.055358445136
21170,6009.055358445136
21171,6009.055358445136
21172,6009.055358445136
21173,6009.055358445136
21174,5806.151913614057
21175,6009.055358445136
21176,4824.3589219547675
21177,6009.055358445136
21178,5806.151913614057
21179,6259.023889726872
21180,6009.055358445136
21181,6009.055358445136
21182,5806.151913614057
21183,6009.055358445136
21184,6009.055358445136
21185,6009.055358445136
21186,4770.977062007788
21187,4824.3589219547675
21188,5166.8996101502435
21189,6009.055358445136
21190,6009.055358445136
21191,6009.055358445136
21192,5231.230261654611
21193,4964.493690058645
21194,5736.033358101808
21195,5034.735931256556
21196,4964.493690058645
21197,6009.055358445136
21198,5034.735931256556
21199,4300.892796169842
21200,4964.493690058645
21201,6009.055358445136
21202,4770.977062007788
21203,6009.055358445136
21204,5511.58155092657
21205,5806.151913614057
21206,6009.055358445136
21207,6009.055358445136
21208,4964.493690058645
21209,4964.493690058645
21210,6009.055358445136
21211,4770.977062007788
21212,6009.055358445136
21213,4891.834435812213
21214,6009.055358445136
21215,5166.8996101502435
21216,6009.055358445136
21217,5511.58155092657
21218,6009.055358445136
21219,5231.230261654611
21220,6009.055358445136
21221,4891.834435812213
21222,6009.055358445136
21223,5034.735931256556
21224,6009.055358445136
21225,6009.055358445136
21226,6009.055358445136
21227,6009.055358445136
21228,6009.055358445136
21229,5736.033358101808
21230,4824.3589219547675
21231,4964.493690058645
21232,5034.735931256556
21233,4661.294540497731
21234,6009.055358445136
21235,6009.055358445136
21236,6009.055358445136
21237,4891.834435812213
21238,5806.151913614057
21239,6009.055358445136
21240,5806.151913614057
21241,6009.055358445136
21242,4964.493690058645
21243,6009.055358445136
21244,6009.055358445136
21245,6009.055358445136
21246,5736.033358101808
21247,4770.977062007788
21248,6009.055358445136
21249,6009.055358445136
21250,6009.055358445136
21251,6009.055358445136
21252,5806.151913614057
21253,6009.055358445136
21254,6009.055358445136
21255,4770.977062007788
21256,5806.151913614057
21257,6009.055358445136
21258,4661.294540497731
21259,4661.294540497731
21260,4998.993461282129
21261,6009.055358445136
21262,5034.735931256556
21263,6009.055358445136
21264,6009.055358445136
21265,4661.294540497731
21266,4998.993461282129
21267,4964.493690058645
21268,6009.055358445136
21269,6009.055358445136
21270,5166.8996101502435
21271,6009.055358445136
21272,6009.055358445136
21273,5034.735931256556
21274,5231.230261654611
21275,6009.055358445136
21276,6009.055358445136
21277,6009.055358445136
21278,4964.493690058645
21279,4998.993461282129
21280,6009.055358445136
21281,6009.055358445136
21282,5806.151913614057
21283,6009.055358445136
21284,5166.8996101502435
21285,4566.161442237703
21286,5231.230261654611
21287,5034.735931256556
21288,6009.055358445136
21289,6009.055358445136
21290,4891.834435812213
21291,6009.055358445136
21292,6009.055358445136
21293,4566.161442237703
21294,5166.8996101502435
21295,5736.033358101808
21296,5023.827358042548
21297,5806.151913614057
21298,4964.493690058645
21299,6009.055358445136
21300,4998.993461282129
21301,6009.055358445136
21302,4661.294540497731
21303,4661.294540497731
21304,4998.993461282129
21305,5231.230261654611
21306,6009.055358445136
21307,5806.151913614057
21308,6009.055358445136
21309,6009.055358445136
21310,4661.294540497731
21311,5736.033358101808
21312,4891.834435812213
21313,5806.151913614057
21314,4722.375488628298
21315,5181.287155151871
21316,6009.055358445136
21317,6009.055358445136
21318,6009.055358445136
21319,5166.8996101502435
21320,5231.230261654611
21321,5231.230261654611
21322,5782.427450318128
21323,5034.735931256556
21324,5034.735931256556
21325,5181.287155151871
21326,4824.3589219547675
21327,4998.993461282129
21328,6009.055358445136
21329,6009.055358445136
21330,6009.055358445136
21331,6009.055358445136
21332,6259.023889726872
21333,5806.151913614057
21334,5034.735931256556
21335,6009.055358445136
21336,4566.161442237703
21337,6009.055358445136
21338,6009.055358445136
21339,6009.055358445136
21340,5166.8996101502435
21341,5806.151913614057
21342,5034.735931256556
21343,4998.993461282129
21344,6009.055358445136
21345,4770.977062007788
21346,5806.151913614057
21347,4964.493690058645
21348,5181.287155151871
21349,4661.294540497731
21350,5034.735931256556
21351,6009.055358445136
21352,4770.977062007788
21353,5806.151913614057
21354,6009.055358445136
21355,4824.3589219547675
21356,6009.055358445136
21357,5034.735931256556
21358,6009.055358445136
21359,5806.151913614057
21360,6009.055358445136
21361,6009.055358445136
21362,4824.3589219547675
21363,6009.055358445136
21364,6009.055358445136
21365,4891.834435812213
21366,6009.055358445136
21367,4824.3589219547675
21368,4891.834435812213
21369,4931.350962400055
21370,4661.294540497731
21371,4824.3589219547675
21372,5806.151913614057
21373,5736.033358101808
21374,5806.151913614057
21375,4891.834435812213
21376,4998.993461282129
21377,5231.230261654611
21378,6009.055358445136
21379,4722.375488628298
21380,6009.055358445136
21381,6009.055358445136
21382,5806.151913614057
21383,5806.151913614057
21384,5166.8996101502435
21385,6009.055358445136
21386,4964.493690058645
21387,4964.493690058645
21388,6009.055358445136
21389,5806.151913614057
21390,4891.834435812213
21391,4964.493690058645
21392,4891.834435812213
21393,5034.735931256556
21394,4998.993461282129
21395,6009.055358445136
21396,5034.735931256556
21397,6009.055358445136
21398,6009.055358445136
21399,6009.055358445136
21400,6009.055358445136
21401,308.96570487373543
21402,135.07147651044005
21403,308.96570487373543
21404,308.96570487373543
21405,308.96570487373543
21406,308.96570487373543
21407,33.16277469650504
21408,0.0
21409,0.0
21410,0.0
21411,135.07147651044005
21412,308.96570487373543
21413,308.96570487373543
21414,0.0
21415,0.0
21416,308.96570487373543
21417,308.96570487373543
21418,0.0
21419,308.96570487373543
21420,132.05243430669583
21421,308.96570487373543
21422,199.2253500897933
21423,308.96570487373543
21424,0.0
21425,308.96570487373543
21426,33.16277469650504
21427,0.0
21428,308.96570487373543
21429,216.52833980047865
21430,0.0
21431,216.52833980047865
21432,0.0
21433,0.0
21434,308.96570487373543
21435,135.07147651044005
21436,135.07147651044005
21437,308.96570487373543
21438,308.96570487373543
21439,308.96570487373543
21440,0.0
21441,0.0
21442,308.96570487373543
21443,199.2253500897933
21444,0.0
21445,33.16277469650504
21446,308.96570487373543
21447,0.0
21448,135.07147651044005
21449,0.0
21450,308.96570487373543
21451,0.0
21452,0.0
21453,308.96570487373543
21454,0.0
21455,0.0
21456,308.96570487373543
21457,308.96570487373543
21458,308.96570487373543
21459,308.96570487373543
21460,199.2253500897933
21461,308.96570487373543
21462,308.96570487373543
21463,0.0
21464,0.0
21465,308.96570487373543
21466,308.96570487373543
21467,216.52833980047865
21468,0.0
21469,308.96570487373543
21470,0.0
21471,0.0
21472,135.07147651044005
21473,308.96570487373543
21474,33.16277469650504
21475,308.96570487373543
21476,308.96570487373543
21477,308.96570487373543
21478,199.2253500897933
21479,0.0
21480,308.96570487373543
21481,308.96570487373543
21482,308.96570487373543
21483,308.96570487373543
21484,0.0
21485,308.96570487373543
21486,308.96570487373543
21487,0.0
21488,308.96570487373543
21489,308.96570487373543
21490,308.96570487373543
21491,0.0
21492,308.96570487373543
21493,308.96570487373543
21494,0.0
21495,0.0
21496,33.16277469650504
21497,135.07147651044005
21498,0.0
21499,308.96570487373543
21500,0.0
21501,33.16277469650504
21502,308.96570487373543
21503,0.0
21504,135.07147651044005
21505,33.16277469650504
21506,308.96570487373543
21507,308.96570487373543
21508,308.96570487373543
21509,308.96570487373543
21510,0.0
21511,1173.2069262530395
21512,308.96570487373543
21513,135.07147651044005
21514,308.96570487373543
21515,308.96570487373543
21516,0.0
21517,308.96570487373543
21518,0.0
21519,308.96570487373543
21520,216.52833980047865
21521,308.96570487373543
21522,308.96570487373543
21523,308.96570487373543
21524,0.0
21525,0.0
21526,0.0
21527,216.52833980047865
21528,308.96570487373543
21529,0.0
21530,135.07147651044005
21531,308.96570487373543
21532,0.0
21533,308.96570487373543
21534,308.96570487373543
21535,308.96570487373543
21536,308.96570487373543
21537,308.96570487373543
21538,135.07147651044005
21539,0.0
21540,308.96570487373543
21541,308.96570487373543
21542,0.0
21543,308.96570487373543
21544,0.0
21545,308.96570487373543
21546,0.0
21547,0.0
21548,0.0
21549,308.96570487373543
21550,132.05243430669583
21551,308.96570487373543
21552,308.96570487373543
21553,135.07147651044005
21554,308.96570487373543
21555,0.0
21556,308.96570487373543
21557,0.0
21558,135.07147651044005
21559,308.96570487373543
21560,216.52833980047865
21561,132.05243430669583
21562,308.96570487373543
21563,33.16277469650504
21564,199.2253500897933
21565,0.0
21566,0.0
21567,308.96570487373543
21568,0.0
21569,308.96570487373543
21570,308.96570487373543
21571,308.96570487373543
21572,33.16277469650504
21573,308.96570487373543
21574,308.96570487373543
21575,0.0
21576,135.07147651044005
21577,308.96570487373543
21578,0.0
21579,308.96570487373543
21580,308.96570487373543
21581,0.0
21582,0.0
21583,308.96570487373543
21584,308.96570487373543
21585,135.07147651044005
21586,132.05243430669583
21587,33.16277469650504
21588,308.96570487373543
21589,308.96570487373543
21590,132.05243430669583
21591,0.0
21592,308.96570487373543
21593,0.0
21594,308.96570487373543
21595,132.05243430669583
21596,132.05243430669583
21597,33.16277469650504
21598,0.0
21599,199.2253500897933
21600,0.0
21601,308.96570487373543
21602,308.96570487373543
21603,0.0
21604,135.07147651044005
21605,308.96570487373543
21606,308.96570487373543
21607,308.96570487373543
21608,135.07147651044005
21609,308.96570487373543
21610,199.2253500897933
21611,0.0
21612,216.52833980047865
21613,308.96570487373543
21614,0.0
21615,199.2253500897933
21616,308.96570487373543
21617,0.0
21618,0.0
21619,308.96570487373543
21620,0.0
21621,135.07147651044005
21622,308.96570487373543
21623,308.96570487373543
21624,308.96570487373543
21625,0.0
21626,0.0
21627,308.96570487373543
21628,308.96570487373543
21629,308.96570487373543
21630,33.16277469650504
21631,308.96570487373543
21632,0.0
21633,0.0
21634,308.96570487373543
21635,216.52833980047865
21636,0.0
21637,0.0
21638,0.0
21639,199.2253500897933
21640,308.96570487373543
21641,308.96570487373543
21642,216.52833980047865
21643,308.96570487373543
21644,308.96570487373543
21645,135.07147651044005
21646,0.0
21647,308.96570487373543
21648,132.05243430669583
21649,308.96570487373543
21650,216.52833980047865
21651,308.96570487373543
21652,308.96570487373543
21653,308.96570487373543
21654,135.07147651044005
21655,308.96570487373543
21656,0.0
21657,216.52833980047865
21658,308.96570487373543
21659,0.0
21660,0.0
21661,199.2253500897933
21662,308.96570487373543
21663,308.96570487373543
21664,0.0
21665,135.07147651044005
21666,135.07147651044005
21667,308.96570487373543
21668,308.96570487373543
21669,308.96570487373543
21670,308.96570487373543
21671,135.07147651044005
21672,132.05243430669583
21673,0.0
21674,135.07147651044005
21675,308.96570487373543
21676,308.96570487373543
21677,308.96570487373543
21678,308.96570487373543
21679,308.96570487373543
21680,308.96570487373543
21681,199.2253500897933
21682,0.0
21683,308.96570487373543
21684,0.0
21685,308.96570487373543
21686,216.52833980047865
21687,0.0
21688,0.0
21689,308.96570487373543
21690,0.0
21691,308.96570487373543
21692,308.96570487373543
21693,199.2253500897933
21694,308.96570487373543
21695,308.96570487373543
21696,216.52833980047865
21697,0.0
21698,308.96570487373543
21699,308.96570487373543
21700,216.52833980047865
21701,308.96570487373543
21702,308.96570487373543
21703,308.96570487373543
21704,308.96570487373543
21705,0.0
21706,33.16277469650504
21707,0.0
21708,308.96570487373543
21709,199.2253500897933
21710,135.07147651044005
21711,199.2253500897933
21712,135.07147651044005
21713,0.0
21714,33.16277469650504
21715,308.96570487373543
21716,308.96570487373543
21717,0.0
21718,308.96570487373543
21719,33.16277469650504
21720,308.96570487373543
21721,308.96570487373543
21722,199.2253500897933
21723,0.0
21724,0.0
21725,0.0
21726,308.96570487373543
21727,0.0
21728,308.96570487373543
21729,308.96570487373543
21730,0.0
21731,0.0
21732,216.52833980047865
21733,308.96570487373543
21734,308.96570487373543
21735,308.96570487373543
21736,308.96570487373543
21737,0.0
21738,308.96570487373543
21739,0.0
21740,308.96570487373543
21741,0.0
21742,308.96570487373543
21743,216.52833980047865
21744,308.96570487373543
21745,308.96570487373543
21746,0.0
21747,199.2253500897933
21748,0.0
21749,132.05243430669583
21750,308.96570487373543
21751,308.96570487373543
21752,308.96570487373543
21753,216.52833980047865
21754,308.96570487373543
21755,132.05243430669583
21756,0.0
21757,308.96570487373543
21758,308.96570487373543
21759,308.96570487373543
21760,308.96570487373543
21761,308.96570487373543
21762,308.96570487373543
21763,0.0
21764,308.96570487373543
21765,308.96570487373543
21766,308.96570487373543
21767,0.0
21768,0.0
21769,308.96570487373543
21770,308.96570487373543
21771,216.52833980047865
21772,0.0
21773,308.96570487373543
21774,0.0
21775,308.96570487373543
21776,0.0
21777,135.07147651044005
21778,0.0
21779,308.96570487373543
21780,0.0
21781,132.05243430669583
21782,132.05243430669583
21783,308.96570487373543
21784,0.0
21785,308.96570487373543
21786,132.05243430669583
21787,0.0
21788,0.0
21789,0.0
21790,0.0
21791,308.96570487373543
21792,308.96570487373543
21793,132.05243430669583
21794,0.0
21795,0.0
21796,0.0
21797,308.96570487373543
21798,0.0
21799,33.16277469650504
21800,0.0
21801,1173.2069262530395
21802,0.0
21803,308.96570487373543
21804,308.96570487373543
21805,0.0
21806,308.96570487373543
21807,308.96570487373543
21808,308.96570487373543
21809,308.96570487373543
21810,308.96570487373543
21811,0.0
21812,308.96570487373543
21813,216.52833980047865
21814,33.16277469650504
21815,308.96570487373543
21816,0.0
21817,1173.2069262530395
21818,308.96570487373543
21819,33.16277469650504
21820,308.96570487373543
21821,0.0
21822,0.0
21823,308.96570487373543
21824,308.96570487373543
21825,308.96570487373543
21826,308.96570487373543
21827,0.0
21828,0.0
21829,308.96570487373543
21830,199.2253500897933
21831,308.96570487373543
21832,308.96570487373543
21833,308.96570487373543
21834,308.96570487373543
21835,199.2253500897933
21836,135.07147651044005
21837,308.96570487373543
21838,0.0
21839,0.0
21840,33.16277469650504
21841,308.96570487373543
21842,0.0
21843,0.0
21844,0.0
21845,308.96570487373543
21846,0.0
21847,0.0
21848,308.96570487373543
21849,308.96570487373543
21850,308.96570487373543
21851,308.96570487373543
21852,308.96570487373543
21853,0.0
21854,308.96570487373543
21855,308.96570487373543
21856,135.07147651044005
21857,308.96570487373543
21858,0.0
21859,216.52833980047865
21860,308.96570487373543
21861,308.96570487373543
21862,308.96570487373543
21863,33.16277469650504
21864,0.0
21865,0.0
21866,135.07147651044005
21867,308.96570487373543
21868,0.0
21869,308.96570487373543
21870,0.0
21871,308.96570487373543
21872,0.0
21873,216.52833980047865
21874,308.96570487373543
21875,0.0
21876,308.96570487373543
21877,0.0
21878,0.0
21879,308.96570487373543
21880,308.96570487373543
21881,0.0
21882,308.96570487373543
21883,308.96570487373543
21884,308.96570487373543
21885,308.96570487373543
21886,0.0
21887,0.0
21888,308.96570487373543
21889,308.96570487373543
21890,0.0
21891,216.52833980047865
21892,308.96570487373543
21893,308.96570487373543
21894,308.96570487373543
21895,0.0
21896,0.0
21897,0.0
21898,135.07147651044005
21899,0.0
21900,308.96570487373543
21901,308.96570487373543
21902,0.0
21903,308.96570487373543
21904,0.0
21905,132.05243430669583
21906,0.0
21907,199.2253500897933
21908,0.0
21909,308.96570487373543
21910,0.0
21911,308.96570487373543
21912,308.96570487373543
21913,308.96570487373543
21914,135.07147651044005
21915,0.0
21916,308.96570487373543
21917,216.52833980047865
21918,0.0
21919,0.0
21920,132.05243430669583
21921,216.52833980047865
21922,135.07147651044005
21923,308.96570487373543
21924,0.0
21925,0.0
21926,0.0
21927,33.16277469650504
21928,308.96570487373543
21929,0.0
21930,308.96570487373543
21931,308.96570487373543
21932,308.96570487373543
21933,0.0
21934,308.96570487373543
21935,0.0
21936,0.0
21937,33.16277469650504
21938,308.96570487373543
21939,0.0
21940,132.05243430669583
21941,0.0
21942,135.07147651044005
21943,0.0
21944,308.96570487373543
21945,0.0
21946,199.2253500897933
21947,308.96570487373543
21948,135.07147651044005
21949,132.05243430669583
21950,0.0
21951,199.2253500897933
21952,199.2253500897933
21953,308.96570487373543
21954,0.0
21955,308.96570487373543
21956,0.0
21957,135.07147651044005
21958,308.96570487373543
21959,308.96570487373543
21960,132.05243430669583
21961,308.96570487373543
21962,308.96570487373543
21963,308.96570487373543
21964,135.07147651044005
21965,308.96570487373543
21966,199.2253500897933
21967,308.96570487373543
21968,308.96570487373543
21969,0.0
21970,135.07147651044005
21971,216.52833980047865
21972,308.96570487373543
21973,308.96570487373543
21974,308.96570487373543
21975,308.96570487373543
21976,308.96570487373543
21977,0.0
21978,0.0
21979,135.07147651044005
21980,135.07147651044005
21981,135.07147651044005
21982,308.96570487373543
21983,216.52833980047865
21984,0.0
21985,0.0
21986,308.96570487373543
21987,308.96570487373543
21988,216.52833980047865
21989,199.2253500897933
21990,308.96570487373543
21991,199.2253500897933
21992,0.0
21993,308.96570487373543
21994,308.96570487373543
21995,308.96570487373543
21996,1173.2069262530395
21997,308.96570487373543
21998,308.96570487373543
21999,308.96570487373543
22000,308.96570487373543
22001,308.96570487373543
22002,308.96570487373543
22003,135.07147651044005
22004,199.2253500897933
22005,0.0
22006,33.16277469650504
22007,199.2253500897933
22008,216.52833980047865
22009,308.96570487373543
22010,308.96570487373543
22011,308.96570487373543
22012,0.0
22013,308.96570487373543
22014,0.0
22015,308.96570487373543
22016,0.0
22017,308.96570487373543
22018,308.96570487373543
22019,308.96570487373543
22020,308.96570487373543
22021,199.2253500897933
22022,33.16277469650504
22023,199.2253500897933
22024,0.0
22025,308.96570487373543
22026,308.96570487373543
22027,308.96570487373543
22028,308.96570487373543
22029,308.96570487373543
22030,0.0
22031,308.96570487373543
22032,0.0
22033,308.96570487373543
22034,0.0
22035,1173.2069262530395
22036,308.96570487373543
22037,308.96570487373543
22038,0.0
22039,308.96570487373543
22040,308.96570487373543
22041,308.96570487373543
22042,0.0
22043,0.0
22044,199.2253500897933
22045,308.96570487373543
22046,308.96570487373543
22047,308.96570487373543
22048,0.0
22049,135.07147651044005
22050,0.0
22051,216.52833980047865
22052,135.07147651044005
22053,308.96570487373543
22054,216.52833980047865
22055,0.0
22056,135.07147651044005
22057,308.96570487373543
22058,0.0
22059,308.96570487373543
22060,0.0
22061,0.0
22062,308.96570487373543
22063,308.96570487373543
22064,135.07147651044005
22065,135.07147651044005
22066,308.96570487373543
22067,0.0
22068,308.96570487373543
22069,132.05243430669583
22070,308.96570487373543
22071,199.2253500897933
22072,308.96570487373543
22073,0.0
22074,308.96570487373543
22075,0.0
22076,308.96570487373543
22077,132.05243430669583
22078,308.96570487373543
22079,216.52833980047865
22080,308.96570487373543
22081,308.96570487373543
22082,308.96570487373543
22083,308.96570487373543
22084,308.96570487373543
22085,0.0
22086,0.0
22087,135.07147651044005
22088,216.52833980047865
22089,33.16277469650504
22090,308.96570487373543
22091,308.96570487373543
22092,308.96570487373543
22093,132.05243430669583
22094,0.0
22095,308.96570487373543
22096,0.0
22097,308.96570487373543
22098,135.07147651044005
22099,308.96570487373543
22100,308.96570487373543
22101,308.96570487373543
22102,0.0
22103,0.0
22104,308.96570487373543
22105,308.96570487373543
22106,308.96570487373543
22107,308.96570487373543
22108,0.0
22109,308.96570487373543
22110,308.96570487373543
22111,0.0
22112,0.0
22113,308.96570487373543
22114,33.16277469650504
22115,33.16277469650504
22116,0.0
22117,308.96570487373543
22118,216.52833980047865
22119,308.96570487373543
22120,308.96570487373543
22121,33.16277469650504
22122,0.0
22123,135.07147651044005
22124,308.96570487373543
22125,308.96570487373543
22126,199.2253500897933
22127,308.96570487373543
22128,308.96570487373543
22129,216.52833980047865
22130,0.0
22131,308.96570487373543
22132,308.96570487373543
22133,308.96570487373543
22134,135.07147651044005
22135,0.0
22136,308.96570487373543
22137,308.96570487373543
22138,0.0
22139,308.96570487373543
22140,199.2253500897933
22141,0.0
22142,0.0
22143,216.52833980047865
22144,308.96570487373543
22145,308.96570487373543
22146,132.05243430669583
22147,308.96570487373543
22148,308.96570487373543
22149,0.0
22150,199.2253500897933
22151,0.0
22152,0.0
22153,0.0
22154,135.07147651044005
22155,308.96570487373543
22156,0.0
22157,308.96570487373543
22158,33.16277469650504
22159,33.16277469650504
22160,0.0
22161,0.0
22162,308.96570487373543
22163,0.0
22164,308.96570487373543
22165,308.96570487373543
22166,33.16277469650504
22167,0.0
22168,132.05243430669583
22169,0.0
22170,0.0
22171,0.0
22172,308.96570487373543
22173,308.96570487373543
22174,308.96570487373543
22175,199.2253500897933
22176,0.0
22177,0.0
22178,0.0
22179,216.52833980047865
22180,216.52833980047865
22181,0.0
22182,0.0
22183,0.0
22184,308.96570487373543
22185,308.96570487373543
22186,308.96570487373543
22187,308.96570487373543
22188,1173.2069262530395
22189,0.0
22190,216.52833980047865
22191,308.96570487373543
22192,0.0
22193,308.96570487373543
22194,308.96570487373543
22195,308.96570487373543
22196,199.2253500897933
22197,0.0
22198,216.52833980047865
22199,0.0
22200,308.96570487373543
22201,0.0
22202,0.0
22203,135.07147651044005
22204,0.0
22205,33.16277469650504
22206,216.52833980047865
22207,308.96570487373543
22208,0.0
22209,0.0
22210,308.96570487373543
22211,0.0
22212,308.96570487373543
22213,216.52833980047865
22214,308.96570487373543
22215,0.0
22216,308.96570487373543
22217,308.96570487373543
22218,0.0
22219,308.96570487373543
22220,308.96570487373543
22221,132.05243430669583
22222,308.96570487373543
22223,0.0
22224,132.05243430669583
22225,0.0
22226,33.16277469650504
22227,0.0
22228,0.0
22229,0.0
22230,0.0
22231,132.05243430669583
22232,0.0
22233,0.0
22234,308.96570487373543
22235,0.0
22236,308.96570487373543
22237,308.96570487373543
22238,0.0
22239,0.0
22240,199.2253500897933
22241,308.96570487373543
22242,135.07147651044005
22243,135.07147651044005
22244,308.96570487373543
22245,0.0
22246,132.05243430669583
22247,135.07147651044005
22248,132.05243430669583
22249,216.52833980047865
22250,0.0
22251,308.96570487373543
22252,216.52833980047865
22253,308.96570487373543
22254,308.96570487373543
22255,308.96570487373543
22256,308.96570487373543
22257,6105.54272737628
22258,4816.885334026955
22259,6105.54272737628
22260,6105.54272737628
22261,6105.54272737628
22262,6105.54272737628
22263,5310.361126120411
22264,5450.512847831585
22265,5416.52579161751
22266,7003.4483098119745
22267,4816.885334026955
22268,6105.54272737628
22269,6105.54272737628
22270,7003.4483098119745
22271,5416.52579161751
22272,6105.54272737628
22273,6105.54272737628
22274,7003.4483098119745
22275,6105.54272737628
22276,5298.921872414424
22277,6105.54272737628
22278,5905.958900114833
22279,6105.54272737628
22280,5416.52579161751
22281,6105.54272737628
22282,5310.361126120411
22283,7003.4483098119745
22284,6105.54272737628
22285,5187.334323022757
22286,5416.52579161751
22287,5187.334323022757
22288,7003.4483098119745
22289,5251.659371028755
22290,6105.54272737628
22291,4816.885334026955
22292,4816.885334026955
22293,6105.54272737628
22294,6105.54272737628
22295,6105.54272737628
22296,5898.356305707557
22297,7243.813980510196
22298,6105.54272737628
22299,5905.958900114833
22300,4636.949618483758
22301,5310.361126120411
22302,6105.54272737628
22303,5425.788337188758
22304,4816.885334026955
22305,5251.659371028755
22306,6105.54272737628
22307,5373.803382733809
22308,7003.4483098119745
22309,6105.54272737628
22310,5251.659371028755
22311,5450.512847831585
22312,6105.54272737628
22313,6105.54272737628
22314,6105.54272737628
22315,6105.54272737628
22316,5905.958900114833
22317,6105.54272737628
22318,6105.54272737628
22319,7003.4483098119745
22320,5251.659371028755
22321,6105.54272737628
22322,6105.54272737628
22323,5187.334323022757
22324,7003.4483098119745
22325,6105.54272737628
22326,5373.803382733809
22327,5416.52579161751
22328,4816.885334026955
22329,6105.54272737628
22330,5310.361126120411
22331,6105.54272737628
22332,6105.54272737628
22333,6105.54272737628
22334,5905.958900114833
22335,6489.527860784833
22336,6105.54272737628
22337,6105.54272737628
22338,6105.54272737628
22339,6105.54272737628
22340,5251.659371028755
22341,6105.54272737628
22342,6105.54272737628
22343,7003.4483098119745
22344,6105.54272737628
22345,6105.54272737628
22346,6105.54272737628
22347,5251.659371028755
22348,6105.54272737628
22349,6105.54272737628
22350,5425.788337188758
22351,5450.512847831585
22352,5310.361126120411
22353,4816.885334026955
22354,5450.512847831585
22355,6105.54272737628
22356,4636.949618483758
22357,5310.361126120411
22358,6105.54272737628
22359,7003.4483098119745
22360,4816.885334026955
22361,5310.361126120411
22362,6105.54272737628
22363,6105.54272737628
22364,6105.54272737628
22365,6105.54272737628
22366,5416.52579161751
22367,6961.301638795901
22368,6105.54272737628
22369,4816.885334026955
22370,6105.54272737628
22371,6105.54272737628
22372,5425.788337188758
22373,6105.54272737628
22374,5373.803382733809
22375,6105.54272737628
22376,5187.334323022757
22377,6105.54272737628
22378,6105.54272737628
22379,6105.54272737628
22380,5450.512847831585
22381,5450.512847831585
22382,5450.512847831585
22383,5187.334323022757
22384,6105.54272737628
22385,5425.788337188758
22386,4816.885334026955
22387,6105.54272737628
22388,7003.4483098119745
22389,6105.54272737628
22390,6105.54272737628
22391,6105.54272737628
22392,6105.54272737628
22393,6105.54272737628
22394,4816.885334026955
22395,5898.356305707557
22396,6105.54272737628
22397,6105.54272737628
22398,7003.4483098119745
22399,6105.54272737628
22400,5425.788337188758
22401,6105.54272737628
22402,7003.4483098119745
22403,7003.4483098119745
22404,7003.4483098119745
22405,6105.54272737628
22406,5298.921872414424
22407,6105.54272737628
22408,6105.54272737628
22409,4816.885334026955
22410,6105.54272737628
22411,5425.788337188758
22412,6105.54272737628
22413,7003.4483098119745
22414,4816.885334026955
22415,6105.54272737628
22416,5187.334323022757
22417,5298.921872414424
22418,6105.54272737628
22419,5310.361126120411
22420,5905.958900114833
22421,5416.52579161751
22422,5416.52579161751
22423,6105.54272737628
22424,5898.356305707557
22425,6105.54272737628
22426,6105.54272737628
22427,6105.54272737628
22428,5310.361126120411
22429,6105.54272737628
22430,6105.54272737628
22431,5425.788337188758
22432,4816.885334026955
22433,6105.54272737628
22434,7243.813980510196
22435,6105.54272737628
22436,6105.54272737628
22437,5251.659371028755
22438,5416.52579161751
22439,6105.54272737628
22440,6105.54272737628
22441,4816.885334026955
22442,5298.921872414424
22443,5310.361126120411
22444,6105.54272737628
22445,6105.54272737628
22446,5298.921872414424
22447,7003.4483098119745
22448,6105.54272737628
22449,5425.788337188758
22450,6105.54272737628
22451,5298.921872414424
22452,5298.921872414424
22453,5310.361126120411
22454,5373.803382733809
22455,5905.958900114833
22456,5251.659371028755
22457,6105.54272737628
22458,6105.54272737628
22459,7003.4483098119745
22460,4816.885334026955
22461,6105.54272737628
22462,6105.54272737628
22463,6105.54272737628
22464,4816.885334026955
22465,6105.54272737628
22466,5905.958900114833
22467,7003.4483098119745
22468,5187.334323022757
22469,6105.54272737628
22470,7003.4483098119745
22471,5905.958900114833
22472,6105.54272737628
22473,7003.4483098119745
22474,7003.4483098119745
22475,6105.54272737628
22476,7003.4483098119745
22477,4816.885334026955
22478,6105.54272737628
22479,6105.54272737628
22480,6105.54272737628
22481,4648.133953521635
22482,5416.52579161751
22483,6105.54272737628
22484,6105.54272737628
22485,6105.54272737628
22486,5310.361126120411
22487,6105.54272737628
22488,5898.356305707557
22489,5425.788337188758
22490,6105.54272737628
22491,5187.334323022757
22492,7003.4483098119745
22493,5450.512847831585
22494,5251.659371028755
22495,5905.958900114833
22496,6105.54272737628
22497,6105.54272737628
22498,5187.334323022757
22499,6105.54272737628
22500,6105.54272737628
22501,4816.885334026955
22502,4636.949618483758
22503,6105.54272737628
22504,5298.921872414424
22505,6105.54272737628
22506,5187.334323022757
22507,6105.54272737628
22508,6105.54272737628
22509,6105.54272737628
22510,4816.885334026955
22511,6105.54272737628
22512,5425.788337188758
22513,5187.334323022757
22514,6105.54272737628
22515,5416.52579161751
22516,5251.659371028755
22517,5905.958900114833
22518,6105.54272737628
22519,6105.54272737628
22520,7003.4483098119745
22521,4816.885334026955
22522,4816.885334026955
22523,6105.54272737628
22524,6105.54272737628
22525,6105.54272737628
22526,6105.54272737628
22527,4816.885334026955
22528,5298.921872414424
22529,7003.4483098119745
22530,4816.885334026955
22531,6105.54272737628
22532,6105.54272737628
22533,6105.54272737628
22534,6105.54272737628
22535,6105.54272737628
22536,6105.54272737628
22537,5905.958900114833
22538,5416.52579161751
22539,6105.54272737628
22540,5416.52579161751
22541,6105.54272737628
22542,5187.334323022757
22543,5416.52579161751
22544,5425.788337188758
22545,6105.54272737628
22546,5425.788337188758
22547,6105.54272737628
22548,6105.54272737628
22549,5905.958900114833
22550,6105.54272737628
22551,6105.54272737628
22552,5187.334323022757
22553,4648.133953521635
22554,6105.54272737628
22555,6105.54272737628
22556,5187.334323022757
22557,6105.54272737628
22558,6105.54272737628
22559,6105.54272737628
22560,6105.54272737628
22561,4636.949618483758
22562,5310.361126120411
22563,7003.4483098119745
22564,6105.54272737628
22565,5905.958900114833
22566,4816.885334026955
22567,5905.958900114833
22568,4816.885334026955
22569,5416.52579161751
22570,5310.361126120411
22571,6105.54272737628
22572,6105.54272737628
22573,7243.813980510196
22574,6105.54272737628
22575,5310.361126120411
22576,6105.54272737628
22577,6105.54272737628
22578,5905.958900114833
22579,4636.949618483758
22580,4636.949618483758
22581,5373.803382733809
22582,6105.54272737628
22583,7003.4483098119745
22584,6105.54272737628
22585,6105.54272737628
22586,5450.512847831585
22587,6489.527860784833
22588,5187.334323022757
22589,6105.54272737628
22590,6105.54272737628
22591,6105.54272737628
22592,6105.54272737628
22593,7003.4483098119745
22594,6105.54272737628
22595,5416.52579161751
22596,6105.54272737628
22597,5416.52579161751
22598,6105.54272737628
22599,5187.334323022757
22600,6105.54272737628
22601,6105.54272737628
22602,5251.659371028755
22603,5905.958900114833
22604,5450.512847831585
22605,5298.921872414424
22606,6105.54272737628
22607,6105.54272737628
22608,6105.54272737628
22609,5187.334323022757
22610,6105.54272737628
22611,5298.921872414424
22612,7003.4483098119745
22613,6105.54272737628
22614,6105.54272737628
22615,6105.54272737628
22616,6105.54272737628
22617,6105.54272737628
22618,6105.54272737628
22619,5416.52579161751
22620,6105.54272737628
22621,6105.54272737628
22622,6105.54272737628
22623,5373.803382733809
22624,5395.163885864966
22625,6105.54272737628
22626,6105.54272737628
22627,5187.334323022757
22628,7003.4483098119745
22629,6105.54272737628
22630,7003.4483098119745
22631,6105.54272737628
22632,7003.4483098119745
22633,4816.885334026955
22634,5251.659371028755
22635,6105.54272737628
22636,7003.4483098119745
22637,5298.921872414424
22638,5298.921872414424
22639,6105.54272737628
22640,5251.659371028755
22641,6105.54272737628
22642,5298.921872414424
22643,5425.788337188758
22644,5251.659371028755
22645,7003.4483098119745
22646,5251.659371028755
22647,6105.54272737628
22648,6105.54272737628
22649,5298.921872414424
22650,4636.949618483758
22651,5898.356305707557
22652,5373.803382733809
22653,6105.54272737628
22654,5450.512847831585
22655,5310.361126120411
22656,7003.4483098119745
22657,6961.301638795901
22658,5898.356305707557
22659,6105.54272737628
22660,6105.54272737628
22661,5251.659371028755
22662,6105.54272737628
22663,6105.54272737628
22664,6105.54272737628
22665,6105.54272737628
22666,6105.54272737628
22667,5416.52579161751
22668,6105.54272737628
22669,5187.334323022757
22670,5310.361126120411
22671,6105.54272737628
22672,7003.4483098119745
22673,6961.301638795901
22674,6105.54272737628
22675,5310.361126120411
22676,6105.54272737628
22677,5425.788337188758
22678,5373.803382733809
22679,6105.54272737628
22680,6105.54272737628
22681,6105.54272737628
22682,6105.54272737628
22683,5251.659371028755
22684,5450.512847831585
22685,6105.54272737628
22686,5905.958900114833
22687,6105.54272737628
22688,6105.54272737628
22689,6105.54272737628
22690,6105.54272737628
22691,5905.958900114833
22692,4816.885334026955
22693,6105.54272737628
22694,7003.4483098119745
22695,5425.788337188758
22696,5310.361126120411
22697,6105.54272737628
22698,7003.4483098119745
22699,5251.659371028755
22700,4648.133953521635
22701,6105.54272737628
22702,5450.512847831585
22703,5373.803382733809
22704,6105.54272737628
22705,6105.54272737628
22706,6105.54272737628
22707,6105.54272737628
22708,6105.54272737628
22709,5373.803382733809
22710,6105.54272737628
22711,6105.54272737628
22712,4816.885334026955
22713,6105.54272737628
22714,5425.788337188758
22715,5187.334323022757
22716,6105.54272737628
22717,6105.54272737628
22718,6105.54272737628
22719,5310.361126120411
22720,7003.4483098119745
22721,5898.356305707557
22722,4816.885334026955
22723,6105.54272737628
22724,5450.512847831585
22725,6105.54272737628
22726,5251.659371028755
22727,6105.54272737628
22728,7003.4483098119745
22729,5187.334323022757
22730,6105.54272737628
22731,5373.803382733809
22732,6105.54272737628
22733,5416.52579161751
22734,7003.4483098119745
22735,6105.54272737628
22736,6105.54272737628
22737,5450.512847831585
22738,6105.54272737628
22739,6105.54272737628
22740,6105.54272737628
22741,6105.54272737628
22742,6489.527860784833
22743,5373.803382733809
22744,6105.54272737628
22745,6105.54272737628
22746,5450.512847831585
22747,5187.334323022757
22748,6105.54272737628
22749,6105.54272737628
22750,6105.54272737628
22751,4648.133953521635
22752,5373.803382733809
22753,5425.788337188758
22754,4816.885334026955
22755,5416.52579161751
22756,6105.54272737628
22757,6105.54272737628
22758,7003.4483098119745
22759,6105.54272737628
22760,5416.52579161751
22761,5298.921872414424
22762,5450.512847831585
22763,5905.958900114833
22764,5251.659371028755
22765,6105.54272737628
22766,7003.4483098119745
22767,6105.54272737628
22768,6105.54272737628
22769,6105.54272737628
22770,4816.885334026955
22771,5898.356305707557
22772,6105.54272737628
22773,5187.334323022757
22774,5416.52579161751
22775,7243.813980510196
22776,5298.921872414424
22777,5187.334323022757
22778,4816.885334026955
22779,6105.54272737628
22780,5416.52579161751
22781,7003.4483098119745
22782,5373.803382733809
22783,5310.361126120411
22784,6105.54272737628
22785,5251.659371028755
22786,6105.54272737628
22787,6105.54272737628
22788,6105.54272737628
22789,5251.659371028755
22790,6105.54272737628
22791,7003.4483098119745
22792,7003.4483098119745
22793,5310.361126120411
22794,6105.54272737628
22795,7003.4483098119745
22796,5298.921872414424
22797,4636.949618483758
22798,4816.885334026955
22799,5416.52579161751
22800,6105.54272737628
22801,5425.788337188758
22802,5905.958900114833
22803,6105.54272737628
22804,4816.885334026955
22805,5298.921872414424
22806,5416.52579161751
22807,5905.958900114833
22808,5905.958900114833
22809,6105.54272737628
22810,7003.4483098119745
22811,6105.54272737628
22812,5416.52579161751
22813,4816.885334026955
22814,6105.54272737628
22815,6105.54272737628
22816,5298.921872414424
22817,6105.54272737628
22818,6105.54272737628
22819,6105.54272737628
22820,4816.885334026955
22821,6105.54272737628
22822,5905.958900114833
22823,6105.54272737628
22824,6105.54272737628
22825,4648.133953521635
22826,4816.885334026955
22827,5187.334323022757
22828,6105.54272737628
22829,6105.54272737628
22830,6105.54272737628
22831,6105.54272737628
22832,6105.54272737628
22833,7003.4483098119745
22834,5373.803382733809
22835,4816.885334026955
22836,4816.885334026955
22837,4816.885334026955
22838,6105.54272737628
22839,5187.334323022757
22840,5373.803382733809
22841,7003.4483098119745
22842,6105.54272737628
22843,6105.54272737628
22844,5187.334323022757
22845,5905.958900114833
22846,6105.54272737628
22847,5905.958900114833
22848,5251.659371028755
22849,6105.54272737628
22850,6105.54272737628
22851,6105.54272737628
22852,6961.301638795901
22853,6105.54272737628
22854,6105.54272737628
22855,6105.54272737628
22856,6105.54272737628
22857,6105.54272737628
22858,6105.54272737628
22859,4816.885334026955
22860,5905.958900114833
22861,7003.4483098119745
22862,5310.361126120411
22863,5905.958900114833
22864,5187.334323022757
22865,6105.54272737628
22866,6105.54272737628
22867,6105.54272737628
22868,5425.788337188758
22869,6105.54272737628
22870,5373.803382733809
22871,6105.54272737628
22872,7003.4483098119745
22873,6105.54272737628
22874,6105.54272737628
22875,6105.54272737628
22876,6105.54272737628
22877,5905.958900114833
22878,5310.361126120411
22879,5905.958900114833
22880,5395.163885864966
22881,6105.54272737628
22882,6105.54272737628
22883,6105.54272737628
22884,6105.54272737628
22885,6105.54272737628
22886,7003.4483098119745
22887,6105.54272737628
22888,5373.803382733809
22889,6105.54272737628
22890,7003.4483098119745
22891,6961.301638795901
22892,6105.54272737628
22893,6105.54272737628
22894,7003.4483098119745
22895,6105.54272737628
22896,6105.54272737628
22897,6105.54272737628
22898,5416.52579161751
22899,5373.803382733809
22900,5905.958900114833
22901,6105.54272737628
22902,6105.54272737628
22903,6105.54272737628
22904,5425.788337188758
22905,4816.885334026955
22906,5251.659371028755
22907,5187.334323022757
22908,4816.885334026955
22909,6105.54272737628
22910,5187.334323022757
22911,5870.995293277418
22912,4816.885334026955
22913,6105.54272737628
22914,5416.52579161751
22915,6105.54272737628
22916,6489.527860784833
22917,7003.4483098119745
22918,6105.54272737628
22919,6105.54272737628
22920,4816.885334026955
22921,4816.885334026955
22922,6105.54272737628
22923,5416.52579161751
22924,6105.54272737628
22925,5298.921872414424
22926,6105.54272737628
22927,5905.958900114833
22928,6105.54272737628
22929,6489.527860784833
22930,6105.54272737628
22931,5425.788337188758
22932,6105.54272737628
22933,5298.921872414424
22934,6105.54272737628
22935,5187.334323022757
22936,6105.54272737628
22937,6105.54272737628
22938,6105.54272737628
22939,6105.54272737628
22940,6105.54272737628
22941,5251.659371028755
22942,5373.803382733809
22943,4816.885334026955
22944,5187.334323022757
22945,5310.361126120411
22946,6105.54272737628
22947,6105.54272737628
22948,6105.54272737628
22949,5298.921872414424
22950,7003.4483098119745
22951,6105.54272737628
22952,7003.4483098119745
22953,6105.54272737628
22954,4816.885334026955
22955,6105.54272737628
22956,6105.54272737628
22957,6105.54272737628
22958,5251.659371028755
22959,5416.52579161751
22960,6105.54272737628
22961,6105.54272737628
22962,6105.54272737628
22963,6105.54272737628
22964,7003.4483098119745
22965,6105.54272737628
22966,6105.54272737628
22967,5416.52579161751
22968,7003.4483098119745
22969,6105.54272737628
22970,5310.361126120411
22971,5310.361126120411
22972,5450.512847831585
22973,6105.54272737628
22974,5187.334323022757
22975,6105.54272737628
22976,6105.54272737628
22977,5310.361126120411
22978,5450.512847831585
22979,4816.885334026955
22980,6105.54272737628
22981,6105.54272737628
22982,5905.958900114833
22983,6105.54272737628
22984,6105.54272737628
22985,5187.334323022757
22986,5425.788337188758
22987,6105.54272737628
22988,6105.54272737628
22989,6105.54272737628
22990,4816.885334026955
22991,5450.512847831585
22992,6105.54272737628
22993,6105.54272737628
22994,7003.4483098119745
22995,6105.54272737628
22996,5905.958900114833
22997,4648.133953521635
22998,5425.788337188758
22999,5187.334323022757
23000,6105.54272737628
23001,6105.54272737628
23002,5298.921872414424
23003,6105.54272737628
23004,6105.54272737628
23005,4648.133953521635
23006,5905.958900114833
23007,5251.659371028755
23008,5203.982747925428
23009,7003.4483098119745
23010,4816.885334026955
23011,6105.54272737628
23012,5450.512847831585
23013,6105.54272737628
23014,5310.361126120411
23015,5310.361126120411
23016,5450.512847831585
23017,5425.788337188758
23018,6105.54272737628
23019,7003.4483098119745
23020,6105.54272737628
23021,6105.54272737628
23022,5310.361126120411
23023,5251.659371028755
23024,5298.921872414424
23025,7003.4483098119745
23026,4636.949618483758
23027,5898.356305707557
23028,6105.54272737628
23029,6105.54272737628
23030,6105.54272737628
23031,5905.958900114833
23032,5425.788337188758
23033,5425.788337188758
23034,7243.813980510196
23035,5187.334323022757
23036,5187.334323022757
23037,5898.356305707557
23038,5373.803382733809
23039,5450.512847831585
23040,6105.54272737628
23041,6105.54272737628
23042,6105.54272737628
23043,6105.54272737628
23044,6961.301638795901
23045,7003.4483098119745
23046,5187.334323022757
23047,6105.54272737628
23048,4648.133953521635
23049,6105.54272737628
23050,6105.54272737628
23051,6105.54272737628
23052,5905.958900114833
23053,7003.4483098119745
23054,5187.334323022757
23055,5450.512847831585
23056,6105.54272737628
23057,5416.52579161751
23058,7003.4483098119745
23059,4816.885334026955
23060,5898.356305707557
23061,5310.361126120411
23062,5187.334323022757
23063,6105.54272737628
23064,5416.52579161751
23065,7003.4483098119745
23066,6105.54272737628
23067,5373.803382733809
23068,6105.54272737628
23069,5187.334323022757
23070,6105.54272737628
23071,7003.4483098119745
23072,6105.54272737628
23073,6105.54272737628
23074,5373.803382733809
23075,6105.54272737628
23076,6105.54272737628
23077,5298.921872414424
23078,6105.54272737628
23079,5373.803382733809
23080,5298.921872414424
23081,5395.163885864966
23082,5310.361126120411
23083,5373.803382733809
23084,7003.4483098119745
23085,5251.659371028755
23086,7003.4483098119745
23087,5298.921872414424
23088,5450.512847831585
23089,5425.788337188758
23090,6105.54272737628
23091,4636.949618483758
23092,6105.54272737628
23093,6105.54272737628
23094,7003.4483098119745
23095,7003.4483098119745
23096,5905.958900114833
23097,6105.54272737628
23098,4816.885334026955
23099,4816.885334026955
23100,6105.54272737628
23101,7003.4483098119745
23102,5298.921872414424
23103,4816.885334026955
23104,5298.921872414424
23105,5187.334323022757
23106,5450.512847831585
23107,6105.54272737628
23108,5187.334323022757
23109,6105.54272737628
23110,6105.54272737628
23111,6105.54272737628
23112,6105.54272737628
23113,7481.7889189224625
23114,6645.583056336295
23115,7481.7889189224625
23116,7481.7889189224625
23117,7481.7889189224625
23118,7481.7889189224625
23119,6172.6083823910685
23120,6714.632627467657
23121,6681.541619917508
23122,7435.16696561688
23123,6645.583056336295
23124,7481.7889189224625
23125,7481.7889189224625
23126,7435.16696561688
23127,6681.541619917508
23128,7481.7889189224625
23129,7481.7889189224625
23130,7435.16696561688
23131,7481.7889189224625
23132,6527.615851394989
23133,7481.7889189224625
23134,6879.117029708944
23135,7481.7889189224625
23136,6681.541619917508
23137,7481.7889189224625
23138,6172.6083823910685
23139,7435.16696561688
23140,7481.7889189224625
23141,6708.322746049841
23142,6681.541619917508
23143,6708.322746049841
23144,7435.16696561688
23145,7872.425276795708
23146,7481.7889189224625
23147,6645.583056336295
23148,6645.583056336295
23149,7481.7889189224625
23150,7481.7889189224625
23151,7481.7889189224625
23152,7122.966809306028
23153,8223.28025442774
23154,7481.7889189224625
23155,6879.117029708944
23156,6617.059359214444
23157,6172.6083823910685
23158,7481.7889189224625
23159,7153.031811788531
23160,6645.583056336295
23161,7872.425276795708
23162,7481.7889189224625
23163,6341.083589628085
23164,7435.16696561688
23165,7481.7889189224625
23166,7872.425276795708
23167,6714.632627467657
23168,7481.7889189224625
23169,7481.7889189224625
23170,7481.7889189224625
23171,7481.7889189224625
23172,6879.117029708944
23173,7481.7889189224625
23174,7481.7889189224625
23175,7435.16696561688
23176,7872.425276795708
23177,7481.7889189224625
23178,7481.7889189224625
23179,6708.322746049841
23180,7435.16696561688
23181,7481.7889189224625
23182,6341.083589628085
23183,6681.541619917508
23184,6645.583056336295
23185,7481.7889189224625
23186,6172.6083823910685
23187,7481.7889189224625
23188,7481.7889189224625
23189,7481.7889189224625
23190,6879.117029708944
23191,6892.278835149146
23192,7481.7889189224625
23193,7481.7889189224625
23194,7481.7889189224625
23195,7481.7889189224625
23196,7872.425276795708
23197,7481.7889189224625
23198,7481.7889189224625
23199,7435.16696561688
23200,7481.7889189224625
23201,7481.7889189224625
23202,7481.7889189224625
23203,7872.425276795708
23204,7481.7889189224625
23205,7481.7889189224625
23206,7153.031811788531
23207,6714.632627467657
23208,6172.6083823910685
23209,6645.583056336295
23210,6714.632627467657
23211,7481.7889189224625
23212,6617.059359214444
23213,6172.6083823910685
23214,7481.7889189224625
23215,7435.16696561688
23216,6645.583056336295
23217,6172.6083823910685
23218,7481.7889189224625
23219,7481.7889189224625
23220,7481.7889189224625
23221,7481.7889189224625
23222,6681.541619917508
23223,8448.59351057833
23224,7481.7889189224625
23225,6645.583056336295
23226,7481.7889189224625
23227,7481.7889189224625
23228,7153.031811788531
23229,7481.7889189224625
23230,6341.083589628085
23231,7481.7889189224625
23232,6708.322746049841
23233,7481.7889189224625
23234,7481.7889189224625
23235,7481.7889189224625
23236,6714.632627467657
23237,6714.632627467657
23238,6714.632627467657
23239,6708.322746049841
23240,7481.7889189224625
23241,7153.031811788531
23242,6645.583056336295
23243,7481.7889189224625
23244,7435.16696561688
23245,7481.7889189224625
23246,7481.7889189224625
23247,7481.7889189224625
23248,7481.7889189224625
23249,7481.7889189224625
23250,6645.583056336295
23251,7122.966809306028
23252,7481.7889189224625
23253,7481.7889189224625
23254,7435.16696561688
23255,7481.7889189224625
23256,7153.031811788531
23257,7481.7889189224625
23258,7435.16696561688
23259,7435.16696561688
23260,7435.16696561688
23261,7481.7889189224625
23262,6527.615851394989
23263,7481.7889189224625
23264,7481.7889189224625
23265,6645.583056336295
23266,7481.7889189224625
23267,7153.031811788531
23268,7481.7889189224625
23269,7435.16696561688
23270,6645.583056336295
23271,7481.7889189224625
23272,6708.322746049841
23273,6527.615851394989
23274,7481.7889189224625
23275,6172.6083823910685
23276,6879.117029708944
23277,6681.541619917508
23278,6681.541619917508
23279,7481.7889189224625
23280,7122.966809306028
23281,7481.7889189224625
23282,7481.7889189224625
23283,7481.7889189224625
23284,6172.6083823910685
23285,7481.7889189224625
23286,7481.7889189224625
23287,7153.031811788531
23288,6645.583056336295
23289,7481.7889189224625
23290,8223.28025442774
23291,7481.7889189224625
23292,7481.7889189224625
23293,7872.425276795708
23294,6681.541619917508
23295,7481.7889189224625
23296,7481.7889189224625
23297,6645.583056336295
23298,6527.615851394989
23299,6172.6083823910685
23300,7481.7889189224625
23301,7481.7889189224625
23302,6527.615851394989
23303,7435.16696561688
23304,7481.7889189224625
23305,7153.031811788531
23306,7481.7889189224625
23307,6527.615851394989
23308,6527.615851394989
23309,6172.6083823910685
23310,6341.083589628085
23311,6879.117029708944
23312,7872.425276795708
23313,7481.7889189224625
23314,7481.7889189224625
23315,7435.16696561688
23316,6645.583056336295
23317,7481.7889189224625
23318,7481.7889189224625
23319,7481.7889189224625
23320,6645.583056336295
23321,7481.7889189224625
23322,6879.117029708944
23323,7435.16696561688
23324,6708.322746049841
23325,7481.7889189224625
23326,7435.16696561688
23327,6879.117029708944
23328,7481.7889189224625
23329,7435.16696561688
23330,7435.16696561688
23331,7481.7889189224625
23332,7435.16696561688
23333,6645.583056336295
23334,7481.7889189224625
23335,7481.7889189224625
23336,7481.7889189224625
23337,6122.369545631842
23338,6681.541619917508
23339,7481.7889189224625
23340,7481.7889189224625
23341,7481.7889189224625
23342,6172.6083823910685
23343,7481.7889189224625
23344,7122.966809306028
23345,7153.031811788531
23346,7481.7889189224625
23347,6708.322746049841
23348,7435.16696561688
23349,6714.632627467657
23350,7872.425276795708
23351,6879.117029708944
23352,7481.7889189224625
23353,7481.7889189224625
23354,6708.322746049841
23355,7481.7889189224625
23356,7481.7889189224625
23357,6645.583056336295
23358,6617.059359214444
23359,7481.7889189224625
23360,6527.615851394989
23361,7481.7889189224625
23362,6708.322746049841
23363,7481.7889189224625
23364,7481.7889189224625
23365,7481.7889189224625
23366,6645.583056336295
23367,7481.7889189224625
23368,7153.031811788531
23369,6708.322746049841
23370,7481.7889189224625
23371,6681.541619917508
23372,7872.425276795708
23373,6879.117029708944
23374,7481.7889189224625
23375,7481.7889189224625
23376,7435.16696561688
23377,6645.583056336295
23378,6645.583056336295
23379,7481.7889189224625
23380,7481.7889189224625
23381,7481.7889189224625
23382,7481.7889189224625
23383,6645.583056336295
23384,6527.615851394989
23385,7435.16696561688
23386,6645.583056336295
23387,7481.7889189224625
23388,7481.7889189224625
23389,7481.7889189224625
23390,7481.7889189224625
23391,7481.7889189224625
23392,7481.7889189224625
23393,6879.117029708944
23394,6681.541619917508
23395,7481.7889189224625
23396,6681.541619917508
23397,7481.7889189224625
23398,6708.322746049841
23399,6681.541619917508
23400,7153.031811788531
23401,7481.7889189224625
23402,7153.031811788531
23403,7481.7889189224625
23404,7481.7889189224625
23405,6879.117029708944
23406,7481.7889189224625
23407,7481.7889189224625
23408,6708.322746049841
23409,6122.369545631842
23410,7481.7889189224625
23411,7481.7889189224625
23412,6708.322746049841
23413,7481.7889189224625
23414,7481.7889189224625
23415,7481.7889189224625
23416,7481.7889189224625
23417,6617.059359214444
23418,6172.6083823910685
23419,7435.16696561688
23420,7481.7889189224625
23421,6879.117029708944
23422,6645.583056336295
23423,6879.117029708944
23424,6645.583056336295
23425,6681.541619917508
23426,6172.6083823910685
23427,7481.7889189224625
23428,7481.7889189224625
23429,8223.28025442774
23430,7481.7889189224625
23431,6172.6083823910685
23432,7481.7889189224625
23433,7481.7889189224625
23434,6879.117029708944
23435,6617.059359214444
23436,6617.059359214444
23437,6341.083589628085
23438,7481.7889189224625
23439,7435.16696561688
23440,7481.7889189224625
23441,7481.7889189224625
23442,6714.632627467657
23443,6892.278835149146
23444,6708.322746049841
23445,7481.7889189224625
23446,7481.7889189224625
23447,7481.7889189224625
23448,7481.7889189224625
23449,7435.16696561688
23450,7481.7889189224625
23451,6681.541619917508
23452,7481.7889189224625
23453,6681.541619917508
23454,7481.7889189224625
23455,6708.322746049841
23456,7481.7889189224625
23457,7481.7889189224625
23458,7872.425276795708
23459,6879.117029708944
23460,6714.632627467657
23461,6527.615851394989
23462,7481.7889189224625
23463,7481.7889189224625
23464,7481.7889189224625
23465,6708.322746049841
23466,7481.7889189224625
23467,6527.615851394989
23468,7435.16696561688
23469,7481.7889189224625
23470,7481.7889189224625
23471,7481.7889189224625
23472,7481.7889189224625
23473,7481.7889189224625
23474,7481.7889189224625
23475,6681.541619917508
23476,7481.7889189224625
23477,7481.7889189224625
23478,7481.7889189224625
23479,6341.083589628085
23480,6681.541619917508
23481,7481.7889189224625
23482,7481.7889189224625
23483,6708.322746049841
23484,7435.16696561688
23485,7481.7889189224625
23486,7435.16696561688
23487,7481.7889189224625
23488,7435.16696561688
23489,6645.583056336295
23490,7872.425276795708
23491,7481.7889189224625
23492,7435.16696561688
23493,6527.615851394989
23494,6527.615851394989
23495,7481.7889189224625
23496,7872.425276795708
23497,7481.7889189224625
23498,6527.615851394989
23499,7153.031811788531
23500,7872.425276795708
23501,7435.16696561688
23502,7872.425276795708
23503,7481.7889189224625
23504,7481.7889189224625
23505,6527.615851394989
23506,6617.059359214444
23507,7122.966809306028
23508,6341.083589628085
23509,7481.7889189224625
23510,6714.632627467657
23511,6172.6083823910685
23512,7435.16696561688
23513,8448.59351057833
23514,7122.966809306028
23515,7481.7889189224625
23516,7481.7889189224625
23517,7872.425276795708
23518,7481.7889189224625
23519,7481.7889189224625
23520,7481.7889189224625
23521,7481.7889189224625
23522,7481.7889189224625
23523,6681.541619917508
23524,7481.7889189224625
23525,6708.322746049841
23526,6172.6083823910685
23527,7481.7889189224625
23528,7435.16696561688
23529,8448.59351057833
23530,7481.7889189224625
23531,6172.6083823910685
23532,7481.7889189224625
23533,7153.031811788531
23534,6341.083589628085
23535,7481.7889189224625
23536,7481.7889189224625
23537,7481.7889189224625
23538,7481.7889189224625
23539,7872.425276795708
23540,6714.632627467657
23541,7481.7889189224625
23542,6879.117029708944
23543,7481.7889189224625
23544,7481.7889189224625
23545,7481.7889189224625
23546,7481.7889189224625
23547,6879.117029708944
23548,6645.583056336295
23549,7481.7889189224625
23550,7435.16696561688
23551,7153.031811788531
23552,6172.6083823910685
23553,7481.7889189224625
23554,7435.16696561688
23555,7872.425276795708
23556,6122.369545631842
23557,7481.7889189224625
23558,6714.632627467657
23559,6341.083589628085
23560,7481.7889189224625
23561,7481.7889189224625
23562,7481.7889189224625
23563,7481.7889189224625
23564,7481.7889189224625
23565,6341.083589628085
23566,7481.7889189224625
23567,7481.7889189224625
23568,6645.583056336295
23569,7481.7889189224625
23570,7153.031811788531
23571,6708.322746049841
23572,7481.7889189224625
23573,7481.7889189224625
23574,7481.7889189224625
23575,6172.6083823910685
23576,7435.16696561688
23577,7122.966809306028
23578,6645.583056336295
23579,7481.7889189224625
23580,6714.632627467657
23581,7481.7889189224625
23582,7872.425276795708
23583,7481.7889189224625
23584,7435.16696561688
23585,6708.322746049841
23586,7481.7889189224625
23587,6341.083589628085
23588,7481.7889189224625
23589,6681.541619917508
23590,7435.16696561688
23591,7481.7889189224625
23592,7481.7889189224625
23593,6714.632627467657
23594,7481.7889189224625
23595,7481.7889189224625
23596,7481.7889189224625
23597,7481.7889189224625
23598,6892.278835149146
23599,6341.083589628085
23600,7481.7889189224625
23601,7481.7889189224625
23602,6714.632627467657
23603,6708.322746049841
23604,7481.7889189224625
23605,7481.7889189224625
23606,7481.7889189224625
23607,6122.369545631842
23608,6341.083589628085
23609,7153.031811788531
23610,6645.583056336295
23611,6681.541619917508
23612,7481.7889189224625
23613,7481.7889189224625
23614,7435.16696561688
23615,7481.7889189224625
23616,6681.541619917508
23617,6527.615851394989
23618,6714.632627467657
23619,6879.117029708944
23620,7872.425276795708
23621,7481.7889189224625
23622,7435.16696561688
23623,7481.7889189224625
23624,7481.7889189224625
23625,7481.7889189224625
23626,6645.583056336295
23627,7122.966809306028
23628,7481.7889189224625
23629,6708.322746049841
23630,6681.541619917508
23631,8223.28025442774
23632,6527.615851394989
23633,6708.322746049841
23634,6645.583056336295
23635,7481.7889189224625
23636,6681.541619917508
23637,7435.16696561688
23638,6341.083589628085
23639,6172.6083823910685
23640,7481.7889189224625
23641,7872.425276795708
23642,7481.7889189224625
23643,7481.7889189224625
23644,7481.7889189224625
23645,7872.425276795708
23646,7481.7889189224625
23647,7435.16696561688
23648,7435.16696561688
23649,6172.6083823910685
23650,7481.7889189224625
23651,7435.16696561688
23652,6527.615851394989
23653,6617.059359214444
23654,6645.583056336295
23655,6681.541619917508
23656,7481.7889189224625
23657,7153.031811788531
23658,6879.117029708944
23659,7481.7889189224625
23660,6645.583056336295
23661,6527.615851394989
23662,6681.541619917508
23663,6879.117029708944
23664,6879.117029708944
23665,7481.7889189224625
23666,7435.16696561688
23667,7481.7889189224625
23668,6681.541619917508
23669,6645.583056336295
23670,7481.7889189224625
23671,7481.7889189224625
23672,6527.615851394989
23673,7481.7889189224625
23674,7481.7889189224625
23675,7481.7889189224625
23676,6645.583056336295
23677,7481.7889189224625
23678,6879.117029708944
23679,7481.7889189224625
23680,7481.7889189224625
23681,6122.369545631842
23682,6645.583056336295
23683,6708.322746049841
23684,7481.7889189224625
23685,7481.7889189224625
23686,7481.7889189224625
23687,7481.7889189224625
23688,7481.7889189224625
23689,7435.16696561688
23690,6341.083589628085
23691,6645.583056336295
23692,6645.583056336295
23693,6645.583056336295
23694,7481.7889189224625
23695,6708.322746049841
23696,6341.083589628085
23697,7435.16696561688
23698,7481.7889189224625
23699,7481.7889189224625
23700,6708.322746049841
23701,6879.117029708944
23702,7481.7889189224625
23703,6879.117029708944
23704,7872.425276795708
23705,7481.7889189224625
23706,7481.7889189224625
23707,7481.7889189224625
23708,8448.59351057833
23709,7481.7889189224625
23710,7481.7889189224625
23711,7481.7889189224625
23712,7481.7889189224625
23713,7481.7889189224625
23714,7481.7889189224625
23715,6645.583056336295
23716,6879.117029708944
23717,7435.16696561688
23718,6172.6083823910685
23719,6879.117029708944
23720,6708.322746049841
23721,7481.7889189224625
23722,7481.7889189224625
23723,7481.7889189224625
23724,7153.031811788531
23725,7481.7889189224625
23726,6341.083589628085
23727,7481.7889189224625
23728,7435.16696561688
23729,7481.7889189224625
23730,7481.7889189224625
23731,7481.7889189224625
23732,7481.7889189224625
23733,6879.117029708944
23734,6172.6083823910685
23735,6879.117029708944
23736,6681.541619917508
23737,7481.7889189224625
23738,7481.7889189224625
23739,7481.7889189224625
23740,7481.7889189224625
23741,7481.7889189224625
23742,7435.16696561688
23743,7481.7889189224625
23744,6341.083589628085
23745,7481.7889189224625
23746,7435.16696561688
23747,8448.59351057833
23748,7481.7889189224625
23749,7481.7889189224625
23750,7435.16696561688
23751,7481.7889189224625
23752,7481.7889189224625
23753,7481.7889189224625
23754,6681.541619917508
23755,6341.083589628085
23756,6879.117029708944
23757,7481.7889189224625
23758,7481.7889189224625
23759,7481.7889189224625
23760,7153.031811788531
23761,6645.583056336295
23762,7872.425276795708
23763,6708.322746049841
23764,6645.583056336295
23765,7481.7889189224625
23766,6708.322746049841
23767,6400.121861411011
23768,6645.583056336295
23769,7481.7889189224625
23770,6681.541619917508
23771,7481.7889189224625
23772,6892.278835149146
23773,7435.16696561688
23774,7481.7889189224625
23775,7481.7889189224625
23776,6645.583056336295
23777,6645.583056336295
23778,7481.7889189224625
23779,6681.541619917508
23780,7481.7889189224625
23781,6527.615851394989
23782,7481.7889189224625
23783,6879.117029708944
23784,7481.7889189224625
23785,6892.278835149146
23786,7481.7889189224625
23787,7153.031811788531
23788,7481.7889189224625
23789,6527.615851394989
23790,7481.7889189224625
23791,6708.322746049841
23792,7481.7889189224625
23793,7481.7889189224625
23794,7481.7889189224625
23795,7481.7889189224625
23796,7481.7889189224625
23797,7872.425276795708
23798,6341.083589628085
23799,6645.583056336295
23800,6708.322746049841
23801,6172.6083823910685
23802,7481.7889189224625
23803,7481.7889189224625
23804,7481.7889189224625
23805,6527.615851394989
23806,7435.16696561688
23807,7481.7889189224625
23808,7435.16696561688
23809,7481.7889189224625
23810,6645.583056336295
23811,7481.7889189224625
23812,7481.7889189224625
23813,7481.7889189224625
23814,7872.425276795708
23815,6681.541619917508
23816,7481.7889189224625
23817,7481.7889189224625
23818,7481.7889189224625
23819,7481.7889189224625
23820,7435.16696561688
23821,7481.7889189224625
23822,7481.7889189224625
23823,6681.541619917508
23824,7435.16696561688
23825,7481.7889189224625
23826,6172.6083823910685
23827,6172.6083823910685
23828,6714.632627467657
23829,7481.7889189224625
23830,6708.322746049841
23831,7481.7889189224625
23832,7481.7889189224625
23833,6172.6083823910685
23834,6714.632627467657
23835,6645.583056336295
23836,7481.7889189224625
23837,7481.7889189224625
23838,6879.117029708944
23839,7481.7889189224625
23840,7481.7889189224625
23841,6708.322746049841
23842,7153.031811788531
23843,7481.7889189224625
23844,7481.7889189224625
23845,7481.7889189224625
23846,6645.583056336295
23847,6714.632627467657
23848,7481.7889189224625
23849,7481.7889189224625
23850,7435.16696561688
23851,7481.7889189224625
23852,6879.117029708944
23853,6122.369545631842
23854,7153.031811788531
23855,6708.322746049841
23856,7481.7889189224625
23857,7481.7889189224625
23858,6527.615851394989
23859,7481.7889189224625
23860,7481.7889189224625
23861,6122.369545631842
23862,6879.117029708944
23863,7872.425276795708
23864,6690.2469654119495
23865,7435.16696561688
23866,6645.583056336295
23867,7481.7889189224625
23868,6714.632627467657
23869,7481.7889189224625
23870,6172.6083823910685
23871,6172.6083823910685
23872,6714.632627467657
23873,7153.031811788531
23874,7481.7889189224625
23875,7435.16696561688
23876,7481.7889189224625
23877,7481.7889189224625
23878,6172.6083823910685
23879,7872.425276795708
23880,6527.615851394989
23881,7435.16696561688
23882,6617.059359214444
23883,7122.966809306028
23884,7481.7889189224625
23885,7481.7889189224625
23886,7481.7889189224625
23887,6879.117029708944
23888,7153.031811788531
23889,7153.031811788531
23890,8223.28025442774
23891,6708.322746049841
23892,6708.322746049841
23893,7122.966809306028
23894,6341.083589628085
23895,6714.632627467657
23896,7481.7889189224625
23897,7481.7889189224625
23898,7481.7889189224625
23899,7481.7889189224625
23900,8448.59351057833
23901,7435.16696561688
23902,6708.322746049841
23903,7481.7889189224625
23904,6122.369545631842
23905,7481.7889189224625
23906,7481.7889189224625
23907,7481.7889189224625
23908,6879.117029708944
23909,7435.16696561688
23910,6708.322746049841
23911,6714.632627467657
23912,7481.7889189224625
23913,6681.541619917508
23914,7435.16696561688
23915,6645.583056336295
23916,7122.966809306028
23917,6172.6083823910685
23918,6708.322746049841
23919,7481.7889189224625
23920,6681.541619917508
23921,7435.16696561688
23922,7481.7889189224625
23923,6341.083589628085
23924,7481.7889189224625
23925,6708.322746049841
23926,7481.7889189224625
23927,7435.16696561688
23928,7481.7889189224625
23929,7481.7889189224625
23930,6341.083589628085
23931,7481.7889189224625
23932,7481.7889189224625
23933,6527.615851394989
23934,7481.7889189224625
23935,6341.083589628085
23936,6527.615851394989
23937,6681.541619917508
23938,6172.6083823910685
23939,6341.083589628085
23940,7435.16696561688
23941,7872.425276795708
23942,7435.16696561688
23943,6527.615851394989
23944,6714.632627467657
23945,7153.031811788531
23946,7481.7889189224625
23947,6617.059359214444
23948,7481.7889189224625
23949,7481.7889189224625
23950,7435.16696561688
23951,7435.16696561688
23952,6879.117029708944
23953,7481.7889189224625
23954,6645.583056336295
23955,6645.583056336295
23956,7481.7889189224625
23957,7435.16696561688
23958,6527.615851394989
23959,6645.583056336295
23960,6527.615851394989
23961,6708.322746049841
23962,6714.632627467657
23963,7481.7889189224625
23964,6708.322746049841
23965,7481.7889189224625
23966,7481.7889189224625
23967,7481.7889189224625
23968,7481.7889189224625
23969,7641.637340358977
23970,6735.419927415167
23971,7641.637340358977
23972,7641.637340358977
23973,7641.637340358977
23974,7641.637340358977
23975,6104.485566585327
23976,6771.863337631047
23977,6681.541619917508
23978,7435.16696561688
23979,6735.419927415167
23980,7641.637340358977
23981,7641.637340358977
23982,7435.16696561688
23983,6681.541619917508
23984,7641.637340358977
23985,7641.637340358977
23986,7435.16696561688
23987,7641.637340358977
23988,6559.671274435851
23989,7641.637340358977
23990,6870.260634433051
23991,7641.637340358977
23992,6681.541619917508
23993,7641.637340358977
23994,6104.485566585327
23995,7435.16696561688
23996,7641.637340358977
23997,6650.226288005765
23998,6681.541619917508
23999,6650.226288005765
24000,7435.16696561688
24001,7898.364114876265
24002,7641.637340358977
24003,6735.419927415167
24004,6735.419927415167
24005,7641.637340358977
24006,7641.637340358977
24007,7641.637340358977
24008,7038.304739594451
24009,8217.825638368104
24010,7641.637340358977
24011,6870.260634433051
24012,6558.962901170368
24013,6104.485566585327
24014,7641.637340358977
24015,7273.974486714983
24016,6735.419927415167
24017,7898.364114876265
24018,7641.637340358977
24019,6334.270137607572
24020,7435.16696561688
24021,7641.637340358977
24022,7898.364114876265
24023,6771.863337631047
24024,7641.637340358977
24025,7641.637340358977
24026,7641.637340358977
24027,7641.637340358977
24028,6870.260634433051
24029,7641.637340358977
24030,7641.637340358977
24031,7435.16696561688
24032,7898.364114876265
24033,7641.637340358977
24034,7641.637340358977
24035,6650.226288005765
24036,7435.16696561688
24037,7641.637340358977
24038,6334.270137607572
24039,6681.541619917508
24040,6735.419927415167
24041,7641.637340358977
24042,6104.485566585327
24043,7641.637340358977
24044,7641.637340358977
24045,7641.637340358977
24046,6870.260634433051
24047,6824.796478705884
24048,7641.637340358977
24049,7641.637340358977
24050,7641.637340358977
24051,7641.637340358977
24052,7898.364114876265
24053,7641.637340358977
24054,7641.637340358977
24055,7435.16696561688
24056,7641.637340358977
24057,7641.637340358977
24058,7641.637340358977
24059,7898.364114876265
24060,7641.637340358977
24061,7641.637340358977
24062,7273.974486714983
24063,6771.863337631047
24064,6104.485566585327
24065,6735.419927415167
24066,6771.863337631047
24067,7641.637340358977
24068,6558.962901170368
24069,6104.485566585327
24070,7641.637340358977
24071,7435.16696561688
24072,6735.419927415167
24073,6104.485566585327
24074,7641.637340358977
24075,7641.637340358977
24076,7641.637340358977
24077,7641.637340358977
24078,6681.541619917508
24079,8448.59351057833
24080,7641.637340358977
24081,6735.419927415167
24082,7641.637340358977
24083,7641.637340358977
24084,7273.974486714983
24085,7641.637340358977
24086,6334.270137607572
24087,7641.637340358977
24088,6650.226288005765
24089,7641.637340358977
24090,7641.637340358977
24091,7641.637340358977
24092,6771.863337631047
24093,6771.863337631047
24094,6771.863337631047
24095,6650.226288005765
24096,7641.637340358977
24097,7273.974486714983
24098,6735.419927415167
24099,7641.637340358977
24100,7435.16696561688
24101,7641.637340358977
24102,7641.637340358977
24103,7641.637340358977
24104,7641.637340358977
24105,7641.637340358977
24106,6735.419927415167
24107,7038.304739594451
24108,7641.637340358977
24109,7641.637340358977
24110,7435.16696561688
24111,7641.637340358977
24112,7273.974486714983
24113,7641.637340358977
24114,7435.16696561688
24115,7435.16696561688
24116,7435.16696561688
24117,7641.637340358977
24118,6559.671274435851
24119,7641.637340358977
24120,7641.637340358977
24121,6735.419927415167
24122,7641.637340358977
24123,7273.974486714983
24124,7641.637340358977
24125,7435.16696561688
24126,6735.419927415167
24127,7641.637340358977
24128,6650.226288005765
24129,6559.671274435851
24130,7641.637340358977
24131,6104.485566585327
24132,6870.260634433051
24133,6681.541619917508
24134,6681.541619917508
24135,7641.637340358977
24136,7038.304739594451
24137,7641.637340358977
24138,7641.637340358977
24139,7641.637340358977
24140,6104.485566585327
24141,7641.637340358977
24142,7641.637340358977
24143,7273.974486714983
24144,6735.419927415167
24145,7641.637340358977
24146,8217.825638368104
24147,7641.637340358977
24148,7641.637340358977
24149,7898.364114876265
24150,6681.541619917508
24151,7641.637340358977
24152,7641.637340358977
24153,6735.419927415167
24154,6559.671274435851
24155,6104.485566585327
24156,7641.637340358977
24157,7641.637340358977
24158,6559.671274435851
24159,7435.16696561688
24160,7641.637340358977
24161,7273.974486714983
24162,7641.637340358977
24163,6559.671274435851
24164,6559.671274435851
24165,6104.485566585327
24166,6334.270137607572
24167,6870.260634433051
24168,7898.364114876265
24169,7641.637340358977
24170,7641.637340358977
24171,7435.16696561688
24172,6735.419927415167
24173,7641.637340358977
24174,7641.637340358977
24175,7641.637340358977
24176,6735.419927415167
24177,7641.637340358977
24178,6870.260634433051
24179,7435.16696561688
24180,6650.226288005765
24181,7641.637340358977
24182,7435.16696561688
24183,6870.260634433051
24184,7641.637340358977
24185,7435.16696561688
24186,7435.16696561688
24187,7641.637340358977
24188,7435.16696561688
24189,6735.419927415167
24190,7641.637340358977
24191,7641.637340358977
24192,7641.637340358977
24193,6156.854672399497
24194,6681.541619917508
24195,7641.637340358977
24196,7641.637340358977
24197,7641.637340358977
24198,6104.485566585327
24199,7641.637340358977
24200,7038.304739594451
24201,7273.974486714983
24202,7641.637340358977
24203,6650.226288005765
24204,7435.16696561688
24205,6771.863337631047
24206,7898.364114876265
24207,6870.260634433051
24208,7641.637340358977
24209,7641.637340358977
24210,6650.226288005765
24211,7641.637340358977
24212,7641.637340358977
24213,6735.419927415167
24214,6558.962901170368
24215,7641.637340358977
24216,6559.671274435851
24217,7641.637340358977
24218,6650.226288005765
24219,7641.637340358977
24220,7641.637340358977
24221,7641.637340358977
24222,6735.419927415167
24223,7641.637340358977
24224,7273.974486714983
24225,6650.226288005765
24226,7641.637340358977
24227,6681.541619917508
24228,7898.364114876265
24229,6870.260634433051
24230,7641.637340358977
24231,7641.637340358977
24232,7435.16696561688
24233,6735.419927415167
24234,6735.419927415167
24235,7641.637340358977
24236,7641.637340358977
24237,7641.637340358977
24238,7641.637340358977
24239,6735.419927415167
24240,6559.671274435851
24241,7435.16696561688
24242,6735.419927415167
24243,7641.637340358977
24244,7641.637340358977
24245,7641.637340358977
24246,7641.637340358977
24247,7641.637340358977
24248,7641.637340358977
24249,6870.260634433051
24250,6681.541619917508
24251,7641.637340358977
24252,6681.541619917508
24253,7641.637340358977
24254,6650.226288005765
24255,6681.541619917508
24256,7273.974486714983
24257,7641.637340358977
24258,7273.974486714983
24259,7641.637340358977
24260,7641.637340358977
24261,6870.260634433051
24262,7641.637340358977
24263,7641.637340358977
24264,6650.226288005765
24265,6156.854672399497
24266,7641.637340358977
24267,7641.637340358977
24268,6650.226288005765
24269,7641.637340358977
24270,7641.637340358977
24271,7641.637340358977
24272,7641.637340358977
24273,6558.962901170368
24274,6104.485566585327
24275,7435.16696561688
24276,7641.637340358977
24277,6870.260634433051
24278,6735.419927415167
24279,6870.260634433051
24280,6735.419927415167
24281,6681.541619917508
24282,6104.485566585327
24283,7641.637340358977
24284,7641.637340358977
24285,8217.825638368104
24286,7641.637340358977
24287,6104.485566585327
24288,7641.637340358977
24289,7641.637340358977
24290,6870.260634433051
24291,6558.962901170368
24292,6558.962901170368
24293,6334.270137607572
24294,7641.637340358977
24295,7435.16696561688
24296,7641.637340358977
24297,7641.637340358977
24298,6771.863337631047
24299,6824.796478705884
24300,6650.226288005765
24301,7641.637340358977
24302,7641.637340358977
24303,7641.637340358977
24304,7641.637340358977
24305,7435.16696561688
24306,7641.637340358977
24307,6681.541619917508
24308,7641.637340358977
24309,6681.541619917508
24310,7641.637340358977
24311,6650.226288005765
24312,7641.637340358977
24313,7641.637340358977
24314,7898.364114876265
24315,6870.260634433051
24316,6771.863337631047
24317,6559.671274435851
24318,7641.637340358977
24319,7641.637340358977
24320,7641.637340358977
24321,6650.226288005765
24322,7641.637340358977
24323,6559.671274435851
24324,7435.16696561688
24325,7641.637340358977
24326,7641.637340358977
24327,7641.637340358977
24328,7641.637340358977
24329,7641.637340358977
24330,7641.637340358977
24331,6681.541619917508
24332,7641.637340358977
24333,7641.637340358977
24334,7641.637340358977
24335,6334.270137607572
24336,6681.541619917508
24337,7641.637340358977
24338,7641.637340358977
24339,6650.226288005765
24340,7435.16696561688
24341,7641.637340358977
24342,7435.16696561688
24343,7641.637340358977
24344,7435.16696561688
24345,6735.419927415167
24346,7898.364114876265
24347,7641.637340358977
24348,7435.16696561688
24349,6559.671274435851
24350,6559.671274435851
24351,7641.637340358977
24352,7898.364114876265
24353,7641.637340358977
24354,6559.671274435851
24355,7273.974486714983
24356,7898.364114876265
24357,7435.16696561688
24358,7898.364114876265
24359,7641.637340358977
24360,7641.637340358977
24361,6559.671274435851
24362,6558.962901170368
24363,7038.304739594451
24364,6334.270137607572
24365,7641.637340358977
24366,6771.863337631047
24367,6104.485566585327
24368,7435.16696561688
24369,8448.59351057833
24370,7038.304739594451
24371,7641.637340358977
24372,7641.637340358977
24373,7898.364114876265
24374,7641.637340358977
24375,7641.637340358977
24376,7641.637340358977
24377,7641.637340358977
24378,7641.637340358977
24379,6681.541619917508
24380,7641.637340358977
24381,6650.226288005765
24382,6104.485566585327
24383,7641.637340358977
24384,7435.16696561688
24385,8448.59351057833
24386,7641.637340358977
24387,6104.485566585327
24388,7641.637340358977
24389,7273.974486714983
24390,6334.270137607572
24391,7641.637340358977
24392,7641.637340358977
24393,7641.637340358977
24394,7641.637340358977
24395,7898.364114876265
24396,6771.863337631047
24397,7641.637340358977
24398,6870.260634433051
24399,7641.637340358977
24400,7641.637340358977
24401,7641.637340358977
24402,7641.637340358977
24403,6870.260634433051
24404,6735.419927415167
24405,7641.637340358977
24406,7435.16696561688
24407,7273.974486714983
24408,6104.485566585327
24409,7641.637340358977
24410,7435.16696561688
24411,7898.364114876265
24412,6156.854672399497
24413,7641.637340358977
24414,6771.863337631047
24415,6334.270137607572
24416,7641.637340358977
24417,7641.637340358977
24418,7641.637340358977
24419,7641.637340358977
24420,7641.637340358977
24421,6334.270137607572
24422,7641.637340358977
24423,7641.637340358977
24424,6735.419927415167
24425,7641.637340358977
24426,7273.974486714983
24427,6650.226288005765
24428,7641.637340358977
24429,7641.637340358977
24430,7641.637340358977
24431,6104.485566585327
24432,7435.16696561688
24433,7038.304739594451
24434,6735.419927415167
24435,7641.637340358977
24436,6771.863337631047
24437,7641.637340358977
24438,7898.364114876265
24439,7641.637340358977
24440,7435.16696561688
24441,6650.226288005765
24442,7641.637340358977
24443,6334.270137607572
24444,7641.637340358977
24445,6681.541619917508
24446,7435.16696561688
24447,7641.637340358977
24448,7641.637340358977
24449,6771.863337631047
24450,7641.637340358977
24451,7641.637340358977
24452,7641.637340358977
24453,7641.637340358977
24454,6824.796478705884
24455,6334.270137607572
24456,7641.637340358977
24457,7641.637340358977
24458,6771.863337631047
24459,6650.226288005765
24460,7641.637340358977
24461,7641.637340358977
24462,7641.637340358977
24463,6156.854672399497
24464,6334.270137607572
24465,7273.974486714983
24466,6735.419927415167
24467,6681.541619917508
24468,7641.637340358977
24469,7641.637340358977
24470,7435.16696561688
24471,7641.637340358977
24472,6681.541619917508
24473,6559.671274435851
24474,6771.863337631047
24475,6870.260634433051
24476,7898.364114876265
24477,7641.637340358977
24478,7435.16696561688
24479,7641.637340358977
24480,7641.637340358977
24481,7641.637340358977
24482,6735.419927415167
24483,7038.304739594451
24484,7641.637340358977
24485,6650.226288005765
24486,6681.541619917508
24487,8217.825638368104
24488,6559.671274435851
24489,6650.226288005765
24490,6735.419927415167
24491,7641.637340358977
24492,6681.541619917508
24493,7435.16696561688
24494,6334.270137607572
24495,6104.485566585327
24496,7641.637340358977
24497,7898.364114876265
24498,7641.637340358977
24499,7641.637340358977
24500,7641.637340358977
24501,7898.364114876265
24502,7641.637340358977
24503,7435.16696561688
24504,7435.16696561688
24505,6104.485566585327
24506,7641.637340358977
24507,7435.16696561688
24508,6559.671274435851
24509,6558.962901170368
24510,6735.419927415167
24511,6681.541619917508
24512,7641.637340358977
24513,7273.974486714983
24514,6870.260634433051
24515,7641.637340358977
24516,6735.419927415167
24517,6559.671274435851
24518,6681.541619917508
24519,6870.260634433051
24520,6870.260634433051
24521,7641.637340358977
24522,7435.16696561688
24523,7641.637340358977
24524,6681.541619917508
24525,6735.419927415167
24526,7641.637340358977
24527,7641.637340358977
24528,6559.671274435851
24529,7641.637340358977
24530,7641.637340358977
24531,7641.637340358977
24532,6735.419927415167
24533,7641.637340358977
24534,6870.260634433051
24535,7641.637340358977
24536,7641.637340358977
24537,6156.854672399497
24538,6735.419927415167
24539,6650.226288005765
24540,7641.637340358977
24541,7641.637340358977
24542,7641.637340358977
24543,7641.637340358977
24544,7641.637340358977
24545,7435.16696561688
24546,6334.270137607572
24547,6735.419927415167
24548,6735.419927415167
24549,6735.419927415167
24550,7641.637340358977
24551,6650.226288005765
24552,6334.270137607572
24553,7435.16696561688
24554,7641.637340358977
24555,7641.637340358977
24556,6650.226288005765
24557,6870.260634433051
24558,7641.637340358977
24559,6870.260634433051
24560,7898.364114876265
24561,7641.637340358977
24562,7641.637340358977
24563,7641.637340358977
24564,8448.59351057833
24565,7641.637340358977
24566,7641.637340358977
24567,7641.637340358977
24568,7641.637340358977
24569,7641.637340358977
24570,7641.637340358977
24571,6735.419927415167
24572,6870.260634433051
24573,7435.16696561688
24574,6104.485566585327
24575,6870.260634433051
24576,6650.226288005765
24577,7641.637340358977
24578,7641.637340358977
24579,7641.637340358977
24580,7273.974486714983
24581,7641.637340358977
24582,6334.270137607572
24583,7641.637340358977
24584,7435.16696561688
24585,7641.637340358977
24586,7641.637340358977
24587,7641.637340358977
24588,7641.637340358977
24589,6870.260634433051
24590,6104.485566585327
24591,6870.260634433051
24592,6681.541619917508
24593,7641.637340358977
24594,7641.637340358977
24595,7641.637340358977
24596,7641.637340358977
24597,7641.637340358977
24598,7435.16696561688
24599,7641.637340358977
24600,6334.270137607572
24601,7641.637340358977
24602,7435.16696561688
24603,8448.59351057833
24604,7641.637340358977
24605,7641.637340358977
24606,7435.16696561688
24607,7641.637340358977
24608,7641.637340358977
24609,7641.637340358977
24610,6681.541619917508
24611,6334.270137607572
24612,6870.260634433051
24613,7641.637340358977
24614,7641.637340358977
24615,7641.637340358977
24616,7273.974486714983
24617,6735.419927415167
24618,7898.364114876265
24619,6650.226288005765
24620,6735.419927415167
24621,7641.637340358977
24622,6650.226288005765
24623,6400.121861411011
24624,6735.419927415167
24625,7641.637340358977
24626,6681.541619917508
24627,7641.637340358977
24628,6824.796478705884
24629,7435.16696561688
24630,7641.637340358977
24631,7641.637340358977
24632,6735.419927415167
24633,6735.419927415167
24634,7641.637340358977
24635,6681.541619917508
24636,7641.637340358977
24637,6559.671274435851
24638,7641.637340358977
24639,6870.260634433051
24640,7641.637340358977
24641,6824.796478705884
24642,7641.637340358977
24643,7273.974486714983
24644,7641.637340358977
24645,6559.671274435851
24646,7641.637340358977
24647,6650.226288005765
24648,7641.637340358977
24649,7641.637340358977
24650,7641.637340358977
24651,7641.637340358977
24652,7641.637340358977
24653,7898.364114876265
24654,6334.270137607572
24655,6735.419927415167
24656,6650.226288005765
24657,6104.485566585327
24658,7641.637340358977
24659,7641.637340358977
24660,7641.637340358977
24661,6559.671274435851
24662,7435.16696561688
24663,7641.637340358977
24664,7435.16696561688
24665,7641.637340358977
24666,6735.419927415167
24667,7641.637340358977
24668,7641.637340358977
24669,7641.637340358977
24670,7898.364114876265
24671,6681.541619917508
24672,7641.637340358977
24673,7641.637340358977
24674,7641.637340358977
24675,7641.637340358977
24676,7435.16696561688
24677,7641.637340358977
24678,7641.637340358977
24679,6681.541619917508
24680,7435.16696561688
24681,7641.637340358977
24682,6104.485566585327
24683,6104.485566585327
24684,6771.863337631047
24685,7641.637340358977
24686,6650.226288005765
24687,7641.637340358977
24688,7641.637340358977
24689,6104.485566585327
24690,6771.863337631047
24691,6735.419927415167
24692,7641.637340358977
24693,7641.637340358977
24694,6870.260634433051
24695,7641.637340358977
24696,7641.637340358977
24697,6650.226288005765
24698,7273.974486714983
24699,7641.637340358977
24700,7641.637340358977
24701,7641.637340358977
24702,6735.419927415167
24703,6771.863337631047
24704,7641.637340358977
24705,7641.637340358977
24706,7435.16696561688
24707,7641.637340358977
24708,6870.260634433051
24709,6156.854672399497
24710,7273.974486714983
24711,6650.226288005765
24712,7641.637340358977
24713,7641.637340358977
24714,6559.671274435851
24715,7641.637340358977
24716,7641.637340358977
24717,6156.854672399497
24718,6870.260634433051
24719,7898.364114876265
24720,6632.150507367874
24721,7435.16696561688
24722,6735.419927415167
24723,7641.637340358977
24724,6771.863337631047
24725,7641.637340358977
24726,6104.485566585327
24727,6104.485566585327
24728,6771.863337631047
24729,7273.974486714983
24730,7641.637340358977
24731,7435.16696561688
24732,7641.637340358977
24733,7641.637340358977
24734,6104.485566585327
24735,7898.364114876265
24736,6559.671274435851
24737,7435.16696561688
24738,6558.962901170368
24739,7038.304739594451
24740,7641.637340358977
24741,7641.637340358977
24742,7641.637340358977
24743,6870.260634433051
24744,7273.974486714983
24745,7273.974486714983
24746,8217.825638368104
24747,6650.226288005765
24748,6650.226288005765
24749,7038.304739594451
24750,6334.270137607572
24751,6771.863337631047
24752,7641.637340358977
24753,7641.637340358977
24754,7641.637340358977
24755,7641.637340358977
24756,8448.59351057833
24757,7435.16696561688
24758,6650.226288005765
24759,7641.637340358977
24760,6156.854672399497
24761,7641.637340358977
24762,7641.637340358977
24763,7641.637340358977
24764,6870.260634433051
24765,7435.16696561688
24766,6650.226288005765
24767,6771.863337631047
24768,7641.637340358977
24769,6681.541619917508
24770,7435.16696561688
24771,6735.419927415167
24772,7038.304739594451
24773,6104.485566585327
24774,6650.226288005765
24775,7641.637340358977
24776,6681.541619917508
24777,7435.16696561688
24778,7641.637340358977
24779,6334.270137607572
24780,7641.637340358977
24781,6650.226288005765
24782,7641.637340358977
24783,7435.16696561688
24784,7641.637340358977
24785,7641.637340358977
24786,6334.270137607572
24787,7641.637340358977
24788,7641.637340358977
24789,6559.671274435851
24790,7641.637340358977
24791,6334.270137607572
24792,6559.671274435851
24793,6681.541619917508
24794,6104.485566585327
24795,6334.270137607572
24796,7435.16696561688
24797,7898.364114876265
24798,7435.16696561688
24799,6559.671274435851
24800,6771.863337631047
24801,7273.974486714983
24802,7641.637340358977
24803,6558.962901170368
24804,7641.637340358977
24805,7641.637340358977
24806,7435.16696561688
24807,7435.16696561688
24808,6870.260634433051
24809,7641.637340358977
24810,6735.419927415167
24811,6735.419927415167
24812,7641.637340358977
24813,7435.16696561688
24814,6559.671274435851
24815,6735.419927415167
24816,6559.671274435851
24817,6650.226288005765
24818,6771.863337631047
24819,7641.637340358977
24820,6650.226288005765
24821,7641.637340358977
24822,7641.637340358977
24823,7641.637340358977
24824,7641.637340358977
24825,7878.63292782239
24826,6921.824505791
24827,7878.63292782239
24828,7878.63292782239
24829,7878.63292782239
24830,7878.63292782239
24831,6401.447293427574
24832,7154.70320033481
24833,6689.232796420335
24834,7449.911842331042
24835,6921.824505791
24836,7878.63292782239
24837,7878.63292782239
24838,7449.911842331042
24839,6689.232796420335
24840,7878.63292782239
24841,7878.63292782239
24842,7449.911842331042
24843,7878.63292782239
24844,6875.270503470714
24845,7878.63292782239
24846,7206.422718994869
24847,7878.63292782239
24848,6689.232796420335
24849,7878.63292782239
24850,6401.447293427574
24851,7449.911842331042
24852,7878.63292782239
24853,6968.2771061168305
24854,6689.232796420335
24855,6968.2771061168305
24856,7449.911842331042
24857,8204.315747489256
24858,7878.63292782239
24859,6921.824505791
24860,6921.824505791
24861,7878.63292782239
24862,7878.63292782239
24863,7878.63292782239
24864,7144.216903201807
24865,8576.648649300723
24866,7878.63292782239
24867,7206.422718994869
24868,6797.174506058251
24869,6401.447293427574
24870,7878.63292782239
24871,7631.622400389716
24872,6921.824505791
24873,8204.315747489256
24874,7878.63292782239
24875,6609.439168998054
24876,7449.911842331042
24877,7878.63292782239
24878,8204.315747489256
24879,7154.70320033481
24880,7878.63292782239
24881,7878.63292782239
24882,7878.63292782239
24883,7878.63292782239
24884,7206.422718994869
24885,7878.63292782239
24886,7878.63292782239
24887,7449.911842331042
24888,8204.315747489256
24889,7878.63292782239
24890,7878.63292782239
24891,6968.2771061168305
24892,7449.911842331042
24893,7878.63292782239
24894,6609.439168998054
24895,6689.232796420335
24896,6921.824505791
24897,7878.63292782239
24898,6401.447293427574
24899,7878.63292782239
24900,7878.63292782239
24901,7878.63292782239
24902,7206.422718994869
24903,7070.34936223598
24904,7878.63292782239
24905,7878.63292782239
24906,7878.63292782239
24907,7878.63292782239
24908,8204.315747489256
24909,7878.63292782239
24910,7878.63292782239
24911,7449.911842331042
24912,7878.63292782239
24913,7878.63292782239
24914,7878.63292782239
24915,8204.315747489256
24916,7878.63292782239
24917,7878.63292782239
24918,7631.622400389716
24919,7154.70320033481
24920,6401.447293427574
24921,6921.824505791
24922,7154.70320033481
24923,7878.63292782239
24924,6797.174506058251
24925,6401.447293427574
24926,7878.63292782239
24927,7449.911842331042
24928,6921.824505791
24929,6401.447293427574
24930,7878.63292782239
24931,7878.63292782239
24932,7878.63292782239
24933,7878.63292782239
24934,6689.232796420335
24935,8449.960177947185
24936,7878.63292782239
24937,6921.824505791
24938,7878.63292782239
24939,7878.63292782239
24940,7631.622400389716
24941,7878.63292782239
24942,6609.439168998054
24943,7878.63292782239
24944,6968.2771061168305
24945,7878.63292782239
24946,7878.63292782239
24947,7878.63292782239
24948,7154.70320033481
24949,7154.70320033481
24950,7154.70320033481
24951,6968.2771061168305
24952,7878.63292782239
24953,7631.622400389716
24954,6921.824505791
24955,7878.63292782239
24956,7449.911842331042
24957,7878.63292782239
24958,7878.63292782239
24959,7878.63292782239
24960,7878.63292782239
24961,7878.63292782239
24962,6921.824505791
24963,7144.216903201807
24964,7878.63292782239
24965,7878.63292782239
24966,7449.911842331042
24967,7878.63292782239
24968,7631.622400389716
24969,7878.63292782239
24970,7449.911842331042
24971,7449.911842331042
24972,7449.911842331042
24973,7878.63292782239
24974,6875.270503470714
24975,7878.63292782239
24976,7878.63292782239
24977,6921.824505791
24978,7878.63292782239
24979,7631.622400389716
24980,7878.63292782239
24981,7449.911842331042
24982,6921.824505791
24983,7878.63292782239
24984,6968.2771061168305
24985,6875.270503470714
24986,7878.63292782239
24987,6401.447293427574
24988,7206.422718994869
24989,6689.232796420335
24990,6689.232796420335
24991,7878.63292782239
24992,7144.216903201807
24993,7878.63292782239
24994,7878.63292782239
24995,7878.63292782239
24996,6401.447293427574
24997,7878.63292782239
24998,7878.63292782239
24999,7631.622400389716
25000,6921.824505791
25001,7878.63292782239
25002,8576.648649300723
25003,7878.63292782239
25004,7878.63292782239
25005,8204.315747489256
25006,6689.232796420335
25007,7878.63292782239
25008,7878.63292782239
25009,6921.824505791
25010,6875.270503470714
25011,6401.447293427574
25012,7878.63292782239
25013,7878.63292782239
25014,6875.270503470714
25015,7449.911842331042
25016,7878.63292782239
25017,7631.622400389716
25018,7878.63292782239
25019,6875.270503470714
25020,6875.270503470714
25021,6401.447293427574
25022,6609.439168998054
25023,7206.422718994869
25024,8204.315747489256
25025,7878.63292782239
25026,7878.63292782239
25027,7449.911842331042
25028,6921.824505791
25029,7878.63292782239
25030,7878.63292782239
25031,7878.63292782239
25032,6921.824505791
25033,7878.63292782239
25034,7206.422718994869
25035,7449.911842331042
25036,6968.2771061168305
25037,7878.63292782239
25038,7449.911842331042
25039,7206.422718994869
25040,7878.63292782239
25041,7449.911842331042
25042,7449.911842331042
25043,7878.63292782239
25044,7449.911842331042
25045,6921.824505791
25046,7878.63292782239
25047,7878.63292782239
25048,7878.63292782239
25049,6374.103519050667
25050,6689.232796420335
25051,7878.63292782239
25052,7878.63292782239
25053,7878.63292782239
25054,6401.447293427574
25055,7878.63292782239
25056,7144.216903201807
25057,7631.622400389716
25058,7878.63292782239
25059,6968.2771061168305
25060,7449.911842331042
25061,7154.70320033481
25062,8204.315747489256
25063,7206.422718994869
25064,7878.63292782239
25065,7878.63292782239
25066,6968.2771061168305
25067,7878.63292782239
25068,7878.63292782239
25069,6921.824505791
25070,6797.174506058251
25071,7878.63292782239
25072,6875.270503470714
25073,7878.63292782239
25074,6968.2771061168305
25075,7878.63292782239
25076,7878.63292782239
25077,7878.63292782239
25078,6921.824505791
25079,7878.63292782239
25080,7631.622400389716
25081,6968.2771061168305
25082,7878.63292782239
25083,6689.232796420335
25084,8204.315747489256
25085,7206.422718994869
25086,7878.63292782239
25087,7878.63292782239
25088,7449.911842331042
25089,6921.824505791
25090,6921.824505791
25091,7878.63292782239
25092,7878.63292782239
25093,7878.63292782239
25094,7878.63292782239
25095,6921.824505791
25096,6875.270503470714
25097,7449.911842331042
25098,6921.824505791
25099,7878.63292782239
25100,7878.63292782239
25101,7878.63292782239
25102,7878.63292782239
25103,7878.63292782239
25104,7878.63292782239
25105,7206.422718994869
25106,6689.232796420335
25107,7878.63292782239
25108,6689.232796420335
25109,7878.63292782239
25110,6968.2771061168305
25111,6689.232796420335
25112,7631.622400389716
25113,7878.63292782239
25114,7631.622400389716
25115,7878.63292782239
25116,7878.63292782239
25117,7206.422718994869
25118,7878.63292782239
25119,7878.63292782239
25120,6968.2771061168305
25121,6374.103519050667
25122,7878.63292782239
25123,7878.63292782239
25124,6968.2771061168305
25125,7878.63292782239
25126,7878.63292782239
25127,7878.63292782239
25128,7878.63292782239
25129,6797.174506058251
25130,6401.447293427574
25131,7449.911842331042
25132,7878.63292782239
25133,7206.422718994869
25134,6921.824505791
25135,7206.422718994869
25136,6921.824505791
25137,6689.232796420335
25138,6401.447293427574
25139,7878.63292782239
25140,7878.63292782239
25141,8576.648649300723
25142,7878.63292782239
25143,6401.447293427574
25144,7878.63292782239
25145,7878.63292782239
25146,7206.422718994869
25147,6797.174506058251
25148,6797.174506058251
25149,6609.439168998054
25150,7878.63292782239
25151,7449.911842331042
25152,7878.63292782239
25153,7878.63292782239
25154,7154.70320033481
25155,7070.34936223598
25156,6968.2771061168305
25157,7878.63292782239
25158,7878.63292782239
25159,7878.63292782239
25160,7878.63292782239
25161,7449.911842331042
25162,7878.63292782239
25163,6689.232796420335
25164,7878.63292782239
25165,6689.232796420335
25166,7878.63292782239
25167,6968.2771061168305
25168,7878.63292782239
25169,7878.63292782239
25170,8204.315747489256
25171,7206.422718994869
25172,7154.70320033481
25173,6875.270503470714
25174,7878.63292782239
25175,7878.63292782239
25176,7878.63292782239
25177,6968.2771061168305
25178,7878.63292782239
25179,6875.270503470714
25180,7449.911842331042
25181,7878.63292782239
25182,7878.63292782239
25183,7878.63292782239
25184,7878.63292782239
25185,7878.63292782239
25186,7878.63292782239
25187,6689.232796420335
25188,7878.63292782239
25189,7878.63292782239
25190,7878.63292782239
25191,6609.439168998054
25192,6689.232796420335
25193,7878.63292782239
25194,7878.63292782239
25195,6968.2771061168305
25196,7449.911842331042
25197,7878.63292782239
25198,7449.911842331042
25199,7878.63292782239
25200,7449.911842331042
25201,6921.824505791
25202,8204.315747489256
25203,7878.63292782239
25204,7449.911842331042
25205,6875.270503470714
25206,6875.270503470714
25207,7878.63292782239
25208,8204.315747489256
25209,7878.63292782239
25210,6875.270503470714
25211,7631.622400389716
25212,8204.315747489256
25213,7449.911842331042
25214,8204.315747489256
25215,7878.63292782239
25216,7878.63292782239
25217,6875.270503470714
25218,6797.174506058251
25219,7144.216903201807
25220,6609.439168998054
25221,7878.63292782239
25222,7154.70320033481
25223,6401.447293427574
25224,7449.911842331042
25225,8449.960177947185
25226,7144.216903201807
25227,7878.63292782239
25228,7878.63292782239
25229,8204.315747489256
25230,7878.63292782239
25231,7878.63292782239
25232,7878.63292782239
25233,7878.63292782239
25234,7878.63292782239
25235,6689.232796420335
25236,7878.63292782239
25237,6968.2771061168305
25238,6401.447293427574
25239,7878.63292782239
25240,7449.911842331042
25241,8449.960177947185
25242,7878.63292782239
25243,6401.447293427574
25244,7878.63292782239
25245,7631.622400389716
25246,6609.439168998054
25247,7878.63292782239
25248,7878.63292782239
25249,7878.63292782239
25250,7878.63292782239
25251,8204.315747489256
25252,7154.70320033481
25253,7878.63292782239
25254,7206.422718994869
25255,7878.63292782239
25256,7878.63292782239
25257,7878.63292782239
25258,7878.63292782239
25259,7206.422718994869
25260,6921.824505791
25261,7878.63292782239
25262,7449.911842331042
25263,7631.622400389716
25264,6401.447293427574
25265,7878.63292782239
25266,7449.911842331042
25267,8204.315747489256
25268,6374.103519050667
25269,7878.63292782239
25270,7154.70320033481
25271,6609.439168998054
25272,7878.63292782239
25273,7878.63292782239
25274,7878.63292782239
25275,7878.63292782239
25276,7878.63292782239
25277,6609.439168998054
25278,7878.63292782239
25279,7878.63292782239
25280,6921.824505791
25281,7878.63292782239
25282,7631.622400389716
25283,6968.2771061168305
25284,7878.63292782239
25285,7878.63292782239
25286,7878.63292782239
25287,6401.447293427574
25288,7449.911842331042
25289,7144.216903201807
25290,6921.824505791
25291,7878.63292782239
25292,7154.70320033481
25293,7878.63292782239
25294,8204.315747489256
25295,7878.63292782239
25296,7449.911842331042
25297,6968.2771061168305
25298,7878.63292782239
25299,6609.439168998054
25300,7878.63292782239
25301,6689.232796420335
25302,7449.911842331042
25303,7878.63292782239
25304,7878.63292782239
25305,7154.70320033481
25306,7878.63292782239
25307,7878.63292782239
25308,7878.63292782239
25309,7878.63292782239
25310,7070.34936223598
25311,6609.439168998054
25312,7878.63292782239
25313,7878.63292782239
25314,7154.70320033481
25315,6968.2771061168305
25316,7878.63292782239
25317,7878.63292782239
25318,7878.63292782239
25319,6374.103519050667
25320,6609.439168998054
25321,7631.622400389716
25322,6921.824505791
25323,6689.232796420335
25324,7878.63292782239
25325,7878.63292782239
25326,7449.911842331042
25327,7878.63292782239
25328,6689.232796420335
25329,6875.270503470714
25330,7154.70320033481
25331,7206.422718994869
25332,8204.315747489256
25333,7878.63292782239
25334,7449.911842331042
25335,7878.63292782239
25336,7878.63292782239
25337,7878.63292782239
25338,6921.824505791
25339,7144.216903201807
25340,7878.63292782239
25341,6968.2771061168305
25342,6689.232796420335
25343,8576.648649300723
25344,6875.270503470714
25345,6968.2771061168305
25346,6921.824505791
25347,7878.63292782239
25348,6689.232796420335
25349,7449.911842331042
25350,6609.439168998054
25351,6401.447293427574
25352,7878.63292782239
25353,8204.315747489256
25354,7878.63292782239
25355,7878.63292782239
25356,7878.63292782239
25357,8204.315747489256
25358,7878.63292782239
25359,7449.911842331042
25360,7449.911842331042
25361,6401.447293427574
25362,7878.63292782239
25363,7449.911842331042
25364,6875.270503470714
25365,6797.174506058251
25366,6921.824505791
25367,6689.232796420335
25368,7878.63292782239
25369,7631.622400389716
25370,7206.422718994869
25371,7878.63292782239
25372,6921.824505791
25373,6875.270503470714
25374,6689.232796420335
25375,7206.422718994869
25376,7206.422718994869
25377,7878.63292782239
25378,7449.911842331042
25379,7878.63292782239
25380,6689.232796420335
25381,6921.824505791
25382,7878.63292782239
25383,7878.63292782239
25384,6875.270503470714
25385,7878.63292782239
25386,7878.63292782239
25387,7878.63292782239
25388,6921.824505791
25389,7878.63292782239
25390,7206.422718994869
25391,7878.63292782239
25392,7878.63292782239
25393,6374.103519050667
25394,6921.824505791
25395,6968.2771061168305
25396,7878.63292782239
25397,7878.63292782239
25398,7878.63292782239
25399,7878.63292782239
25400,7878.63292782239
25401,7449.911842331042
25402,6609.439168998054
25403,6921.824505791
25404,6921.824505791
25405,6921.824505791
25406,7878.63292782239
25407,6968.2771061168305
25408,6609.439168998054
25409,7449.911842331042
25410,7878.63292782239
25411,7878.63292782239
25412,6968.2771061168305
25413,7206.422718994869
25414,7878.63292782239
25415,7206.422718994869
25416,8204.315747489256
25417,7878.63292782239
25418,7878.63292782239
25419,7878.63292782239
25420,8449.960177947185
25421,7878.63292782239
25422,7878.63292782239
25423,7878.63292782239
25424,7878.63292782239
25425,7878.63292782239
25426,7878.63292782239
25427,6921.824505791
25428,7206.422718994869
25429,7449.911842331042
25430,6401.447293427574
25431,7206.422718994869
25432,6968.2771061168305
25433,7878.63292782239
25434,7878.63292782239
25435,7878.63292782239
25436,7631.622400389716
25437,7878.63292782239
25438,6609.439168998054
25439,7878.63292782239
25440,7449.911842331042
25441,7878.63292782239
25442,7878.63292782239
25443,7878.63292782239
25444,7878.63292782239
25445,7206.422718994869
25446,6401.447293427574
25447,7206.422718994869
25448,6689.232796420335
25449,7878.63292782239
25450,7878.63292782239
25451,7878.63292782239
25452,7878.63292782239
25453,7878.63292782239
25454,7449.911842331042
25455,7878.63292782239
25456,6609.439168998054
25457,7878.63292782239
25458,7449.911842331042
25459,8449.960177947185
25460,7878.63292782239
25461,7878.63292782239
25462,7449.911842331042
25463,7878.63292782239
25464,7878.63292782239
25465,7878.63292782239
25466,6689.232796420335
25467,6609.439168998054
25468,7206.422718994869
25469,7878.63292782239
25470,7878.63292782239
25471,7878.63292782239
25472,7631.622400389716
25473,6921.824505791
25474,8204.315747489256
25475,6968.2771061168305
25476,6921.824505791
25477,7878.63292782239
25478,6968.2771061168305
25479,6401.488528779865
25480,6921.824505791
25481,7878.63292782239
25482,6689.232796420335
25483,7878.63292782239
25484,7070.34936223598
25485,7449.911842331042
25486,7878.63292782239
25487,7878.63292782239
25488,6921.824505791
25489,6921.824505791
25490,7878.63292782239
25491,6689.232796420335
25492,7878.63292782239
25493,6875.270503470714
25494,7878.63292782239
25495,7206.422718994869
25496,7878.63292782239
25497,7070.34936223598
25498,7878.63292782239
25499,7631.622400389716
25500,7878.63292782239
25501,6875.270503470714
25502,7878.63292782239
25503,6968.2771061168305
25504,7878.63292782239
25505,7878.63292782239
25506,7878.63292782239
25507,7878.63292782239
25508,7878.63292782239
25509,8204.315747489256
25510,6609.439168998054
25511,6921.824505791
25512,6968.2771061168305
25513,6401.447293427574
25514,7878.63292782239
25515,7878.63292782239
25516,7878.63292782239
25517,6875.270503470714
25518,7449.911842331042
25519,7878.63292782239
25520,7449.911842331042
25521,7878.63292782239
25522,6921.824505791
25523,7878.63292782239
25524,7878.63292782239
25525,7878.63292782239
25526,8204.315747489256
25527,6689.232796420335
25528,7878.63292782239
25529,7878.63292782239
25530,7878.63292782239
25531,7878.63292782239
25532,7449.911842331042
25533,7878.63292782239
25534,7878.63292782239
25535,6689.232796420335
25536,7449.911842331042
25537,7878.63292782239
25538,6401.447293427574
25539,6401.447293427574
25540,7154.70320033481
25541,7878.63292782239
25542,6968.2771061168305
25543,7878.63292782239
25544,7878.63292782239
25545,6401.447293427574
25546,7154.70320033481
25547,6921.824505791
25548,7878.63292782239
25549,7878.63292782239
25550,7206.422718994869
25551,7878.63292782239
25552,7878.63292782239
25553,6968.2771061168305
25554,7631.622400389716
25555,7878.63292782239
25556,7878.63292782239
25557,7878.63292782239
25558,6921.824505791
25559,7154.70320033481
25560,7878.63292782239
25561,7878.63292782239
25562,7449.911842331042
25563,7878.63292782239
25564,7206.422718994869
25565,6374.103519050667
25566,7631.622400389716
25567,6968.2771061168305
25568,7878.63292782239
25569,7878.63292782239
25570,6875.270503470714
25571,7878.63292782239
25572,7878.63292782239
25573,6374.103519050667
25574,7206.422718994869
25575,8204.315747489256
25576,6938.539692755129
25577,7449.911842331042
25578,6921.824505791
25579,7878.63292782239
25580,7154.70320033481
25581,7878.63292782239
25582,6401.447293427574
25583,6401.447293427574
25584,7154.70320033481
25585,7631.622400389716
25586,7878.63292782239
25587,7449.911842331042
25588,7878.63292782239
25589,7878.63292782239
25590,6401.447293427574
25591,8204.315747489256
25592,6875.270503470714
25593,7449.911842331042
25594,6797.174506058251
25595,7144.216903201807
25596,7878.63292782239
25597,7878.63292782239
25598,7878.63292782239
25599,7206.422718994869
25600,7631.622400389716
25601,7631.622400389716
25602,8576.648649300723
25603,6968.2771061168305
25604,6968.2771061168305
25605,7144.216903201807
25606,6609.439168998054
25607,7154.70320033481
25608,7878.63292782239
25609,7878.63292782239
25610,7878.63292782239
25611,7878.63292782239
25612,8449.960177947185
25613,7449.911842331042
25614,6968.2771061168305
25615,7878.63292782239
25616,6374.103519050667
25617,7878.63292782239
25618,7878.63292782239
25619,7878.63292782239
25620,7206.422718994869
25621,7449.911842331042
25622,6968.2771061168305
25623,7154.70320033481
25624,7878.63292782239
25625,6689.232796420335
25626,7449.911842331042
25627,6921.824505791
25628,7144.216903201807
25629,6401.447293427574
25630,6968.2771061168305
25631,7878.63292782239
25632,6689.232796420335
25633,7449.911842331042
25634,7878.63292782239
25635,6609.439168998054
25636,7878.63292782239
25637,6968.2771061168305
25638,7878.63292782239
25639,7449.911842331042
25640,7878.63292782239
25641,7878.63292782239
25642,6609.439168998054
25643,7878.63292782239
25644,7878.63292782239
25645,6875.270503470714
25646,7878.63292782239
25647,6609.439168998054
25648,6875.270503470714
25649,6689.232796420335
25650,6401.447293427574
25651,6609.439168998054
25652,7449.911842331042
25653,8204.315747489256
25654,7449.911842331042
25655,6875.270503470714
25656,7154.70320033481
25657,7631.622400389716
25658,7878.63292782239
25659,6797.174506058251
25660,7878.63292782239
25661,7878.63292782239
25662,7449.911842331042
25663,7449.911842331042
25664,7206.422718994869
25665,7878.63292782239
25666,6921.824505791
25667,6921.824505791
25668,7878.63292782239
25669,7449.911842331042
25670,6875.270503470714
25671,6921.824505791
25672,6875.270503470714
25673,6968.2771061168305
25674,7154.70320033481
25675,7878.63292782239
25676,6968.2771061168305
25677,7878.63292782239
25678,7878.63292782239
25679,7878.63292782239
25680,7878.63292782239
25681,8573.66768956118
25682,7632.915738347463
25683,8573.66768956118
25684,8573.66768956118
25685,8573.66768956118
25686,8573.66768956118
25687,6924.534136104643
25688,7998.022526113079
25689,7571.830112120034
25690,8352.731033117041
25691,7632.915738347463
25692,8573.66768956118
25693,8573.66768956118
25694,8352.731033117041
25695,7571.830112120034
25696,8573.66768956118
25697,8573.66768956118
25698,8352.731033117041
25699,8573.66768956118
25700,7413.272042046723
25701,8573.66768956118
25702,7799.216605616307
25703,8573.66768956118
25704,7571.830112120034
25705,8573.66768956118
25706,6924.534136104643
25707,8352.731033117041
25708,8573.66768956118
25709,7706.348502226559
25710,7571.830112120034
25711,7706.348502226559
25712,8352.731033117041
25713,9132.124327452615
25714,8573.66768956118
25715,7632.915738347463
25716,7632.915738347463
25717,8573.66768956118
25718,8573.66768956118
25719,8573.66768956118
25720,7569.890830224771
25721,9121.267740775704
25722,8573.66768956118
25723,7799.216605616307
25724,7289.1778412196845
25725,6924.534136104643
25726,8573.66768956118
25727,8308.715139408665
25728,7632.915738347463
25729,9132.124327452615
25730,8573.66768956118
25731,7126.080438057956
25732,8352.731033117041
25733,8573.66768956118
25734,9132.124327452615
25735,7998.022526113079
25736,8573.66768956118
25737,8573.66768956118
25738,8573.66768956118
25739,8573.66768956118
25740,7799.216605616307
25741,8573.66768956118
25742,8573.66768956118
25743,8352.731033117041
25744,9132.124327452615
25745,8573.66768956118
25746,8573.66768956118
25747,7706.348502226559
25748,8352.731033117041
25749,8573.66768956118
25750,7126.080438057956
25751,7571.830112120034
25752,7632.915738347463
25753,8573.66768956118
25754,6924.534136104643
25755,8573.66768956118
25756,8573.66768956118
25757,8573.66768956118
25758,7799.216605616307
25759,7737.398552046128
25760,8573.66768956118
25761,8573.66768956118
25762,8573.66768956118
25763,8573.66768956118
25764,9132.124327452615
25765,8573.66768956118
25766,8573.66768956118
25767,8352.731033117041
25768,8573.66768956118
25769,8573.66768956118
25770,8573.66768956118
25771,9132.124327452615
25772,8573.66768956118
25773,8573.66768956118
25774,8308.715139408665
25775,7998.022526113079
25776,6924.534136104643
25777,7632.915738347463
25778,7998.022526113079
25779,8573.66768956118
25780,7289.1778412196845
25781,6924.534136104643
25782,8573.66768956118
25783,8352.731033117041
25784,7632.915738347463
25785,6924.534136104643
25786,8573.66768956118
25787,8573.66768956118
25788,8573.66768956118
25789,8573.66768956118
25790,7571.830112120034
25791,9264.59934370543
25792,8573.66768956118
25793,7632.915738347463
25794,8573.66768956118
25795,8573.66768956118
25796,8308.715139408665
25797,8573.66768956118
25798,7126.080438057956
25799,8573.66768956118
25800,7706.348502226559
25801,8573.66768956118
25802,8573.66768956118
25803,8573.66768956118
25804,7998.022526113079
25805,7998.022526113079
25806,7998.022526113079
25807,7706.348502226559
25808,8573.66768956118
25809,8308.715139408665
25810,7632.915738347463
25811,8573.66768956118
25812,8352.731033117041
25813,8573.66768956118
25814,8573.66768956118
25815,8573.66768956118
25816,8573.66768956118
25817,8573.66768956118
25818,7632.915738347463
25819,7569.890830224771
25820,8573.66768956118
25821,8573.66768956118
25822,8352.731033117041
25823,8573.66768956118
25824,8308.715139408665
25825,8573.66768956118
25826,8352.731033117041
25827,8352.731033117041
25828,8352.731033117041
25829,8573.66768956118
25830,7413.272042046723
25831,8573.66768956118
25832,8573.66768956118
25833,7632.915738347463
25834,8573.66768956118
25835,8308.715139408665
25836,8573.66768956118
25837,8352.731033117041
25838,7632.915738347463
25839,8573.66768956118
25840,7706.348502226559
25841,7413.272042046723
25842,8573.66768956118
25843,6924.534136104643
25844,7799.216605616307
25845,7571.830112120034
25846,7571.830112120034
25847,8573.66768956118
25848,7569.890830224771
25849,8573.66768956118
25850,8573.66768956118
25851,8573.66768956118
25852,6924.534136104643
25853,8573.66768956118
25854,8573.66768956118
25855,8308.715139408665
25856,7632.915738347463
25857,8573.66768956118
25858,9121.267740775704
25859,8573.66768956118
25860,8573.66768956118
25861,9132.124327452615
25862,7571.830112120034
25863,8573.66768956118
25864,8573.66768956118
25865,7632.915738347463
25866,7413.272042046723
25867,6924.534136104643
25868,8573.66768956118
25869,8573.66768956118
25870,7413.272042046723
25871,8352.731033117041
25872,8573.66768956118
25873,8308.715139408665
25874,8573.66768956118
25875,7413.272042046723
25876,7413.272042046723
25877,6924.534136104643
25878,7126.080438057956
25879,7799.216605616307
25880,9132.124327452615
25881,8573.66768956118
25882,8573.66768956118
25883,8352.731033117041
25884,7632.915738347463
25885,8573.66768956118
25886,8573.66768956118
25887,8573.66768956118
25888,7632.915738347463
25889,8573.66768956118
25890,7799.216605616307
25891,8352.731033117041
25892,7706.348502226559
25893,8573.66768956118
25894,8352.731033117041
25895,7799.216605616307
25896,8573.66768956118
25897,8352.731033117041
25898,8352.731033117041
25899,8573.66768956118
25900,8352.731033117041
25901,7632.915738347463
25902,8573.66768956118
25903,8573.66768956118
25904,8573.66768956118
25905,7081.407990564091
25906,7571.830112120034
25907,8573.66768956118
25908,8573.66768956118
25909,8573.66768956118
25910,6924.534136104643
25911,8573.66768956118
25912,7569.890830224771
25913,8308.715139408665
25914,8573.66768956118
25915,7706.348502226559
25916,8352.731033117041
25917,7998.022526113079
25918,9132.124327452615
25919,7799.216605616307
25920,8573.66768956118
25921,8573.66768956118
25922,7706.348502226559
25923,8573.66768956118
25924,8573.66768956118
25925,7632.915738347463
25926,7289.1778412196845
25927,8573.66768956118
25928,7413.272042046723
25929,8573.66768956118
25930,7706.348502226559
25931,8573.66768956118
25932,8573.66768956118
25933,8573.66768956118
25934,7632.915738347463
25935,8573.66768956118
25936,8308.715139408665
25937,7706.348502226559
25938,8573.66768956118
25939,7571.830112120034
25940,9132.124327452615
25941,7799.216605616307
25942,8573.66768956118
25943,8573.66768956118
25944,8352.731033117041
25945,7632.915738347463
25946,7632.915738347463
25947,8573.66768956118
25948,8573.66768956118
25949,8573.66768956118
25950,8573.66768956118
25951,7632.915738347463
25952,7413.272042046723
25953,8352.731033117041
25954,7632.915738347463
25955,8573.66768956118
25956,8573.66768956118
25957,8573.66768956118
25958,8573.66768956118
25959,8573.66768956118
25960,8573.66768956118
25961,7799.216605616307
25962,7571.830112120034
25963,8573.66768956118
25964,7571.830112120034
25965,8573.66768956118
25966,7706.348502226559
25967,7571.830112120034
25968,8308.715139408665
25969,8573.66768956118
25970,8308.715139408665
25971,8573.66768956118
25972,8573.66768956118
25973,7799.216605616307
25974,8573.66768956118
25975,8573.66768956118
25976,7706.348502226559
25977,7081.407990564091
25978,8573.66768956118
25979,8573.66768956118
25980,7706.348502226559
25981,8573.66768956118
25982,8573.66768956118
25983,8573.66768956118
25984,8573.66768956118
25985,7289.1778412196845
25986,6924.534136104643
25987,8352.731033117041
25988,8573.66768956118
25989,7799.216605616307
25990,7632.915738347463
25991,7799.216605616307
25992,7632.915738347463
25993,7571.830112120034
25994,6924.534136104643
25995,8573.66768956118
25996,8573.66768956118
25997,9121.267740775704
25998,8573.66768956118
25999,6924.534136104643
26000,8573.66768956118
26001,8573.66768956118
26002,7799.216605616307
26003,7289.1778412196845
26004,7289.1778412196845
26005,7126.080438057956
26006,8573.66768956118
26007,8352.731033117041
26008,8573.66768956118
26009,8573.66768956118
26010,7998.022526113079
26011,7737.398552046128
26012,7706.348502226559
26013,8573.66768956118
26014,8573.66768956118
26015,8573.66768956118
26016,8573.66768956118
26017,8352.731033117041
26018,8573.66768956118
26019,7571.830112120034
26020,8573.66768956118
26021,7571.830112120034
26022,8573.66768956118
26023,7706.348502226559
26024,8573.66768956118
26025,8573.66768956118
26026,9132.124327452615
26027,7799.216605616307
26028,7998.022526113079
26029,7413.272042046723
26030,8573.66768956118
26031,8573.66768956118
26032,8573.66768956118
26033,7706.348502226559
26034,8573.66768956118
26035,7413.272042046723
26036,8352.731033117041
26037,8573.66768956118
26038,8573.66768956118
26039,8573.66768956118
26040,8573.66768956118
26041,8573.66768956118
26042,8573.66768956118
26043,7571.830112120034
26044,8573.66768956118
26045,8573.66768956118
26046,8573.66768956118
26047,7126.080438057956
26048,7586.382923904896
26049,8573.66768956118
26050,8573.66768956118
26051,7706.348502226559
26052,8352.731033117041
26053,8573.66768956118
26054,8352.731033117041
26055,8573.66768956118
26056,8352.731033117041
26057,7632.915738347463
26058,9132.124327452615
26059,8573.66768956118
26060,8352.731033117041
26061,7413.272042046723
26062,7413.272042046723
26063,8573.66768956118
26064,9132.124327452615
26065,8573.66768956118
26066,7413.272042046723
26067,8308.715139408665
26068,9132.124327452615
26069,8352.731033117041
26070,9132.124327452615
26071,8573.66768956118
26072,8573.66768956118
26073,7413.272042046723
26074,7289.1778412196845
26075,7569.890830224771
26076,7126.080438057956
26077,8573.66768956118
26078,7998.022526113079
26079,6924.534136104643
26080,8352.731033117041
26081,9264.59934370543
26082,7569.890830224771
26083,8573.66768956118
26084,8573.66768956118
26085,9132.124327452615
26086,8573.66768956118
26087,8573.66768956118
26088,8573.66768956118
26089,8573.66768956118
26090,8573.66768956118
26091,7571.830112120034
26092,8573.66768956118
26093,7706.348502226559
26094,6924.534136104643
26095,8573.66768956118
26096,8352.731033117041
26097,9264.59934370543
26098,8573.66768956118
26099,6924.534136104643
26100,8573.66768956118
26101,8308.715139408665
26102,7126.080438057956
26103,8573.66768956118
26104,8573.66768956118
26105,8573.66768956118
26106,8573.66768956118
26107,9132.124327452615
26108,7998.022526113079
26109,8573.66768956118
26110,7799.216605616307
26111,8573.66768956118
26112,8573.66768956118
26113,8573.66768956118
26114,8573.66768956118
26115,7799.216605616307
26116,7632.915738347463
26117,8573.66768956118
26118,8352.731033117041
26119,8308.715139408665
26120,6924.534136104643
26121,8573.66768956118
26122,8352.731033117041
26123,9132.124327452615
26124,7081.407990564091
26125,8573.66768956118
26126,7998.022526113079
26127,7126.080438057956
26128,8573.66768956118
26129,8573.66768956118
26130,8573.66768956118
26131,8573.66768956118
26132,8573.66768956118
26133,7126.080438057956
26134,8573.66768956118
26135,8573.66768956118
26136,7632.915738347463
26137,8573.66768956118
26138,8308.715139408665
26139,7706.348502226559
26140,8573.66768956118
26141,8573.66768956118
26142,8573.66768956118
26143,6924.534136104643
26144,8352.731033117041
26145,7569.890830224771
26146,7632.915738347463
26147,8573.66768956118
26148,7998.022526113079
26149,8573.66768956118
26150,9132.124327452615
26151,8573.66768956118
26152,8352.731033117041
26153,7706.348502226559
26154,8573.66768956118
26155,7126.080438057956
26156,8573.66768956118
26157,7571.830112120034
26158,8352.731033117041
26159,8573.66768956118
26160,8573.66768956118
26161,7998.022526113079
26162,8573.66768956118
26163,8573.66768956118
26164,8573.66768956118
26165,8573.66768956118
26166,7737.398552046128
26167,7126.080438057956
26168,8573.66768956118
26169,8573.66768956118
26170,7998.022526113079
26171,7706.348502226559
26172,8573.66768956118
26173,8573.66768956118
26174,8573.66768956118
26175,7081.407990564091
26176,7126.080438057956
26177,8308.715139408665
26178,7632.915738347463
26179,7571.830112120034
26180,8573.66768956118
26181,8573.66768956118
26182,8352.731033117041
26183,8573.66768956118
26184,7571.830112120034
26185,7413.272042046723
26186,7998.022526113079
26187,7799.216605616307
26188,9132.124327452615
26189,8573.66768956118
26190,8352.731033117041
26191,8573.66768956118
26192,8573.66768956118
26193,8573.66768956118
26194,7632.915738347463
26195,7569.890830224771
26196,8573.66768956118
26197,7706.348502226559
26198,7571.830112120034
26199,9121.267740775704
26200,7413.272042046723
26201,7706.348502226559
26202,7632.915738347463
26203,8573.66768956118
26204,7571.830112120034
26205,8352.731033117041
26206,7126.080438057956
26207,6924.534136104643
26208,8573.66768956118
26209,9132.124327452615
26210,8573.66768956118
26211,8573.66768956118
26212,8573.66768956118
26213,9132.124327452615
26214,8573.66768956118
26215,8352.731033117041
26216,8352.731033117041
26217,6924.534136104643
26218,8573.66768956118
26219,8352.731033117041
26220,7413.272042046723
26221,7289.1778412196845
26222,7632.915738347463
26223,7571.830112120034
26224,8573.66768956118
26225,8308.715139408665
26226,7799.216605616307
26227,8573.66768956118
26228,7632.915738347463
26229,7413.272042046723
26230,7571.830112120034
26231,7799.216605616307
26232,7799.216605616307
26233,8573.66768956118
26234,8352.731033117041
26235,8573.66768956118
26236,7571.830112120034
26237,7632.915738347463
26238,8573.66768956118
26239,8573.66768956118
26240,7413.272042046723
26241,8573.66768956118
26242,8573.66768956118
26243,8573.66768956118
26244,7632.915738347463
26245,8573.66768956118
26246,7799.216605616307
26247,8573.66768956118
26248,8573.66768956118
26249,7081.407990564091
26250,7632.915738347463
26251,7706.348502226559
26252,8573.66768956118
26253,8573.66768956118
26254,8573.66768956118
26255,8573.66768956118
26256,8573.66768956118
26257,8352.731033117041
26258,7126.080438057956
26259,7632.915738347463
26260,7632.915738347463
26261,7632.915738347463
26262,8573.66768956118
26263,7706.348502226559
26264,7126.080438057956
26265,8352.731033117041
26266,8573.66768956118
26267,8573.66768956118
26268,7706.348502226559
26269,7799.216605616307
26270,8573.66768956118
26271,7799.216605616307
26272,9132.124327452615
26273,8573.66768956118
26274,8573.66768956118
26275,8573.66768956118
26276,9264.59934370543
26277,8573.66768956118
26278,8573.66768956118
26279,8573.66768956118
26280,8573.66768956118
26281,8573.66768956118
26282,8573.66768956118
26283,7632.915738347463
26284,7799.216605616307
26285,8352.731033117041
26286,6924.534136104643
26287,7799.216605616307
26288,7706.348502226559
26289,8573.66768956118
26290,8573.66768956118
26291,8573.66768956118
26292,8308.715139408665
26293,8573.66768956118
26294,7126.080438057956
26295,8573.66768956118
26296,8352.731033117041
26297,8573.66768956118
26298,8573.66768956118
26299,8573.66768956118
26300,8573.66768956118
26301,7799.216605616307
26302,6924.534136104643
26303,7799.216605616307
26304,7586.382923904896
26305,8573.66768956118
26306,8573.66768956118
26307,8573.66768956118
26308,8573.66768956118
26309,8573.66768956118
26310,8352.731033117041
26311,8573.66768956118
26312,7126.080438057956
26313,8573.66768956118
26314,8352.731033117041
26315,9264.59934370543
26316,8573.66768956118
26317,8573.66768956118
26318,8352.731033117041
26319,8573.66768956118
26320,8573.66768956118
26321,8573.66768956118
26322,7571.830112120034
26323,7126.080438057956
26324,7799.216605616307
26325,8573.66768956118
26326,8573.66768956118
26327,8573.66768956118
26328,8308.715139408665
26329,7632.915738347463
26330,9132.124327452615
26331,7706.348502226559
26332,7632.915738347463
26333,8573.66768956118
26334,7706.348502226559
26335,7388.127807694575
26336,7632.915738347463
26337,8573.66768956118
26338,7571.830112120034
26339,8573.66768956118
26340,7737.398552046128
26341,8352.731033117041
26342,8573.66768956118
26343,8573.66768956118
26344,7632.915738347463
26345,7632.915738347463
26346,8573.66768956118
26347,7571.830112120034
26348,8573.66768956118
26349,7413.272042046723
26350,8573.66768956118
26351,7799.216605616307
26352,8573.66768956118
26353,7737.398552046128
26354,8573.66768956118
26355,8308.715139408665
26356,8573.66768956118
26357,7413.272042046723
26358,8573.66768956118
26359,7706.348502226559
26360,8573.66768956118
26361,8573.66768956118
26362,8573.66768956118
26363,8573.66768956118
26364,8573.66768956118
26365,9132.124327452615
26366,7126.080438057956
26367,7632.915738347463
26368,7706.348502226559
26369,6924.534136104643
26370,8573.66768956118
26371,8573.66768956118
26372,8573.66768956118
26373,7413.272042046723
26374,8352.731033117041
26375,8573.66768956118
26376,8352.731033117041
26377,8573.66768956118
26378,7632.915738347463
26379,8573.66768956118
26380,8573.66768956118
26381,8573.66768956118
26382,9132.124327452615
26383,7571.830112120034
26384,8573.66768956118
26385,8573.66768956118
26386,8573.66768956118
26387,8573.66768956118
26388,8352.731033117041
26389,8573.66768956118
26390,8573.66768956118
26391,7571.830112120034
26392,8352.731033117041
26393,8573.66768956118
26394,6924.534136104643
26395,6924.534136104643
26396,7998.022526113079
26397,8573.66768956118
26398,7706.348502226559
26399,8573.66768956118
26400,8573.66768956118
26401,6924.534136104643
26402,7998.022526113079
26403,7632.915738347463
26404,8573.66768956118
26405,8573.66768956118
26406,7799.216605616307
26407,8573.66768956118
26408,8573.66768956118
26409,7706.348502226559
26410,8308.715139408665
26411,8573.66768956118
26412,8573.66768956118
26413,8573.66768956118
26414,7632.915738347463
26415,7998.022526113079
26416,8573.66768956118
26417,8573.66768956118
26418,8352.731033117041
26419,8573.66768956118
26420,7799.216605616307
26421,7081.407990564091
26422,8308.715139408665
26423,7706.348502226559
26424,8573.66768956118
26425,8573.66768956118
26426,7413.272042046723
26427,8573.66768956118
26428,8573.66768956118
26429,7081.407990564091
26430,7799.216605616307
26431,9132.124327452615
26432,7719.335790186951
26433,8352.731033117041
26434,7632.915738347463
26435,8573.66768956118
26436,7998.022526113079
26437,8573.66768956118
26438,6924.534136104643
26439,6924.534136104643
26440,7998.022526113079
26441,8308.715139408665
26442,8573.66768956118
26443,8352.731033117041
26444,8573.66768956118
26445,8573.66768956118
26446,6924.534136104643
26447,9132.124327452615
26448,7413.272042046723
26449,8352.731033117041
26450,7289.1778412196845
26451,7569.890830224771
26452,8573.66768956118
26453,8573.66768956118
26454,8573.66768956118
26455,7799.216605616307
26456,8308.715139408665
26457,8308.715139408665
26458,9121.267740775704
26459,7706.348502226559
26460,7706.348502226559
26461,7569.890830224771
26462,7126.080438057956
26463,7998.022526113079
26464,8573.66768956118
26465,8573.66768956118
26466,8573.66768956118
26467,8573.66768956118
26468,9264.59934370543
26469,8352.731033117041
26470,7706.348502226559
26471,8573.66768956118
26472,7081.407990564091
26473,8573.66768956118
26474,8573.66768956118
26475,8573.66768956118
26476,7799.216605616307
26477,8352.731033117041
26478,7706.348502226559
26479,7998.022526113079
26480,8573.66768956118
26481,7571.830112120034
26482,8352.731033117041
26483,7632.915738347463
26484,7569.890830224771
26485,6924.534136104643
26486,7706.348502226559
26487,8573.66768956118
26488,7571.830112120034
26489,8352.731033117041
26490,8573.66768956118
26491,7126.080438057956
26492,8573.66768956118
26493,7706.348502226559
26494,8573.66768956118
26495,8352.731033117041
26496,8573.66768956118
26497,8573.66768956118
26498,7126.080438057956
26499,8573.66768956118
26500,8573.66768956118
26501,7413.272042046723
26502,8573.66768956118
26503,7126.080438057956
26504,7413.272042046723
26505,7586.382923904896
26506,6924.534136104643
26507,7126.080438057956
26508,8352.731033117041
26509,9132.124327452615
26510,8352.731033117041
26511,7413.272042046723
26512,7998.022526113079
26513,8308.715139408665
26514,8573.66768956118
26515,7289.1778412196845
26516,8573.66768956118
26517,8573.66768956118
26518,8352.731033117041
26519,8352.731033117041
26520,7799.216605616307
26521,8573.66768956118
26522,7632.915738347463
26523,7632.915738347463
26524,8573.66768956118
26525,8352.731033117041
26526,7413.272042046723
26527,7632.915738347463
26528,7413.272042046723
26529,7706.348502226559
26530,7998.022526113079
26531,8573.66768956118
26532,7706.348502226559
26533,8573.66768956118
26534,8573.66768956118
26535,8573.66768956118
26536,8573.66768956118
26537,10069.501877128383
26538,9152.342187676288
26539,10069.501877128383
26540,10069.501877128383
26541,10069.501877128383
26542,10069.501877128383
26543,8160.367825012959
26544,9509.13528140272
26545,8849.738130736076
26546,9673.812715785381
26547,9152.342187676288
26548,10069.501877128383
26549,10069.501877128383
26550,9673.812715785381
26551,8849.738130736076
26552,10069.501877128383
26553,10069.501877128383
26554,9673.812715785381
26555,10069.501877128383
26556,8798.205765542865
26557,10069.501877128383
26558,9246.571909580669
26559,10069.501877128383
26560,8849.738130736076
26561,10069.501877128383
26562,8160.367825012959
26563,9673.812715785381
26564,10069.501877128383
26565,9323.857524851815
26566,8849.738130736076
26567,9323.857524851815
26568,9673.812715785381
26569,10998.750883558354
26570,10069.501877128383
26571,9152.342187676288
26572,9152.342187676288
26573,10069.501877128383
26574,10069.501877128383
26575,10069.501877128383
26576,8986.571140566393
26577,11134.461035271825
26578,10069.501877128383
26579,9246.571909580669
26580,8707.741530438761
26581,8160.367825012959
26582,10069.501877128383
26583,9864.421820302741
26584,9152.342187676288
26585,10998.750883558354
26586,10069.501877128383
26587,8359.705156262817
26588,9673.812715785381
26589,10069.501877128383
26590,10998.750883558354
26591,9509.13528140272
26592,10069.501877128383
26593,10069.501877128383
26594,10069.501877128383
26595,10069.501877128383
26596,9246.571909580669
26597,10069.501877128383
26598,10069.501877128383
26599,9673.812715785381
26600,10998.750883558354
26601,10069.501877128383
26602,10069.501877128383
26603,9323.857524851815
26604,9673.812715785381
26605,10069.501877128383
26606,8359.705156262817
26607,8849.738130736076
26608,9152.342187676288
26609,10069.501877128383
26610,8160.367825012959
26611,10069.501877128383
26612,10069.501877128383
26613,10069.501877128383
26614,9246.571909580669
26615,9038.232137415973
26616,10069.501877128383
26617,10069.501877128383
26618,10069.501877128383
26619,10069.501877128383
26620,10998.750883558354
26621,10069.501877128383
26622,10069.501877128383
26623,9673.812715785381
26624,10069.501877128383
26625,10069.501877128383
26626,10069.501877128383
26627,10998.750883558354
26628,10069.501877128383
26629,10069.501877128383
26630,9864.421820302741
26631,9509.13528140272
26632,8160.367825012959
26633,9152.342187676288
26634,9509.13528140272
26635,10069.501877128383
26636,8707.741530438761
26637,8160.367825012959
26638,10069.501877128383
26639,9673.812715785381
26640,9152.342187676288
26641,8160.367825012959
26642,10069.501877128383
26643,10069.501877128383
26644,10069.501877128383
26645,10069.501877128383
26646,8849.738130736076
26647,11104.810871061502
26648,10069.501877128383
26649,9152.342187676288
26650,10069.501877128383
26651,10069.501877128383
26652,9864.421820302741
26653,10069.501877128383
26654,8359.705156262817
26655,10069.501877128383
26656,9323.857524851815
26657,10069.501877128383
26658,10069.501877128383
26659,10069.501877128383
26660,9509.13528140272
26661,9509.13528140272
26662,9509.13528140272
26663,9323.857524851815
26664,10069.501877128383
26665,9864.421820302741
26666,9152.342187676288
26667,10069.501877128383
26668,9673.812715785381
26669,10069.501877128383
26670,10069.501877128383
26671,10069.501877128383
26672,10069.501877128383
26673,10069.501877128383
26674,9152.342187676288
26675,8986.571140566393
26676,10069.501877128383
26677,10069.501877128383
26678,9673.812715785381
26679,10069.501877128383
26680,9864.421820302741
26681,10069.501877128383
26682,9673.812715785381
26683,9673.812715785381
26684,9673.812715785381
26685,10069.501877128383
26686,8798.205765542865
26687,10069.501877128383
26688,10069.501877128383
26689,9152.342187676288
26690,10069.501877128383
26691,9864.421820302741
26692,10069.501877128383
26693,9673.812715785381
26694,9152.342187676288
26695,10069.501877128383
26696,9323.857524851815
26697,8798.205765542865
26698,10069.501877128383
26699,8160.367825012959
26700,9246.571909580669
26701,8849.738130736076
26702,8849.738130736076
26703,10069.501877128383
26704,8986.571140566393
26705,10069.501877128383
26706,10069.501877128383
26707,10069.501877128383
26708,8160.367825012959
26709,10069.501877128383
26710,10069.501877128383
26711,9864.421820302741
26712,9152.342187676288
26713,10069.501877128383
26714,11134.461035271825
26715,10069.501877128383
26716,10069.501877128383
26717,10998.750883558354
26718,8849.738130736076
26719,10069.501877128383
26720,10069.501877128383
26721,9152.342187676288
26722,8798.205765542865
26723,8160.367825012959
26724,10069.501877128383
26725,10069.501877128383
26726,8798.205765542865
26727,9673.812715785381
26728,10069.501877128383
26729,9864.421820302741
26730,10069.501877128383
26731,8798.205765542865
26732,8798.205765542865
26733,8160.367825012959
26734,8359.705156262817
26735,9246.571909580669
26736,10998.750883558354
26737,10069.501877128383
26738,10069.501877128383
26739,9673.812715785381
26740,9152.342187676288
26741,10069.501877128383
26742,10069.501877128383
26743,10069.501877128383
26744,9152.342187676288
26745,10069.501877128383
26746,9246.571909580669
26747,9673.812715785381
26748,9323.857524851815
26749,10069.501877128383
26750,9673.812715785381
26751,9246.571909580669
26752,10069.501877128383
26753,9673.812715785381
26754,9673.812715785381
26755,10069.501877128383
26756,9673.812715785381
26757,9152.342187676288
26758,10069.501877128383
26759,10069.501877128383
26760,10069.501877128383
26761,8259.842748125631
26762,8849.738130736076
26763,10069.501877128383
26764,10069.501877128383
26765,10069.501877128383
26766,8160.367825012959
26767,10069.501877128383
26768,8986.571140566393
26769,9864.421820302741
26770,10069.501877128383
26771,9323.857524851815
26772,9673.812715785381
26773,9509.13528140272
26774,10998.750883558354
26775,9246.571909580669
26776,10069.501877128383
26777,10069.501877128383
26778,9323.857524851815
26779,10069.501877128383
26780,10069.501877128383
26781,9152.342187676288
26782,8707.741530438761
26783,10069.501877128383
26784,8798.205765542865
26785,10069.501877128383
26786,9323.857524851815
26787,10069.501877128383
26788,10069.501877128383
26789,10069.501877128383
26790,9152.342187676288
26791,10069.501877128383
26792,9864.421820302741
26793,9323.857524851815
26794,10069.501877128383
26795,8849.738130736076
26796,10998.750883558354
26797,9246.571909580669
26798,10069.501877128383
26799,10069.501877128383
26800,9673.812715785381
26801,9152.342187676288
26802,9152.342187676288
26803,10069.501877128383
26804,10069.501877128383
26805,10069.501877128383
26806,10069.501877128383
26807,9152.342187676288
26808,8798.205765542865
26809,9673.812715785381
26810,9152.342187676288
26811,10069.501877128383
26812,10069.501877128383
26813,10069.501877128383
26814,10069.501877128383
26815,10069.501877128383
26816,10069.501877128383
26817,9246.571909580669
26818,8849.738130736076
26819,10069.501877128383
26820,8849.738130736076
26821,10069.501877128383
26822,9323.857524851815
26823,8849.738130736076
26824,9864.421820302741
26825,10069.501877128383
26826,9864.421820302741
26827,10069.501877128383
26828,10069.501877128383
26829,9246.571909580669
26830,10069.501877128383
26831,10069.501877128383
26832,9323.857524851815
26833,8259.842748125631
26834,10069.501877128383
26835,10069.501877128383
26836,9323.857524851815
26837,10069.501877128383
26838,10069.501877128383
26839,10069.501877128383
26840,10069.501877128383
26841,8707.741530438761
26842,8160.367825012959
26843,9673.812715785381
26844,10069.501877128383
26845,9246.571909580669
26846,9152.342187676288
26847,9246.571909580669
26848,9152.342187676288
26849,8849.738130736076
26850,8160.367825012959
26851,10069.501877128383
26852,10069.501877128383
26853,11134.461035271825
26854,10069.501877128383
26855,8160.367825012959
26856,10069.501877128383
26857,10069.501877128383
26858,9246.571909580669
26859,8707.741530438761
26860,8707.741530438761
26861,8359.705156262817
26862,10069.501877128383
26863,9673.812715785381
26864,10069.501877128383
26865,10069.501877128383
26866,9509.13528140272
26867,9038.232137415973
26868,9323.857524851815
26869,10069.501877128383
26870,10069.501877128383
26871,10069.501877128383
26872,10069.501877128383
26873,9673.812715785381
26874,10069.501877128383
26875,8849.738130736076
26876,10069.501877128383
26877,8849.738130736076
26878,10069.501877128383
26879,9323.857524851815
26880,10069.501877128383
26881,10069.501877128383
26882,10998.750883558354
26883,9246.571909580669
26884,9509.13528140272
26885,8798.205765542865
26886,10069.501877128383
26887,10069.501877128383
26888,10069.501877128383
26889,9323.857524851815
26890,10069.501877128383
26891,8798.205765542865
26892,9673.812715785381
26893,10069.501877128383
26894,10069.501877128383
26895,10069.501877128383
26896,10069.501877128383
26897,10069.501877128383
26898,10069.501877128383
26899,8849.738130736076
26900,10069.501877128383
26901,10069.501877128383
26902,10069.501877128383
26903,8359.705156262817
26904,9228.981447502683
26905,10069.501877128383
26906,10069.501877128383
26907,9323.857524851815
26908,9673.812715785381
26909,10069.501877128383
26910,9673.812715785381
26911,10069.501877128383
26912,9673.812715785381
26913,9152.342187676288
26914,10998.750883558354
26915,10069.501877128383
26916,9673.812715785381
26917,8798.205765542865
26918,8798.205765542865
26919,10069.501877128383
26920,10998.750883558354
26921,10069.501877128383
26922,8798.205765542865
26923,9864.421820302741
26924,10998.750883558354
26925,9673.812715785381
26926,10998.750883558354
26927,10069.501877128383
26928,10069.501877128383
26929,8798.205765542865
26930,8707.741530438761
26931,8986.571140566393
26932,8359.705156262817
26933,10069.501877128383
26934,9509.13528140272
26935,8160.367825012959
26936,9673.812715785381
26937,11104.810871061502
26938,8986.571140566393
26939,10069.501877128383
26940,10069.501877128383
26941,10998.750883558354
26942,10069.501877128383
26943,10069.501877128383
26944,10069.501877128383
26945,10069.501877128383
26946,10069.501877128383
26947,8849.738130736076
26948,10069.501877128383
26949,9323.857524851815
26950,8160.367825012959
26951,10069.501877128383
26952,9673.812715785381
26953,11104.810871061502
26954,10069.501877128383
26955,8160.367825012959
26956,10069.501877128383
26957,9864.421820302741
26958,8359.705156262817
26959,10069.501877128383
26960,10069.501877128383
26961,10069.501877128383
26962,10069.501877128383
26963,10998.750883558354
26964,9509.13528140272
26965,10069.501877128383
26966,9246.571909580669
26967,10069.501877128383
26968,10069.501877128383
26969,10069.501877128383
26970,10069.501877128383
26971,9246.571909580669
26972,9152.342187676288
26973,10069.501877128383
26974,9673.812715785381
26975,9864.421820302741
26976,8160.367825012959
26977,10069.501877128383
26978,9673.812715785381
26979,10998.750883558354
26980,8259.842748125631
26981,10069.501877128383
26982,9509.13528140272
26983,8359.705156262817
26984,10069.501877128383
26985,10069.501877128383
26986,10069.501877128383
26987,10069.501877128383
26988,10069.501877128383
26989,8359.705156262817
26990,10069.501877128383
26991,10069.501877128383
26992,9152.342187676288
26993,10069.501877128383
26994,9864.421820302741
26995,9323.857524851815
26996,10069.501877128383
26997,10069.501877128383
26998,10069.501877128383
26999,8160.367825012959
27000,9673.812715785381
27001,8986.571140566393
27002,9152.342187676288
27003,10069.501877128383
27004,9509.13528140272
27005,10069.501877128383
27006,10998.750883558354
27007,10069.501877128383
27008,9673.812715785381
27009,9323.857524851815
27010,10069.501877128383
27011,8359.705156262817
27012,10069.501877128383
27013,8849.738130736076
27014,9673.812715785381
27015,10069.501877128383
27016,10069.501877128383
27017,9509.13528140272
27018,10069.501877128383
27019,10069.501877128383
27020,10069.501877128383
27021,10069.501877128383
27022,9038.232137415973
27023,8359.705156262817
27024,10069.501877128383
27025,10069.501877128383
27026,9509.13528140272
27027,9323.857524851815
27028,10069.501877128383
27029,10069.501877128383
27030,10069.501877128383
27031,8259.842748125631
27032,8359.705156262817
27033,9864.421820302741
27034,9152.342187676288
27035,8849.738130736076
27036,10069.501877128383
27037,10069.501877128383
27038,9673.812715785381
27039,10069.501877128383
27040,8849.738130736076
27041,8798.205765542865
27042,9509.13528140272
27043,9246.571909580669
27044,10998.750883558354
27045,10069.501877128383
27046,9673.812715785381
27047,10069.501877128383
27048,10069.501877128383
27049,10069.501877128383
27050,9152.342187676288
27051,8986.571140566393
27052,10069.501877128383
27053,9323.857524851815
27054,8849.738130736076
27055,11134.461035271825
27056,8798.205765542865
27057,9323.857524851815
27058,9152.342187676288
27059,10069.501877128383
27060,8849.738130736076
27061,9673.812715785381
27062,8359.705156262817
27063,8160.367825012959
27064,10069.501877128383
27065,10998.750883558354
27066,10069.501877128383
27067,10069.501877128383
27068,10069.501877128383
27069,10998.750883558354
27070,10069.501877128383
27071,9673.812715785381
27072,9673.812715785381
27073,8160.367825012959
27074,10069.501877128383
27075,9673.812715785381
27076,8798.205765542865
27077,8707.741530438761
27078,9152.342187676288
27079,8849.738130736076
27080,10069.501877128383
27081,9864.421820302741
27082,9246.571909580669
27083,10069.501877128383
27084,9152.342187676288
27085,8798.205765542865
27086,8849.738130736076
27087,9246.571909580669
27088,9246.571909580669
27089,10069.501877128383
27090,9673.812715785381
27091,10069.501877128383
27092,8849.738130736076
27093,9152.342187676288
27094,10069.501877128383
27095,10069.501877128383
27096,8798.205765542865
27097,10069.501877128383
27098,10069.501877128383
27099,10069.501877128383
27100,9152.342187676288
27101,10069.501877128383
27102,9246.571909580669
27103,10069.501877128383
27104,10069.501877128383
27105,8259.842748125631
27106,9152.342187676288
27107,9323.857524851815
27108,10069.501877128383
27109,10069.501877128383
27110,10069.501877128383
27111,10069.501877128383
27112,10069.501877128383
27113,9673.812715785381
27114,8359.705156262817
27115,9152.342187676288
27116,9152.342187676288
27117,9152.342187676288
27118,10069.501877128383
27119,9323.857524851815
27120,8359.705156262817
27121,9673.812715785381
27122,10069.501877128383
27123,10069.501877128383
27124,9323.857524851815
27125,9246.571909580669
27126,10069.501877128383
27127,9246.571909580669
27128,10998.750883558354
27129,10069.501877128383
27130,10069.501877128383
27131,10069.501877128383
27132,11104.810871061502
27133,10069.501877128383
27134,10069.501877128383
27135,10069.501877128383
27136,10069.501877128383
27137,10069.501877128383
27138,10069.501877128383
27139,9152.342187676288
27140,9246.571909580669
27141,9673.812715785381
27142,8160.367825012959
27143,9246.571909580669
27144,9323.857524851815
27145,10069.501877128383
27146,10069.501877128383
27147,10069.501877128383
27148,9864.421820302741
27149,10069.501877128383
27150,8359.705156262817
27151,10069.501877128383
27152,9673.812715785381
27153,10069.501877128383
27154,10069.501877128383
27155,10069.501877128383
27156,10069.501877128383
27157,9246.571909580669
27158,8160.367825012959
27159,9246.571909580669
27160,9228.981447502683
27161,10069.501877128383
27162,10069.501877128383
27163,10069.501877128383
27164,10069.501877128383
27165,10069.501877128383
27166,9673.812715785381
27167,10069.501877128383
27168,8359.705156262817
27169,10069.501877128383
27170,9673.812715785381
27171,11104.810871061502
27172,10069.501877128383
27173,10069.501877128383
27174,9673.812715785381
27175,10069.501877128383
27176,10069.501877128383
27177,10069.501877128383
27178,8849.738130736076
27179,8359.705156262817
27180,9246.571909580669
27181,10069.501877128383
27182,10069.501877128383
27183,10069.501877128383
27184,9864.421820302741
27185,9152.342187676288
27186,10998.750883558354
27187,9323.857524851815
27188,9152.342187676288
27189,10069.501877128383
27190,9323.857524851815
27191,6522.120495381292
27192,9152.342187676288
27193,10069.501877128383
27194,8849.738130736076
27195,10069.501877128383
27196,9038.232137415973
27197,9673.812715785381
27198,10069.501877128383
27199,10069.501877128383
27200,9152.342187676288
27201,9152.342187676288
27202,10069.501877128383
27203,8849.738130736076
27204,10069.501877128383
27205,8798.205765542865
27206,10069.501877128383
27207,9246.571909580669
27208,10069.501877128383
27209,9038.232137415973
27210,10069.501877128383
27211,9864.421820302741
27212,10069.501877128383
27213,8798.205765542865
27214,10069.501877128383
27215,9323.857524851815
27216,10069.501877128383
27217,10069.501877128383
27218,10069.501877128383
27219,10069.501877128383
27220,10069.501877128383
27221,10998.750883558354
27222,8359.705156262817
27223,9152.342187676288
27224,9323.857524851815
27225,8160.367825012959
27226,10069.501877128383
27227,10069.501877128383
27228,10069.501877128383
27229,8798.205765542865
27230,9673.812715785381
27231,10069.501877128383
27232,9673.812715785381
27233,10069.501877128383
27234,9152.342187676288
27235,10069.501877128383
27236,10069.501877128383
27237,10069.501877128383
27238,10998.750883558354
27239,8849.738130736076
27240,10069.501877128383
27241,10069.501877128383
27242,10069.501877128383
27243,10069.501877128383
27244,9673.812715785381
27245,10069.501877128383
27246,10069.501877128383
27247,8849.738130736076
27248,9673.812715785381
27249,10069.501877128383
27250,8160.367825012959
27251,8160.367825012959
27252,9509.13528140272
27253,10069.501877128383
27254,9323.857524851815
27255,10069.501877128383
27256,10069.501877128383
27257,8160.367825012959
27258,9509.13528140272
27259,9152.342187676288
27260,10069.501877128383
27261,10069.501877128383
27262,9246.571909580669
27263,10069.501877128383
27264,10069.501877128383
27265,9323.857524851815
27266,9864.421820302741
27267,10069.501877128383
27268,10069.501877128383
27269,10069.501877128383
27270,9152.342187676288
27271,9509.13528140272
27272,10069.501877128383
27273,10069.501877128383
27274,9673.812715785381
27275,10069.501877128383
27276,9246.571909580669
27277,8259.842748125631
27278,9864.421820302741
27279,9323.857524851815
27280,10069.501877128383
27281,10069.501877128383
27282,8798.205765542865
27283,10069.501877128383
27284,10069.501877128383
27285,8259.842748125631
27286,9246.571909580669
27287,10998.750883558354
27288,9248.60615764178
27289,9673.812715785381
27290,9152.342187676288
27291,10069.501877128383
27292,9509.13528140272
27293,10069.501877128383
27294,8160.367825012959
27295,8160.367825012959
27296,9509.13528140272
27297,9864.421820302741
27298,10069.501877128383
27299,9673.812715785381
27300,10069.501877128383
27301,10069.501877128383
27302,8160.367825012959
27303,10998.750883558354
27304,8798.205765542865
27305,9673.812715785381
27306,8707.741530438761
27307,8986.571140566393
27308,10069.501877128383
27309,10069.501877128383
27310,10069.501877128383
27311,9246.571909580669
27312,9864.421820302741
27313,9864.421820302741
27314,11134.461035271825
27315,9323.857524851815
27316,9323.857524851815
27317,8986.571140566393
27318,8359.705156262817
27319,9509.13528140272
27320,10069.501877128383
27321,10069.501877128383
27322,10069.501877128383
27323,10069.501877128383
27324,11104.810871061502
27325,9673.812715785381
27326,9323.857524851815
27327,10069.501877128383
27328,8259.842748125631
27329,10069.501877128383
27330,10069.501877128383
27331,10069.501877128383
27332,9246.571909580669
27333,9673.812715785381
27334,9323.857524851815
27335,9509.13528140272
27336,10069.501877128383
27337,8849.738130736076
27338,9673.812715785381
27339,9152.342187676288
27340,8986.571140566393
27341,8160.367825012959
27342,9323.857524851815
27343,10069.501877128383
27344,8849.738130736076
27345,9673.812715785381
27346,10069.501877128383
27347,8359.705156262817
27348,10069.501877128383
27349,9323.857524851815
27350,10069.501877128383
27351,9673.812715785381
27352,10069.501877128383
27353,10069.501877128383
27354,8359.705156262817
27355,10069.501877128383
27356,10069.501877128383
27357,8798.205765542865
27358,10069.501877128383
27359,8359.705156262817
27360,8798.205765542865
27361,9228.981447502683
27362,8160.367825012959
27363,8359.705156262817
27364,9673.812715785381
27365,10998.750883558354
27366,9673.812715785381
27367,8798.205765542865
27368,9509.13528140272
27369,9864.421820302741
27370,10069.501877128383
27371,8707.741530438761
27372,10069.501877128383
27373,10069.501877128383
27374,9673.812715785381
27375,9673.812715785381
27376,9246.571909580669
27377,10069.501877128383
27378,9152.342187676288
27379,9152.342187676288
27380,10069.501877128383
27381,9673.812715785381
27382,8798.205765542865
27383,9152.342187676288
27384,8798.205765542865
27385,9323.857524851815
27386,9509.13528140272
27387,10069.501877128383
27388,9323.857524851815
27389,10069.501877128383
27390,10069.501877128383
27391,10069.501877128383
27392,10069.501877128383
27393,308.96570487373543
27394,135.07147651044005
27395,308.96570487373543
27396,308.96570487373543
27397,308.96570487373543
27398,308.96570487373543
27399,33.16277469650504
27400,0.0
27401,0.0
27402,0.0
27403,135.07147651044005
27404,308.96570487373543
27405,308.96570487373543
27406,0.0
27407,0.0
27408,308.96570487373543
27409,308.96570487373543
27410,0.0
27411,308.96570487373543
27412,132.05243430669583
27413,308.96570487373543
27414,199.2253500897933
27415,308.96570487373543
27416,0.0
27417,308.96570487373543
27418,33.16277469650504
27419,0.0
27420,308.96570487373543
27421,216.52833980047865
27422,0.0
27423,216.52833980047865
27424,0.0
27425,0.0
27426,308.96570487373543
27427,135.07147651044005
27428,135.07147651044005
27429,308.96570487373543
27430,308.96570487373543
27431,308.96570487373543
27432,0.0
27433,0.0
27434,308.96570487373543
27435,199.2253500897933
27436,0.0
27437,33.16277469650504
27438,308.96570487373543
27439,0.0
27440,135.07147651044005
27441,0.0
27442,308.96570487373543
27443,0.0
27444,0.0
27445,308.96570487373543
27446,0.0
27447,0.0
27448,308.96570487373543
27449,308.96570487373543
27450,308.96570487373543
27451,308.96570487373543
27452,199.2253500897933
27453,308.96570487373543
27454,308.96570487373543
27455,0.0
27456,0.0
27457,308.96570487373543
27458,308.96570487373543
27459,216.52833980047865
27460,0.0
27461,308.96570487373543
27462,0.0
27463,0.0
27464,135.07147651044005
27465,308.96570487373543
27466,33.16277469650504
27467,308.96570487373543
27468,308.96570487373543
27469,308.96570487373543
27470,199.2253500897933
27471,0.0
27472,308.96570487373543
27473,308.96570487373543
27474,308.96570487373543
27475,308.96570487373543
27476,0.0
27477,308.96570487373543
27478,308.96570487373543
27479,0.0
27480,308.96570487373543
27481,308.96570487373543
27482,308.96570487373543
27483,0.0
27484,308.96570487373543
27485,308.96570487373543
27486,0.0
27487,0.0
27488,33.16277469650504
27489,135.07147651044005
27490,0.0
27491,308.96570487373543
27492,0.0
27493,33.16277469650504
27494,308.96570487373543
27495,0.0
27496,135.07147651044005
27497,33.16277469650504
27498,308.96570487373543
27499,308.96570487373543
27500,308.96570487373543
27501,308.96570487373543
27502,0.0
27503,1173.2069262530395
27504,308.96570487373543
27505,135.07147651044005
27506,308.96570487373543
27507,308.96570487373543
27508,0.0
27509,308.96570487373543
27510,0.0
27511,308.96570487373543
27512,216.52833980047865
27513,308.96570487373543
27514,308.96570487373543
27515,308.96570487373543
27516,0.0
27517,0.0
27518,0.0
27519,216.52833980047865
27520,308.96570487373543
27521,0.0
27522,135.07147651044005
27523,308.96570487373543
27524,0.0
27525,308.96570487373543
27526,308.96570487373543
27527,308.96570487373543
27528,308.96570487373543
27529,308.96570487373543
27530,135.07147651044005
27531,0.0
27532,308.96570487373543
27533,308.96570487373543
27534,0.0
27535,308.96570487373543
27536,0.0
27537,308.96570487373543
27538,0.0
27539,0.0
27540,0.0
27541,308.96570487373543
27542,132.05243430669583
27543,308.96570487373543
27544,308.96570487373543
27545,135.07147651044005
27546,308.96570487373543
27547,0.0
27548,308.96570487373543
27549,0.0
27550,135.07147651044005
27551,308.96570487373543
27552,216.52833980047865
27553,132.05243430669583
27554,308.96570487373543
27555,33.16277469650504
27556,199.2253500897933
27557,0.0
27558,0.0
27559,308.96570487373543
27560,0.0
27561,308.96570487373543
27562,308.96570487373543
27563,308.96570487373543
27564,33.16277469650504
27565,308.96570487373543
27566,308.96570487373543
27567,0.0
27568,135.07147651044005
27569,308.96570487373543
27570,0.0
27571,308.96570487373543
27572,308.96570487373543
27573,0.0
27574,0.0
27575,308.96570487373543
27576,308.96570487373543
27577,135.07147651044005
27578,132.05243430669583
27579,33.16277469650504
27580,308.96570487373543
27581,308.96570487373543
27582,132.05243430669583
27583,0.0
27584,308.96570487373543
27585,0.0
27586,308.96570487373543
27587,132.05243430669583
27588,132.05243430669583
27589,33.16277469650504
27590,0.0
27591,199.2253500897933
27592,0.0
27593,308.96570487373543
27594,308.96570487373543
27595,0.0
27596,135.07147651044005
27597,308.96570487373543
27598,308.96570487373543
27599,308.96570487373543
27600,135.07147651044005
27601,308.96570487373543
27602,199.2253500897933
27603,0.0
27604,216.52833980047865
27605,308.96570487373543
27606,0.0
27607,199.2253500897933
27608,308.96570487373543
27609,0.0
27610,0.0
27611,308.96570487373543
27612,0.0
27613,135.07147651044005
27614,308.96570487373543
27615,308.96570487373543
27616,308.96570487373543
27617,0.0
27618,0.0
27619,308.96570487373543
27620,308.96570487373543
27621,308.96570487373543
27622,33.16277469650504
27623,308.96570487373543
27624,0.0
27625,0.0
27626,308.96570487373543
27627,216.52833980047865
27628,0.0
27629,0.0
27630,0.0
27631,199.2253500897933
27632,308.96570487373543
27633,308.96570487373543
27634,216.52833980047865
27635,308.96570487373543
27636,308.96570487373543
27637,135.07147651044005
27638,0.0
27639,308.96570487373543
27640,132.05243430669583
27641,308.96570487373543
27642,216.52833980047865
27643,308.96570487373543
27644,308.96570487373543
27645,308.96570487373543
27646,135.07147651044005
27647,308.96570487373543
27648,0.0
27649,216.52833980047865
27650,308.96570487373543
27651,0.0
27652,0.0
27653,199.2253500897933
27654,308.96570487373543
27655,308.96570487373543
27656,0.0
27657,135.07147651044005
27658,135.07147651044005
27659,308.96570487373543
27660,308.96570487373543
27661,308.96570487373543
27662,308.96570487373543
27663,135.07147651044005
27664,132.05243430669583
27665,0.0
27666,135.07147651044005
27667,308.96570487373543
27668,308.96570487373543
27669,308.96570487373543
27670,308.96570487373543
27671,308.96570487373543
27672,308.96570487373543
27673,199.2253500897933
27674,0.0
27675,308.96570487373543
27676,0.0
27677,308.96570487373543
27678,216.52833980047865
27679,0.0
27680,0.0
27681,308.96570487373543
27682,0.0
27683,308.96570487373543
27684,308.96570487373543
27685,199.2253500897933
27686,308.96570487373543
27687,308.96570487373543
27688,216.52833980047865
27689,0.0
27690,308.96570487373543
27691,308.96570487373543
27692,216.52833980047865
27693,308.96570487373543
27694,308.96570487373543
27695,308.96570487373543
27696,308.96570487373543
27697,0.0
27698,33.16277469650504
27699,0.0
27700,308.96570487373543
27701,199.2253500897933
27702,135.07147651044005
27703,199.2253500897933
27704,135.07147651044005
27705,0.0
27706,33.16277469650504
27707,308.96570487373543
27708,308.96570487373543
27709,0.0
27710,308.96570487373543
27711,33.16277469650504
27712,308.96570487373543
27713,308.96570487373543
27714,199.2253500897933
27715,0.0
27716,0.0
27717,0.0
27718,308.96570487373543
27719,0.0
27720,308.96570487373543
27721,308.96570487373543
27722,0.0
27723,0.0
27724,216.52833980047865
27725,308.96570487373543
27726,308.96570487373543
27727,308.96570487373543
27728,308.96570487373543
27729,0.0
27730,308.96570487373543
27731,0.0
27732,308.96570487373543
27733,0.0
27734,308.96570487373543
27735,216.52833980047865
27736,308.96570487373543
27737,308.96570487373543
27738,0.0
27739,199.2253500897933
27740,0.0
27741,132.05243430669583
27742,308.96570487373543
27743,308.96570487373543
27744,308.96570487373543
27745,216.52833980047865
27746,308.96570487373543
27747,132.05243430669583
27748,0.0
27749,308.96570487373543
27750,308.96570487373543
27751,308.96570487373543
27752,308.96570487373543
27753,308.96570487373543
27754,308.96570487373543
27755,0.0
27756,308.96570487373543
27757,308.96570487373543
27758,308.96570487373543
27759,0.0
27760,0.0
27761,308.96570487373543
27762,308.96570487373543
27763,216.52833980047865
27764,0.0
27765,308.96570487373543
27766,0.0
27767,308.96570487373543
27768,0.0
27769,135.07147651044005
27770,0.0
27771,308.96570487373543
27772,0.0
27773,132.05243430669583
27774,132.05243430669583
27775,308.96570487373543
27776,0.0
27777,308.96570487373543
27778,132.05243430669583
27779,0.0
27780,0.0
27781,0.0
27782,0.0
27783,308.96570487373543
27784,308.96570487373543
27785,132.05243430669583
27786,0.0
27787,0.0
27788,0.0
27789,308.96570487373543
27790,0.0
27791,33.16277469650504
27792,0.0
27793,1173.2069262530395
27794,0.0
27795,308.96570487373543
27796,308.96570487373543
27797,0.0
27798,308.96570487373543
27799,308.96570487373543
27800,308.96570487373543
27801,308.96570487373543
27802,308.96570487373543
27803,0.0
27804,308.96570487373543
27805,216.52833980047865
27806,33.16277469650504
27807,308.96570487373543
27808,0.0
27809,1173.2069262530395
27810,308.96570487373543
27811,33.16277469650504
27812,308.96570487373543
27813,0.0
27814,0.0
27815,308.96570487373543
27816,308.96570487373543
27817,308.96570487373543
27818,308.96570487373543
27819,0.0
27820,0.0
27821,308.96570487373543
27822,199.2253500897933
27823,308.96570487373543
27824,308.96570487373543
27825,308.96570487373543
27826,308.96570487373543
27827,199.2253500897933
27828,135.07147651044005
27829,308.96570487373543
27830,0.0
27831,0.0
27832,33.16277469650504
27833,308.96570487373543
27834,0.0
27835,0.0
27836,0.0
27837,308.96570487373543
27838,0.0
27839,0.0
27840,308.96570487373543
27841,308.96570487373543
27842,308.96570487373543
27843,308.96570487373543
27844,308.96570487373543
27845,0.0
27846,308.96570487373543
27847,308.96570487373543
27848,135.07147651044005
27849,308.96570487373543
27850,0.0
27851,216.52833980047865
27852,308.96570487373543
27853,308.96570487373543
27854,308.96570487373543
27855,33.16277469650504
27856,0.0
27857,0.0
27858,135.07147651044005
27859,308.96570487373543
27860,0.0
27861,308.96570487373543
27862,0.0
27863,308.96570487373543
27864,0.0
27865,216.52833980047865
27866,308.96570487373543
27867,0.0
27868,308.96570487373543
27869,0.0
27870,0.0
27871,308.96570487373543
27872,308.96570487373543
27873,0.0
27874,308.96570487373543
27875,308.96570487373543
27876,308.96570487373543
27877,308.96570487373543
27878,0.0
27879,0.0
27880,308.96570487373543
27881,308.96570487373543
27882,0.0
27883,216.52833980047865
27884,308.96570487373543
27885,308.96570487373543
27886,308.96570487373543
27887,0.0
27888,0.0
27889,0.0
27890,135.07147651044005
27891,0.0
27892,308.96570487373543
27893,308.96570487373543
27894,0.0
27895,308.96570487373543
27896,0.0
27897,132.05243430669583
27898,0.0
27899,199.2253500897933
27900,0.0
27901,308.96570487373543
27902,0.0
27903,308.96570487373543
27904,308.96570487373543
27905,308.96570487373543
27906,135.07147651044005
27907,0.0
27908,308.96570487373543
27909,216.52833980047865
27910,0.0
27911,0.0
27912,132.05243430669583
27913,216.52833980047865
27914,135.07147651044005
27915,308.96570487373543
27916,0.0
27917,0.0
27918,0.0
27919,33.16277469650504
27920,308.96570487373543
27921,0.0
27922,308.96570487373543
27923,308.96570487373543
27924,308.96570487373543
27925,0.0
27926,308.96570487373543
27927,0.0
27928,0.0
27929,33.16277469650504
27930,308.96570487373543
27931,0.0
27932,132.05243430669583
27933,0.0
27934,135.07147651044005
27935,0.0
27936,308.96570487373543
27937,0.0
27938,199.2253500897933
27939,308.96570487373543
27940,135.07147651044005
27941,132.05243430669583
27942,0.0
27943,199.2253500897933
27944,199.2253500897933
27945,308.96570487373543
27946,0.0
27947,308.96570487373543
27948,0.0
27949,135.07147651044005
27950,308.96570487373543
27951,308.96570487373543
27952,132.05243430669583
27953,308.96570487373543
27954,308.96570487373543
27955,308.96570487373543
27956,135.07147651044005
27957,308.96570487373543
27958,199.2253500897933
27959,308.96570487373543
27960,308.96570487373543
27961,0.0
27962,135.07147651044005
27963,216.52833980047865
27964,308.96570487373543
27965,308.96570487373543
27966,308.96570487373543
27967,308.96570487373543
27968,308.96570487373543
27969,0.0
27970,0.0
27971,135.07147651044005
27972,135.07147651044005
27973,135.07147651044005
27974,308.96570487373543
27975,216.52833980047865
27976,0.0
27977,0.0
27978,308.96570487373543
27979,308.96570487373543
27980,216.52833980047865
27981,199.2253500897933
27982,308.96570487373543
27983,199.2253500897933
27984,0.0
27985,308.96570487373543
27986,308.96570487373543
27987,308.96570487373543
27988,1173.2069262530395
27989,308.96570487373543
27990,308.96570487373543
27991,308.96570487373543
27992,308.96570487373543
27993,308.96570487373543
27994,308.96570487373543
27995,135.07147651044005
27996,199.2253500897933
27997,0.0
27998,33.16277469650504
27999,199.2253500897933
28000,216.52833980047865
28001,308.96570487373543
28002,308.96570487373543
28003,308.96570487373543
28004,0.0
28005,308.96570487373543
28006,0.0
28007,308.96570487373543
28008,0.0
28009,308.96570487373543
28010,308.96570487373543
28011,308.96570487373543
28012,308.96570487373543
28013,199.2253500897933
28014,33.16277469650504
28015,199.2253500897933
28016,0.0
28017,308.96570487373543
28018,308.96570487373543
28019,308.96570487373543
28020,308.96570487373543
28021,308.96570487373543
28022,0.0
28023,308.96570487373543
28024,0.0
28025,308.96570487373543
28026,0.0
28027,1173.2069262530395
28028,308.96570487373543
28029,308.96570487373543
28030,0.0
28031,308.96570487373543
28032,308.96570487373543
28033,308.96570487373543
28034,0.0
28035,0.0
28036,199.2253500897933
28037,308.96570487373543
28038,308.96570487373543
28039,308.96570487373543
28040,0.0
28041,135.07147651044005
28042,0.0
28043,216.52833980047865
28044,135.07147651044005
28045,308.96570487373543
28046,216.52833980047865
28047,0.0
28048,135.07147651044005
28049,308.96570487373543
28050,0.0
28051,308.96570487373543
28052,0.0
28053,0.0
28054,308.96570487373543
28055,308.96570487373543
28056,135.07147651044005
28057,135.07147651044005
28058,308.96570487373543
28059,0.0
28060,308.96570487373543
28061,132.05243430669583
28062,308.96570487373543
28063,199.2253500897933
28064,308.96570487373543
28065,0.0
28066,308.96570487373543
28067,0.0
28068,308.96570487373543
28069,132.05243430669583
28070,308.96570487373543
28071,216.52833980047865
28072,308.96570487373543
28073,308.96570487373543
28074,308.96570487373543
28075,308.96570487373543
28076,308.96570487373543
28077,0.0
28078,0.0
28079,135.07147651044005
28080,216.52833980047865
28081,33.16277469650504
28082,308.96570487373543
28083,308.96570487373543
28084,308.96570487373543
28085,132.05243430669583
28086,0.0
28087,308.96570487373543
28088,0.0
28089,308.96570487373543
28090,135.07147651044005
28091,308.96570487373543
28092,308.96570487373543
28093,308.96570487373543
28094,0.0
28095,0.0
28096,308.96570487373543
28097,308.96570487373543
28098,308.96570487373543
28099,308.96570487373543
28100,0.0
28101,308.96570487373543
28102,308.96570487373543
28103,0.0
28104,0.0
28105,308.96570487373543
28106,33.16277469650504
28107,33.16277469650504
28108,0.0
28109,308.96570487373543
28110,216.52833980047865
28111,308.96570487373543
28112,308.96570487373543
28113,33.16277469650504
28114,0.0
28115,135.07147651044005
28116,308.96570487373543
28117,308.96570487373543
28118,199.2253500897933
28119,308.96570487373543
28120,308.96570487373543
28121,216.52833980047865
28122,0.0
28123,308.96570487373543
28124,308.96570487373543
28125,308.96570487373543
28126,135.07147651044005
28127,0.0
28128,308.96570487373543
28129,308.96570487373543
28130,0.0
28131,308.96570487373543
28132,199.2253500897933
28133,0.0
28134,0.0
28135,216.52833980047865
28136,308.96570487373543
28137,308.96570487373543
28138,132.05243430669583
28139,308.96570487373543
28140,308.96570487373543
28141,0.0
28142,199.2253500897933
28143,0.0
28144,0.0
28145,0.0
28146,135.07147651044005
28147,308.96570487373543
28148,0.0
28149,308.96570487373543
28150,33.16277469650504
28151,33.16277469650504
28152,0.0
28153,0.0
28154,308.96570487373543
28155,0.0
28156,308.96570487373543
28157,308.96570487373543
28158,33.16277469650504
28159,0.0
28160,132.05243430669583
28161,0.0
28162,0.0
28163,0.0
28164,308.96570487373543
28165,308.96570487373543
28166,308.96570487373543
28167,199.2253500897933
28168,0.0
28169,0.0
28170,0.0
28171,216.52833980047865
28172,216.52833980047865
28173,0.0
28174,0.0
28175,0.0
28176,308.96570487373543
28177,308.96570487373543
28178,308.96570487373543
28179,308.96570487373543
28180,1173.2069262530395
28181,0.0
28182,216.52833980047865
28183,308.96570487373543
28184,0.0
28185,308.96570487373543
28186,308.96570487373543
28187,308.96570487373543
28188,199.2253500897933
28189,0.0
28190,216.52833980047865
28191,0.0
28192,308.96570487373543
28193,0.0
28194,0.0
28195,135.07147651044005
28196,0.0
28197,33.16277469650504
28198,216.52833980047865
28199,308.96570487373543
28200,0.0
28201,0.0
28202,308.96570487373543
28203,0.0
28204,308.96570487373543
28205,216.52833980047865
28206,308.96570487373543
28207,0.0
28208,308.96570487373543
28209,308.96570487373543
28210,0.0
28211,308.96570487373543
28212,308.96570487373543
28213,132.05243430669583
28214,308.96570487373543
28215,0.0
28216,132.05243430669583
28217,0.0
28218,33.16277469650504
28219,0.0
28220,0.0
28221,0.0
28222,0.0
28223,132.05243430669583
28224,0.0
28225,0.0
28226,308.96570487373543
28227,0.0
28228,308.96570487373543
28229,308.96570487373543
28230,0.0
28231,0.0
28232,199.2253500897933
28233,308.96570487373543
28234,135.07147651044005
28235,135.07147651044005
28236,308.96570487373543
28237,0.0
28238,132.05243430669583
28239,135.07147651044005
28240,132.05243430669583
28241,216.52833980047865
28242,0.0
28243,308.96570487373543
28244,216.52833980047865
28245,308.96570487373543
28246,308.96570487373543
28247,308.96570487373543
28248,308.96570487373543
28249,6105.54272737628
28250,4816.885334026955
28251,6105.54272737628
28252,6105.54272737628
28253,6105.54272737628
28254,6105.54272737628
28255,5310.361126120411
28256,5450.512847831585
28257,5416.52579161751
28258,7003.4483098119745
28259,4816.885334026955
28260,6105.54272737628
28261,6105.54272737628
28262,7003.4483098119745
28263,5416.52579161751
28264,6105.54272737628
28265,6105.54272737628
28266,7003.4483098119745
28267,6105.54272737628
28268,5298.921872414424
28269,6105.54272737628
28270,5905.958900114833
28271,6105.54272737628
28272,5416.52579161751
28273,6105.54272737628
28274,5310.361126120411
28275,7003.4483098119745
28276,6105.54272737628
28277,5187.334323022757
28278,5416.52579161751
28279,5187.334323022757
28280,7003.4483098119745
28281,5251.659371028755
28282,6105.54272737628
28283,4816.885334026955
28284,4816.885334026955
28285,6105.54272737628
28286,6105.54272737628
28287,6105.54272737628
28288,5898.356305707557
28289,7243.813980510196
28290,6105.54272737628
28291,5905.958900114833
28292,4636.949618483758
28293,5310.361126120411
28294,6105.54272737628
28295,5425.788337188758
28296,4816.885334026955
28297,5251.659371028755
28298,6105.54272737628
28299,5373.803382733809
28300,7003.4483098119745
28301,6105.54272737628
28302,5251.659371028755
28303,5450.512847831585
28304,6105.54272737628
28305,6105.54272737628
28306,6105.54272737628
28307,6105.54272737628
28308,5905.958900114833
28309,6105.54272737628
28310,6105.54272737628
28311,7003.4483098119745
28312,5251.659371028755
28313,6105.54272737628
28314,6105.54272737628
28315,5187.334323022757
28316,7003.4483098119745
28317,6105.54272737628
28318,5373.803382733809
28319,5416.52579161751
28320,4816.885334026955
28321,6105.54272737628
28322,5310.361126120411
28323,6105.54272737628
28324,6105.54272737628
28325,6105.54272737628
28326,5905.958900114833
28327,6489.527860784833
28328,6105.54272737628
28329,6105.54272737628
28330,6105.54272737628
28331,6105.54272737628
28332,5251.659371028755
28333,6105.54272737628
28334,6105.54272737628
28335,7003.4483098119745
28336,6105.54272737628
28337,6105.54272737628
28338,6105.54272737628
28339,5251.659371028755
28340,6105.54272737628
28341,6105.54272737628
28342,5425.788337188758
28343,5450.512847831585
28344,5310.361126120411
28345,4816.885334026955
28346,5450.512847831585
28347,6105.54272737628
28348,4636.949618483758
28349,5310.361126120411
28350,6105.54272737628
28351,7003.4483098119745
28352,4816.885334026955
28353,5310.361126120411
28354,6105.54272737628
28355,6105.54272737628
28356,6105.54272737628
28357,6105.54272737628
28358,5416.52579161751
28359,6961.301638795901
28360,6105.54272737628
28361,4816.885334026955
28362,6105.54272737628
28363,6105.54272737628
28364,5425.788337188758
28365,6105.54272737628
28366,5373.803382733809
28367,6105.54272737628
28368,5187.334323022757
28369,6105.54272737628
28370,6105.54272737628
28371,6105.54272737628
28372,5450.512847831585
28373,5450.512847831585
28374,5450.512847831585
28375,5187.334323022757
28376,6105.54272737628
28377,5425.788337188758
28378,4816.885334026955
28379,6105.54272737628
28380,7003.4483098119745
28381,6105.54272737628
28382,6105.54272737628
28383,6105.54272737628
28384,6105.54272737628
28385,6105.54272737628
28386,4816.885334026955
28387,5898.356305707557
28388,6105.54272737628
28389,6105.54272737628
28390,7003.4483098119745
28391,6105.54272737628
28392,5425.788337188758
28393,6105.54272737628
28394,7003.4483098119745
28395,7003.4483098119745
28396,7003.4483098119745
28397,6105.54272737628
28398,5298.921872414424
28399,6105.54272737628
28400,6105.54272737628
28401,4816.885334026955
28402,6105.54272737628
28403,5425.788337188758
28404,6105.54272737628
28405,7003.4483098119745
28406,4816.885334026955
28407,6105.54272737628
28408,5187.334323022757
28409,5298.921872414424
28410,6105.54272737628
28411,5310.361126120411
28412,5905.958900114833
28413,5416.52579161751
28414,5416.52579161751
28415,6105.54272737628
28416,5898.356305707557
28417,6105.54272737628
28418,6105.54272737628
28419,6105.54272737628
28420,5310.361126120411
28421,6105.54272737628
28422,6105.54272737628
28423,5425.788337188758
28424,4816.885334026955
28425,6105.54272737628
28426,7243.813980510196
28427,6105.54272737628
28428,6105.54272737628
28429,5251.659371028755
28430,5416.52579161751
28431,6105.54272737628
28432,6105.54272737628
28433,4816.885334026955
28434,5298.921872414424
28435,5310.361126120411
28436,6105.54272737628
28437,6105.54272737628
28438,5298.921872414424
28439,7003.4483098119745
28440,6105.54272737628
28441,5425.788337188758
28442,6105.54272737628
28443,5298.921872414424
28444,5298.921872414424
28445,5310.361126120411
28446,5373.803382733809
28447,5905.958900114833
28448,5251.659371028755
28449,6105.54272737628
28450,6105.54272737628
28451,7003.4483098119745
28452,4816.885334026955
28453,6105.54272737628
28454,6105.54272737628
28455,6105.54272737628
28456,4816.885334026955
28457,6105.54272737628
28458,5905.958900114833
28459,7003.4483098119745
28460,5187.334323022757
28461,6105.54272737628
28462,7003.4483098119745
28463,5905.958900114833
28464,6105.54272737628
28465,7003.4483098119745
28466,7003.4483098119745
28467,6105.54272737628
28468,7003.4483098119745
28469,4816.885334026955
28470,6105.54272737628
28471,6105.54272737628
28472,6105.54272737628
28473,4648.133953521635
28474,5416.52579161751
28475,6105.54272737628
28476,6105.54272737628
28477,6105.54272737628
28478,5310.361126120411
28479,6105.54272737628
28480,5898.356305707557
28481,5425.788337188758
28482,6105.54272737628
28483,5187.334323022757
28484,7003.4483098119745
28485,5450.512847831585
28486,5251.659371028755
28487,5905.958900114833
28488,6105.54272737628
28489,6105.54272737628
28490,5187.334323022757
28491,6105.54272737628
28492,6105.54272737628
28493,4816.885334026955
28494,4636.949618483758
28495,6105.54272737628
28496,5298.921872414424
28497,6105.54272737628
28498,5187.334323022757
28499,6105.54272737628
28500,6105.54272737628
28501,6105.54272737628
28502,4816.885334026955
28503,6105.54272737628
28504,5425.788337188758
28505,5187.334323022757
28506,6105.54272737628
28507,5416.52579161751
28508,5251.659371028755
28509,5905.958900114833
28510,6105.54272737628
28511,6105.54272737628
28512,7003.4483098119745
28513,4816.885334026955
28514,4816.885334026955
28515,6105.54272737628
28516,6105.54272737628
28517,6105.54272737628
28518,6105.54272737628
28519,4816.885334026955
28520,5298.921872414424
28521,7003.4483098119745
28522,4816.885334026955
28523,6105.54272737628
28524,6105.54272737628
28525,6105.54272737628
28526,6105.54272737628
28527,6105.54272737628
28528,6105.54272737628
28529,5905.958900114833
28530,5416.52579161751
28531,6105.54272737628
28532,5416.52579161751
28533,6105.54272737628
28534,5187.334323022757
28535,5416.52579161751
28536,5425.788337188758
28537,6105.54272737628
28538,5425.788337188758
28539,6105.54272737628
28540,6105.54272737628
28541,5905.958900114833
28542,6105.54272737628
28543,6105.54272737628
28544,5187.334323022757
28545,4648.133953521635
28546,6105.54272737628
28547,6105.54272737628
28548,5187.334323022757
28549,6105.54272737628
28550,6105.54272737628
28551,6105.54272737628
28552,6105.54272737628
28553,4636.949618483758
28554,5310.361126120411
28555,7003.4483098119745
28556,6105.54272737628
28557,5905.958900114833
28558,4816.885334026955
28559,5905.958900114833
28560,4816.885334026955
28561,5416.52579161751
28562,5310.361126120411
28563,6105.54272737628
28564,6105.54272737628
28565,7243.813980510196
28566,6105.54272737628
28567,5310.361126120411
28568,6105.54272737628
28569,6105.54272737628
28570,5905.958900114833
28571,4636.949618483758
28572,4636.949618483758
28573,5373.803382733809
28574,6105.54272737628
28575,7003.4483098119745
28576,6105.54272737628
28577,6105.54272737628
28578,5450.512847831585
28579,6489.527860784833
28580,5187.334323022757
28581,6105.54272737628
28582,6105.54272737628
28583,6105.54272737628
28584,6105.54272737628
28585,7003.4483098119745
28586,6105.54272737628
28587,5416.52579161751
28588,6105.54272737628
28589,5416.52579161751
28590,6105.54272737628
28591,5187.334323022757
28592,6105.54272737628
28593,6105.54272737628
28594,5251.659371028755
28595,5905.958900114833
28596,5450.512847831585
28597,5298.921872414424
28598,6105.54272737628
28599,6105.54272737628
28600,6105.54272737628
28601,5187.334323022757
28602,6105.54272737628
28603,5298.921872414424
28604,7003.4483098119745
28605,6105.54272737628
28606,6105.54272737628
28607,6105.54272737628
28608,6105.54272737628
28609,6105.54272737628
28610,6105.54272737628
28611,5416.52579161751
28612,6105.54272737628
28613,6105.54272737628
28614,6105.54272737628
28615,5373.803382733809
28616,5395.163885864966
28617,6105.54272737628
28618,6105.54272737628
28619,5187.334323022757
28620,7003.4483098119745
28621,6105.54272737628
28622,7003.4483098119745
28623,6105.54272737628
28624,7003.4483098119745
28625,4816.885334026955
28626,5251.659371028755
28627,6105.54272737628
28628,7003.4483098119745
28629,5298.921872414424
28630,5298.921872414424
28631,6105.54272737628
28632,5251.659371028755
28633,6105.54272737628
28634,5298.921872414424
28635,5425.788337188758
28636,5251.659371028755
28637,7003.4483098119745
28638,5251.659371028755
28639,6105.54272737628
28640,6105.54272737628
28641,5298.921872414424
28642,4636.949618483758
28643,5898.356305707557
28644,5373.803382733809
28645,6105.54272737628
28646,5450.512847831585
28647,5310.361126120411
28648,7003.4483098119745
28649,6961.301638795901
28650,5898.356305707557
28651,6105.54272737628
28652,6105.54272737628
28653,5251.659371028755
28654,6105.54272737628
28655,6105.54272737628
28656,6105.54272737628
28657,6105.54272737628
28658,6105.54272737628
28659,5416.52579161751
28660,6105.54272737628
28661,5187.334323022757
28662,5310.361126120411
28663,6105.54272737628
28664,7003.4483098119745
28665,6961.301638795901
28666,6105.54272737628
28667,5310.361126120411
28668,6105.54272737628
28669,5425.788337188758
28670,5373.803382733809
28671,6105.54272737628
28672,6105.54272737628
28673,6105.54272737628
28674,6105.54272737628
28675,5251.659371028755
28676,5450.512847831585
28677,6105.54272737628
28678,5905.958900114833
28679,6105.54272737628
28680,6105.54272737628
28681,6105.54272737628
28682,6105.54272737628
28683,5905.958900114833
28684,4816.885334026955
28685,6105.54272737628
28686,7003.4483098119745
28687,5425.788337188758
28688,5310.361126120411
28689,6105.54272737628
28690,7003.4483098119745
28691,5251.659371028755
28692,4648.133953521635
28693,6105.54272737628
28694,5450.512847831585
28695,5373.803382733809
28696,6105.54272737628
28697,6105.54272737628
28698,6105.54272737628
28699,6105.54272737628
28700,6105.54272737628
28701,5373.803382733809
28702,6105.54272737628
28703,6105.54272737628
28704,4816.885334026955
28705,6105.54272737628
28706,5425.788337188758
28707,5187.334323022757
28708,6105.54272737628
28709,6105.54272737628
28710,6105.54272737628
28711,5310.361126120411
28712,7003.4483098119745
28713,5898.356305707557
28714,4816.885334026955
28715,6105.54272737628
28716,5450.512847831585
28717,6105.54272737628
28718,5251.659371028755
28719,6105.54272737628
28720,7003.4483098119745
28721,5187.334323022757
28722,6105.54272737628
28723,5373.803382733809
28724,6105.54272737628
28725,5416.52579161751
28726,7003.4483098119745
28727,6105.54272737628
28728,6105.54272737628
28729,5450.512847831585
28730,6105.54272737628
28731,6105.54272737628
28732,6105.54272737628
28733,6105.54272737628
28734,6489.527860784833
28735,5373.803382733809
28736,6105.54272737628
28737,6105.54272737628
28738,5450.512847831585
28739,5187.334323022757
28740,6105.54272737628
28741,6105.54272737628
28742,6105.54272737628
28743,4648.133953521635
28744,5373.803382733809
28745,5425.788337188758
28746,4816.885334026955
28747,5416.52579161751
28748,6105.54272737628
28749,6105.54272737628
28750,7003.4483098119745
28751,6105.54272737628
28752,5416.52579161751
28753,5298.921872414424
28754,5450.512847831585
28755,5905.958900114833
28756,5251.659371028755
28757,6105.54272737628
28758,7003.4483098119745
28759,6105.54272737628
28760,6105.54272737628
28761,6105.54272737628
28762,4816.885334026955
28763,5898.356305707557
28764,6105.54272737628
28765,5187.334323022757
28766,5416.52579161751
28767,7243.813980510196
28768,5298.921872414424
28769,5187.334323022757
28770,4816.885334026955
28771,6105.54272737628
28772,5416.52579161751
28773,7003.4483098119745
28774,5373.803382733809
28775,5310.361126120411
28776,6105.54272737628
28777,5251.659371028755
28778,6105.54272737628
28779,6105.54272737628
28780,6105.54272737628
28781,5251.659371028755
28782,6105.54272737628
28783,7003.4483098119745
28784,7003.4483098119745
28785,5310.361126120411
28786,6105.54272737628
28787,7003.4483098119745
28788,5298.921872414424
28789,4636.949618483758
28790,4816.885334026955
28791,5416.52579161751
28792,6105.54272737628
28793,5425.788337188758
28794,5905.958900114833
28795,6105.54272737628
28796,4816.885334026955
28797,5298.921872414424
28798,5416.52579161751
28799,5905.958900114833
28800,5905.958900114833
28801,6105.54272737628
28802,7003.4483098119745
28803,6105.54272737628
28804,5416.52579161751
28805,4816.885334026955
28806,6105.54272737628
28807,6105.54272737628
28808,5298.921872414424
28809,6105.54272737628
28810,6105.54272737628
28811,6105.54272737628
28812,4816.885334026955
28813,6105.54272737628
28814,5905.958900114833
28815,6105.54272737628
28816,6105.54272737628
28817,4648.133953521635
28818,4816.885334026955
28819,5187.334323022757
28820,6105.54272737628
28821,6105.54272737628
28822,6105.54272737628
28823,6105.54272737628
28824,6105.54272737628
28825,7003.4483098119745
28826,5373.803382733809
28827,4816.885334026955
28828,4816.885334026955
28829,4816.885334026955
28830,6105.54272737628
28831,5187.334323022757
28832,5373.803382733809
28833,7003.4483098119745
28834,6105.54272737628
28835,6105.54272737628
28836,5187.334323022757
28837,5905.958900114833
28838,6105.54272737628
28839,5905.958900114833
28840,5251.659371028755
28841,6105.54272737628
28842,6105.54272737628
28843,6105.54272737628
28844,6961.301638795901
28845,6105.54272737628
28846,6105.54272737628
28847,6105.54272737628
28848,6105.54272737628
28849,6105.54272737628
28850,6105.54272737628
28851,4816.885334026955
28852,5905.958900114833
28853,7003.4483098119745
28854,5310.361126120411
28855,5905.958900114833
28856,5187.334323022757
28857,6105.54272737628
28858,6105.54272737628
28859,6105.54272737628
28860,5425.788337188758
28861,6105.54272737628
28862,5373.803382733809
28863,6105.54272737628
28864,7003.4483098119745
28865,6105.54272737628
28866,6105.54272737628
28867,6105.54272737628
28868,6105.54272737628
28869,5905.958900114833
28870,5310.361126120411
28871,5905.958900114833
28872,5395.163885864966
28873,6105.54272737628
28874,6105.54272737628
28875,6105.54272737628
28876,6105.54272737628
28877,6105.54272737628
28878,7003.4483098119745
28879,6105.54272737628
28880,5373.803382733809
28881,6105.54272737628
28882,7003.4483098119745
28883,6961.301638795901
28884,6105.54272737628
28885,6105.54272737628
28886,7003.4483098119745
28887,6105.54272737628
28888,6105.54272737628
28889,6105.54272737628
28890,5416.52579161751
28891,5373.803382733809
28892,5905.958900114833
28893,6105.54272737628
28894,6105.54272737628
28895,6105.54272737628
28896,5425.788337188758
28897,4816.885334026955
28898,5251.659371028755
28899,5187.334323022757
28900,4816.885334026955
28901,6105.54272737628
28902,5187.334323022757
28903,5870.995293277418
28904,4816.885334026955
28905,6105.54272737628
28906,5416.52579161751
28907,6105.54272737628
28908,6489.527860784833
28909,7003.4483098119745
28910,6105.54272737628
28911,6105.54272737628
28912,4816.885334026955
28913,4816.885334026955
28914,6105.54272737628
28915,5416.52579161751
28916,6105.54272737628
28917,5298.921872414424
28918,6105.54272737628
28919,5905.958900114833
28920,6105.54272737628
28921,6489.527860784833
28922,6105.54272737628
28923,5425.788337188758
28924,6105.54272737628
28925,5298.921872414424
28926,6105.54272737628
28927,5187.334323022757
28928,6105.54272737628
28929,6105.54272737628
28930,6105.54272737628
28931,6105.54272737628
28932,6105.54272737628
28933,5251.659371028755
28934,5373.803382733809
28935,4816.885334026955
28936,5187.334323022757
28937,5310.361126120411
28938,6105.54272737628
28939,6105.54272737628
28940,6105.54272737628
28941,5298.921872414424
28942,7003.4483098119745
28943,6105.54272737628
28944,7003.4483098119745
28945,6105.54272737628
28946,4816.885334026955
28947,6105.54272737628
28948,6105.54272737628
28949,6105.54272737628
28950,5251.659371028755
28951,5416.52579161751
28952,6105.54272737628
28953,6105.54272737628
28954,6105.54272737628
28955,6105.54272737628
28956,7003.4483098119745
28957,6105.54272737628
28958,6105.54272737628
28959,5416.52579161751
28960,7003.4483098119745
28961,6105.54272737628
28962,5310.361126120411
28963,5310.361126120411
28964,5450.512847831585
28965,6105.54272737628
28966,5187.334323022757
28967,6105.54272737628
28968,6105.54272737628
28969,5310.361126120411
28970,5450.512847831585
28971,4816.885334026955
28972,6105.54272737628
28973,6105.54272737628
28974,5905.958900114833
28975,6105.54272737628
28976,6105.54272737628
28977,5187.334323022757
28978,5425.788337188758
28979,6105.54272737628
28980,6105.54272737628
28981,6105.54272737628
28982,4816.885334026955
28983,5450.512847831585
28984,6105.54272737628
28985,6105.54272737628
28986,7003.4483098119745
28987,6105.54272737628
28988,5905.958900114833
28989,4648.133953521635
28990,5425.788337188758
28991,5187.334323022757
28992,6105.54272737628
28993,6105.54272737628
28994,5298.921872414424
28995,6105.54272737628
28996,6105.54272737628
28997,4648.133953521635
28998,5905.958900114833
28999,5251.659371028755
29000,5203.982747925428
29001,7003.4483098119745
29002,4816.885334026955
29003,6105.54272737628
29004,5450.512847831585
29005,6105.54272737628
29006,5310.361126120411
29007,5310.361126120411
29008,5450.512847831585
29009,5425.788337188758
29010,6105.54272737628
29011,7003.4483098119745
29012,6105.54272737628
29013,6105.54272737628
29014,5310.361126120411
29015,5251.659371028755
29016,5298.921872414424
29017,7003.4483098119745
29018,4636.949618483758
29019,5898.356305707557
29020,6105.54272737628
29021,6105.54272737628
29022,6105.54272737628
29023,5905.958900114833
29024,5425.788337188758
29025,5425.788337188758
29026,7243.813980510196
29027,5187.334323022757
29028,5187.334323022757
29029,5898.356305707557
29030,5373.803382733809
29031,5450.512847831585
29032,6105.54272737628
29033,6105.54272737628
29034,6105.54272737628
29035,6105.54272737628
29036,6961.301638795901
29037,7003.4483098119745
29038,5187.334323022757
29039,6105.54272737628
29040,4648.133953521635
29041,6105.54272737628
29042,6105.54272737628
29043,6105.54272737628
29044,5905.958900114833
29045,7003.4483098119745
29046,5187.334323022757
29047,5450.512847831585
29048,6105.54272737628
29049,5416.52579161751
29050,7003.4483098119745
29051,4816.885334026955
29052,5898.356305707557
29053,5310.361126120411
29054,5187.334323022757
29055,6105.54272737628
29056,5416.52579161751
29057,7003.4483098119745
29058,6105.54272737628
29059,5373.803382733809
29060,6105.54272737628
29061,5187.334323022757
29062,6105.54272737628
29063,7003.4483098119745
29064,6105.54272737628
29065,6105.54272737628
29066,5373.803382733809
29067,6105.54272737628
29068,6105.54272737628
29069,5298.921872414424
29070,6105.54272737628
29071,5373.803382733809
29072,5298.921872414424
29073,5395.163885864966
29074,5310.361126120411
29075,5373.803382733809
29076,7003.4483098119745
29077,5251.659371028755
29078,7003.4483098119745
29079,5298.921872414424
29080,5450.512847831585
29081,5425.788337188758
29082,6105.54272737628
29083,4636.949618483758
29084,6105.54272737628
29085,6105.54272737628
29086,7003.4483098119745
29087,7003.4483098119745
29088,5905.958900114833
29089,6105.54272737628
29090,4816.885334026955
29091,4816.885334026955
29092,6105.54272737628
29093,7003.4483098119745
29094,5298.921872414424
29095,4816.885334026955
29096,5298.921872414424
29097,5187.334323022757
29098,5450.512847831585
29099,6105.54272737628
29100,5187.334323022757
29101,6105.54272737628
29102,6105.54272737628
29103,6105.54272737628
29104,6105.54272737628
29105,6537.377646653581
29106,5559.696918503076
29107,6537.377646653581
29108,6537.377646653581
29109,6537.377646653581
29110,6537.377646653581
29111,5134.943893097958
29112,5519.964137139839
29113,5384.389473601511
29114,6464.885121552131
29115,5559.696918503076
29116,6537.377646653581
29117,6537.377646653581
29118,6464.885121552131
29119,5384.389473601511
29120,6537.377646653581
29121,6537.377646653581
29122,6464.885121552131
29123,6537.377646653581
29124,5440.779548309979
29125,6537.377646653581
29126,5815.4177083587765
29127,6537.377646653581
29128,5384.389473601511
29129,6537.377646653581
29130,5134.943893097958
29131,6464.885121552131
29132,6537.377646653581
29133,5679.22186285275
29134,5384.389473601511
29135,5679.22186285275
29136,6464.885121552131
29137,6369.952045417568
29138,6537.377646653581
29139,5559.696918503076
29140,5559.696918503076
29141,6537.377646653581
29142,6537.377646653581
29143,6537.377646653581
29144,6059.888798869708
29145,6764.761666954246
29146,6537.377646653581
29147,5815.4177083587765
29148,5458.320353308317
29149,5134.943893097958
29150,6537.377646653581
29151,5914.173098354912
29152,5559.696918503076
29153,6369.952045417568
29154,6537.377646653581
29155,5496.382205414122
29156,6464.885121552131
29157,6537.377646653581
29158,6369.952045417568
29159,5519.964137139839
29160,6537.377646653581
29161,6537.377646653581
29162,6537.377646653581
29163,6537.377646653581
29164,5815.4177083587765
29165,6537.377646653581
29166,6537.377646653581
29167,6464.885121552131
29168,6369.952045417568
29169,6537.377646653581
29170,6537.377646653581
29171,5679.22186285275
29172,6464.885121552131
29173,6537.377646653581
29174,5496.382205414122
29175,5384.389473601511
29176,5559.696918503076
29177,6537.377646653581
29178,5134.943893097958
29179,6537.377646653581
29180,6537.377646653581
29181,6537.377646653581
29182,5815.4177083587765
29183,6277.634639623154
29184,6537.377646653581
29185,6537.377646653581
29186,6537.377646653581
29187,6537.377646653581
29188,6369.952045417568
29189,6537.377646653581
29190,6537.377646653581
29191,6464.885121552131
29192,6537.377646653581
29193,6537.377646653581
29194,6537.377646653581
29195,6369.952045417568
29196,6537.377646653581
29197,6537.377646653581
29198,5914.173098354912
29199,5519.964137139839
29200,5134.943893097958
29201,5559.696918503076
29202,5519.964137139839
29203,6537.377646653581
29204,5458.320353308317
29205,5134.943893097958
29206,6537.377646653581
29207,6464.885121552131
29208,5559.696918503076
29209,5134.943893097958
29210,6537.377646653581
29211,6537.377646653581
29212,6537.377646653581
29213,6537.377646653581
29214,5384.389473601511
29215,6998.418967640201
29216,6537.377646653581
29217,5559.696918503076
29218,6537.377646653581
29219,6537.377646653581
29220,5914.173098354912
29221,6537.377646653581
29222,5496.382205414122
29223,6537.377646653581
29224,5679.22186285275
29225,6537.377646653581
29226,6537.377646653581
29227,6537.377646653581
29228,5519.964137139839
29229,5519.964137139839
29230,5519.964137139839
29231,5679.22186285275
29232,6537.377646653581
29233,5914.173098354912
29234,5559.696918503076
29235,6537.377646653581
29236,6464.885121552131
29237,6537.377646653581
29238,6537.377646653581
29239,6537.377646653581
29240,6537.377646653581
29241,6537.377646653581
29242,5559.696918503076
29243,6059.888798869708
29244,6537.377646653581
29245,6537.377646653581
29246,6464.885121552131
29247,6537.377646653581
29248,5914.173098354912
29249,6537.377646653581
29250,6464.885121552131
29251,6464.885121552131
29252,6464.885121552131
29253,6537.377646653581
29254,5440.779548309979
29255,6537.377646653581
29256,6537.377646653581
29257,5559.696918503076
29258,6537.377646653581
29259,5914.173098354912
29260,6537.377646653581
29261,6464.885121552131
29262,5559.696918503076
29263,6537.377646653581
29264,5679.22186285275
29265,5440.779548309979
29266,6537.377646653581
29267,5134.943893097958
29268,5815.4177083587765
29269,5384.389473601511
29270,5384.389473601511
29271,6537.377646653581
29272,6059.888798869708
29273,6537.377646653581
29274,6537.377646653581
29275,6537.377646653581
29276,5134.943893097958
29277,6537.377646653581
29278,6537.377646653581
29279,5914.173098354912
29280,5559.696918503076
29281,6537.377646653581
29282,6764.761666954246
29283,6537.377646653581
29284,6537.377646653581
29285,6369.952045417568
29286,5384.389473601511
29287,6537.377646653581
29288,6537.377646653581
29289,5559.696918503076
29290,5440.779548309979
29291,5134.943893097958
29292,6537.377646653581
29293,6537.377646653581
29294,5440.779548309979
29295,6464.885121552131
29296,6537.377646653581
29297,5914.173098354912
29298,6537.377646653581
29299,5440.779548309979
29300,5440.779548309979
29301,5134.943893097958
29302,5496.382205414122
29303,5815.4177083587765
29304,6369.952045417568
29305,6537.377646653581
29306,6537.377646653581
29307,6464.885121552131
29308,5559.696918503076
29309,6537.377646653581
29310,6537.377646653581
29311,6537.377646653581
29312,5559.696918503076
29313,6537.377646653581
29314,5815.4177083587765
29315,6464.885121552131
29316,5679.22186285275
29317,6537.377646653581
29318,6464.885121552131
29319,5815.4177083587765
29320,6537.377646653581
29321,6464.885121552131
29322,6464.885121552131
29323,6537.377646653581
29324,6464.885121552131
29325,5559.696918503076
29326,6537.377646653581
29327,6537.377646653581
29328,6537.377646653581
29329,5106.601565709859
29330,5384.389473601511
29331,6537.377646653581
29332,6537.377646653581
29333,6537.377646653581
29334,5134.943893097958
29335,6537.377646653581
29336,6059.888798869708
29337,5914.173098354912
29338,6537.377646653581
29339,5679.22186285275
29340,6464.885121552131
29341,5519.964137139839
29342,6369.952045417568
29343,5815.4177083587765
29344,6537.377646653581
29345,6537.377646653581
29346,5679.22186285275
29347,6537.377646653581
29348,6537.377646653581
29349,5559.696918503076
29350,5458.320353308317
29351,6537.377646653581
29352,5440.779548309979
29353,6537.377646653581
29354,5679.22186285275
29355,6537.377646653581
29356,6537.377646653581
29357,6537.377646653581
29358,5559.696918503076
29359,6537.377646653581
29360,5914.173098354912
29361,5679.22186285275
29362,6537.377646653581
29363,5384.389473601511
29364,6369.952045417568
29365,5815.4177083587765
29366,6537.377646653581
29367,6537.377646653581
29368,6464.885121552131
29369,5559.696918503076
29370,5559.696918503076
29371,6537.377646653581
29372,6537.377646653581
29373,6537.377646653581
29374,6537.377646653581
29375,5559.696918503076
29376,5440.779548309979
29377,6464.885121552131
29378,5559.696918503076
29379,6537.377646653581
29380,6537.377646653581
29381,6537.377646653581
29382,6537.377646653581
29383,6537.377646653581
29384,6537.377646653581
29385,5815.4177083587765
29386,5384.389473601511
29387,6537.377646653581
29388,5384.389473601511
29389,6537.377646653581
29390,5679.22186285275
29391,5384.389473601511
29392,5914.173098354912
29393,6537.377646653581
29394,5914.173098354912
29395,6537.377646653581
29396,6537.377646653581
29397,5815.4177083587765
29398,6537.377646653581
29399,6537.377646653581
29400,5679.22186285275
29401,5106.601565709859
29402,6537.377646653581
29403,6537.377646653581
29404,5679.22186285275
29405,6537.377646653581
29406,6537.377646653581
29407,6537.377646653581
29408,6537.377646653581
29409,5458.320353308317
29410,5134.943893097958
29411,6464.885121552131
29412,6537.377646653581
29413,5815.4177083587765
29414,5559.696918503076
29415,5815.4177083587765
29416,5559.696918503076
29417,5384.389473601511
29418,5134.943893097958
29419,6537.377646653581
29420,6537.377646653581
29421,6764.761666954246
29422,6537.377646653581
29423,5134.943893097958
29424,6537.377646653581
29425,6537.377646653581
29426,5815.4177083587765
29427,5458.320353308317
29428,5458.320353308317
29429,5496.382205414122
29430,6537.377646653581
29431,6464.885121552131
29432,6537.377646653581
29433,6537.377646653581
29434,5519.964137139839
29435,6277.634639623154
29436,5679.22186285275
29437,6537.377646653581
29438,6537.377646653581
29439,6537.377646653581
29440,6537.377646653581
29441,6464.885121552131
29442,6537.377646653581
29443,5384.389473601511
29444,6537.377646653581
29445,5384.389473601511
29446,6537.377646653581
29447,5679.22186285275
29448,6537.377646653581
29449,6537.377646653581
29450,6369.952045417568
29451,5815.4177083587765
29452,5519.964137139839
29453,5440.779548309979
29454,6537.377646653581
29455,6537.377646653581
29456,6537.377646653581
29457,5679.22186285275
29458,6537.377646653581
29459,5440.779548309979
29460,6464.885121552131
29461,6537.377646653581
29462,6537.377646653581
29463,6537.377646653581
29464,6537.377646653581
29465,6537.377646653581
29466,6537.377646653581
29467,5384.389473601511
29468,6537.377646653581
29469,6537.377646653581
29470,6537.377646653581
29471,5496.382205414122
29472,5532.638826381813
29473,6537.377646653581
29474,6537.377646653581
29475,5679.22186285275
29476,6464.885121552131
29477,6537.377646653581
29478,6464.885121552131
29479,6537.377646653581
29480,6464.885121552131
29481,5559.696918503076
29482,6369.952045417568
29483,6537.377646653581
29484,6464.885121552131
29485,5440.779548309979
29486,5440.779548309979
29487,6537.377646653581
29488,6369.952045417568
29489,6537.377646653581
29490,5440.779548309979
29491,5914.173098354912
29492,6369.952045417568
29493,6464.885121552131
29494,6369.952045417568
29495,6537.377646653581
29496,6537.377646653581
29497,5440.779548309979
29498,5458.320353308317
29499,6059.888798869708
29500,5496.382205414122
29501,6537.377646653581
29502,5519.964137139839
29503,5134.943893097958
29504,6464.885121552131
29505,6998.418967640201
29506,6059.888798869708
29507,6537.377646653581
29508,6537.377646653581
29509,6369.952045417568
29510,6537.377646653581
29511,6537.377646653581
29512,6537.377646653581
29513,6537.377646653581
29514,6537.377646653581
29515,5384.389473601511
29516,6537.377646653581
29517,5679.22186285275
29518,5134.943893097958
29519,6537.377646653581
29520,6464.885121552131
29521,6998.418967640201
29522,6537.377646653581
29523,5134.943893097958
29524,6537.377646653581
29525,5914.173098354912
29526,5496.382205414122
29527,6537.377646653581
29528,6537.377646653581
29529,6537.377646653581
29530,6537.377646653581
29531,6369.952045417568
29532,5519.964137139839
29533,6537.377646653581
29534,5815.4177083587765
29535,6537.377646653581
29536,6537.377646653581
29537,6537.377646653581
29538,6537.377646653581
29539,5815.4177083587765
29540,5559.696918503076
29541,6537.377646653581
29542,6464.885121552131
29543,5914.173098354912
29544,5134.943893097958
29545,6537.377646653581
29546,6464.885121552131
29547,6369.952045417568
29548,5106.601565709859
29549,6537.377646653581
29550,5519.964137139839
29551,5496.382205414122
29552,6537.377646653581
29553,6537.377646653581
29554,6537.377646653581
29555,6537.377646653581
29556,6537.377646653581
29557,5496.382205414122
29558,6537.377646653581
29559,6537.377646653581
29560,5559.696918503076
29561,6537.377646653581
29562,5914.173098354912
29563,5679.22186285275
29564,6537.377646653581
29565,6537.377646653581
29566,6537.377646653581
29567,5134.943893097958
29568,6464.885121552131
29569,6059.888798869708
29570,5559.696918503076
29571,6537.377646653581
29572,5519.964137139839
29573,6537.377646653581
29574,6369.952045417568
29575,6537.377646653581
29576,6464.885121552131
29577,5679.22186285275
29578,6537.377646653581
29579,5496.382205414122
29580,6537.377646653581
29581,5384.389473601511
29582,6464.885121552131
29583,6537.377646653581
29584,6537.377646653581
29585,5519.964137139839
29586,6537.377646653581
29587,6537.377646653581
29588,6537.377646653581
29589,6537.377646653581
29590,6277.634639623154
29591,5496.382205414122
29592,6537.377646653581
29593,6537.377646653581
29594,5519.964137139839
29595,5679.22186285275
29596,6537.377646653581
29597,6537.377646653581
29598,6537.377646653581
29599,5106.601565709859
29600,5496.382205414122
29601,5914.173098354912
29602,5559.696918503076
29603,5384.389473601511
29604,6537.377646653581
29605,6537.377646653581
29606,6464.885121552131
29607,6537.377646653581
29608,5384.389473601511
29609,5440.779548309979
29610,5519.964137139839
29611,5815.4177083587765
29612,6369.952045417568
29613,6537.377646653581
29614,6464.885121552131
29615,6537.377646653581
29616,6537.377646653581
29617,6537.377646653581
29618,5559.696918503076
29619,6059.888798869708
29620,6537.377646653581
29621,5679.22186285275
29622,5384.389473601511
29623,6764.761666954246
29624,5440.779548309979
29625,5679.22186285275
29626,5559.696918503076
29627,6537.377646653581
29628,5384.389473601511
29629,6464.885121552131
29630,5496.382205414122
29631,5134.943893097958
29632,6537.377646653581
29633,6369.952045417568
29634,6537.377646653581
29635,6537.377646653581
29636,6537.377646653581
29637,6369.952045417568
29638,6537.377646653581
29639,6464.885121552131
29640,6464.885121552131
29641,5134.943893097958
29642,6537.377646653581
29643,6464.885121552131
29644,5440.779548309979
29645,5458.320353308317
29646,5559.696918503076
29647,5384.389473601511
29648,6537.377646653581
29649,5914.173098354912
29650,5815.4177083587765
29651,6537.377646653581
29652,5559.696918503076
29653,5440.779548309979
29654,5384.389473601511
29655,5815.4177083587765
29656,5815.4177083587765
29657,6537.377646653581
29658,6464.885121552131
29659,6537.377646653581
29660,5384.389473601511
29661,5559.696918503076
29662,6537.377646653581
29663,6537.377646653581
29664,5440.779548309979
29665,6537.377646653581
29666,6537.377646653581
29667,6537.377646653581
29668,5559.696918503076
29669,6537.377646653581
29670,5815.4177083587765
29671,6537.377646653581
29672,6537.377646653581
29673,5106.601565709859
29674,5559.696918503076
29675,5679.22186285275
29676,6537.377646653581
29677,6537.377646653581
29678,6537.377646653581
29679,6537.377646653581
29680,6537.377646653581
29681,6464.885121552131
29682,5496.382205414122
29683,5559.696918503076
29684,5559.696918503076
29685,5559.696918503076
29686,6537.377646653581
29687,5679.22186285275
29688,5496.382205414122
29689,6464.885121552131
29690,6537.377646653581
29691,6537.377646653581
29692,5679.22186285275
29693,5815.4177083587765
29694,6537.377646653581
29695,5815.4177083587765
29696,6369.952045417568
29697,6537.377646653581
29698,6537.377646653581
29699,6537.377646653581
29700,6998.418967640201
29701,6537.377646653581
29702,6537.377646653581
29703,6537.377646653581
29704,6537.377646653581
29705,6537.377646653581
29706,6537.377646653581
29707,5559.696918503076
29708,5815.4177083587765
29709,6464.885121552131
29710,5134.943893097958
29711,5815.4177083587765
29712,5679.22186285275
29713,6537.377646653581
29714,6537.377646653581
29715,6537.377646653581
29716,5914.173098354912
29717,6537.377646653581
29718,5496.382205414122
29719,6537.377646653581
29720,6464.885121552131
29721,6537.377646653581
29722,6537.377646653581
29723,6537.377646653581
29724,6537.377646653581
29725,5815.4177083587765
29726,5134.943893097958
29727,5815.4177083587765
29728,5532.638826381813
29729,6537.377646653581
29730,6537.377646653581
29731,6537.377646653581
29732,6537.377646653581
29733,6537.377646653581
29734,6464.885121552131
29735,6537.377646653581
29736,5496.382205414122
29737,6537.377646653581
29738,6464.885121552131
29739,6998.418967640201
29740,6537.377646653581
29741,6537.377646653581
29742,6464.885121552131
29743,6537.377646653581
29744,6537.377646653581
29745,6537.377646653581
29746,5384.389473601511
29747,5496.382205414122
29748,5815.4177083587765
29749,6537.377646653581
29750,6537.377646653581
29751,6537.377646653581
29752,5914.173098354912
29753,5559.696918503076
29754,6369.952045417568
29755,5679.22186285275
29756,5559.696918503076
29757,6537.377646653581
29758,5679.22186285275
29759,5783.792782244444
29760,5559.696918503076
29761,6537.377646653581
29762,5384.389473601511
29763,6537.377646653581
29764,6277.634639623154
29765,6464.885121552131
29766,6537.377646653581
29767,6537.377646653581
29768,5559.696918503076
29769,5559.696918503076
29770,6537.377646653581
29771,5384.389473601511
29772,6537.377646653581
29773,5440.779548309979
29774,6537.377646653581
29775,5815.4177083587765
29776,6537.377646653581
29777,6277.634639623154
29778,6537.377646653581
29779,5914.173098354912
29780,6537.377646653581
29781,5440.779548309979
29782,6537.377646653581
29783,5679.22186285275
29784,6537.377646653581
29785,6537.377646653581
29786,6537.377646653581
29787,6537.377646653581
29788,6537.377646653581
29789,6369.952045417568
29790,5496.382205414122
29791,5559.696918503076
29792,5679.22186285275
29793,5134.943893097958
29794,6537.377646653581
29795,6537.377646653581
29796,6537.377646653581
29797,5440.779548309979
29798,6464.885121552131
29799,6537.377646653581
29800,6464.885121552131
29801,6537.377646653581
29802,5559.696918503076
29803,6537.377646653581
29804,6537.377646653581
29805,6537.377646653581
29806,6369.952045417568
29807,5384.389473601511
29808,6537.377646653581
29809,6537.377646653581
29810,6537.377646653581
29811,6537.377646653581
29812,6464.885121552131
29813,6537.377646653581
29814,6537.377646653581
29815,5384.389473601511
29816,6464.885121552131
29817,6537.377646653581
29818,5134.943893097958
29819,5134.943893097958
29820,5519.964137139839
29821,6537.377646653581
29822,5679.22186285275
29823,6537.377646653581
29824,6537.377646653581
29825,5134.943893097958
29826,5519.964137139839
29827,5559.696918503076
29828,6537.377646653581
29829,6537.377646653581
29830,5815.4177083587765
29831,6537.377646653581
29832,6537.377646653581
29833,5679.22186285275
29834,5914.173098354912
29835,6537.377646653581
29836,6537.377646653581
29837,6537.377646653581
29838,5559.696918503076
29839,5519.964137139839
29840,6537.377646653581
29841,6537.377646653581
29842,6464.885121552131
29843,6537.377646653581
29844,5815.4177083587765
29845,5106.601565709859
29846,5914.173098354912
29847,5679.22186285275
29848,6537.377646653581
29849,6537.377646653581
29850,5440.779548309979
29851,6537.377646653581
29852,6537.377646653581
29853,5106.601565709859
29854,5815.4177083587765
29855,6369.952045417568
29856,5588.688042860813
29857,6464.885121552131
29858,5559.696918503076
29859,6537.377646653581
29860,5519.964137139839
29861,6537.377646653581
29862,5134.943893097958
29863,5134.943893097958
29864,5519.964137139839
29865,5914.173098354912
29866,6537.377646653581
29867,6464.885121552131
29868,6537.377646653581
29869,6537.377646653581
29870,5134.943893097958
29871,6369.952045417568
29872,5440.779548309979
29873,6464.885121552131
29874,5458.320353308317
29875,6059.888798869708
29876,6537.377646653581
29877,6537.377646653581
29878,6537.377646653581
29879,5815.4177083587765
29880,5914.173098354912
29881,5914.173098354912
29882,6764.761666954246
29883,5679.22186285275
29884,5679.22186285275
29885,6059.888798869708
29886,5496.382205414122
29887,5519.964137139839
29888,6537.377646653581
29889,6537.377646653581
29890,6537.377646653581
29891,6537.377646653581
29892,6998.418967640201
29893,6464.885121552131
29894,5679.22186285275
29895,6537.377646653581
29896,5106.601565709859
29897,6537.377646653581
29898,6537.377646653581
29899,6537.377646653581
29900,5815.4177083587765
29901,6464.885121552131
29902,5679.22186285275
29903,5519.964137139839
29904,6537.377646653581
29905,5384.389473601511
29906,6464.885121552131
29907,5559.696918503076
29908,6059.888798869708
29909,5134.943893097958
29910,5679.22186285275
29911,6537.377646653581
29912,5384.389473601511
29913,6464.885121552131
29914,6537.377646653581
29915,5496.382205414122
29916,6537.377646653581
29917,5679.22186285275
29918,6537.377646653581
29919,6464.885121552131
29920,6537.377646653581
29921,6537.377646653581
29922,5496.382205414122
29923,6537.377646653581
29924,6537.377646653581
29925,5440.779548309979
29926,6537.377646653581
29927,5496.382205414122
29928,5440.779548309979
29929,5532.638826381813
29930,5134.943893097958
29931,5496.382205414122
29932,6464.885121552131
29933,6369.952045417568
29934,6464.885121552131
29935,5440.779548309979
29936,5519.964137139839
29937,5914.173098354912
29938,6537.377646653581
29939,5458.320353308317
29940,6537.377646653581
29941,6537.377646653581
29942,6464.885121552131
29943,6464.885121552131
29944,5815.4177083587765
29945,6537.377646653581
29946,5559.696918503076
29947,5559.696918503076
29948,6537.377646653581
29949,6464.885121552131
29950,5440.779548309979
29951,5559.696918503076
29952,5440.779548309979
29953,5679.22186285275
29954,5519.964137139839
29955,6537.377646653581
29956,5679.22186285275
29957,6537.377646653581
29958,6537.377646653581
29959,6537.377646653581
29960,6537.377646653581
29961,5427.646098715521
29962,4610.0628297382455
29963,5427.646098715521
29964,5427.646098715521
29965,5427.646098715521
29966,5427.646098715521
29967,4236.825841350954
29968,4523.158997283172
29969,4371.0365875808175
29970,5252.042295426485
29971,4610.0628297382455
29972,5427.646098715521
29973,5427.646098715521
29974,5252.042295426485
29975,4371.0365875808175
29976,5427.646098715521
29977,5427.646098715521
29978,5252.042295426485
29979,5427.646098715521
29980,4482.034222551239
29981,5427.646098715521
29982,4762.166074452162
29983,5427.646098715521
29984,4371.0365875808175
29985,5427.646098715521
29986,4236.825841350954
29987,5252.042295426485
29988,5427.646098715521
29989,4650.705442163069
29990,4371.0365875808175
29991,4650.705442163069
29992,5252.042295426485
29993,5284.269429124317
29994,5427.646098715521
29995,4610.0628297382455
29996,4610.0628297382455
29997,5427.646098715521
29998,5427.646098715521
29999,5427.646098715521
30000,4809.138839322173
30001,5466.11523710472
30002,5427.646098715521
30003,4762.166074452162
30004,4312.557172529494
30005,4236.825841350954
30006,5427.646098715521
30007,4904.657041198837
30008,4610.0628297382455
30009,5284.269429124317
30010,5427.646098715521
30011,4392.88911621015
30012,5252.042295426485
30013,5427.646098715521
30014,5284.269429124317
30015,4523.158997283172
30016,5427.646098715521
30017,5427.646098715521
30018,5427.646098715521
30019,5427.646098715521
30020,4762.166074452162
30021,5427.646098715521
30022,5427.646098715521
30023,5252.042295426485
30024,5284.269429124317
30025,5427.646098715521
30026,5427.646098715521
30027,4650.705442163069
30028,5252.042295426485
30029,5427.646098715521
30030,4392.88911621015
30031,4371.0365875808175
30032,4610.0628297382455
30033,5427.646098715521
30034,4236.825841350954
30035,5427.646098715521
30036,5427.646098715521
30037,5427.646098715521
30038,4762.166074452162
30039,4988.132889443565
30040,5427.646098715521
30041,5427.646098715521
30042,5427.646098715521
30043,5427.646098715521
30044,5284.269429124317
30045,5427.646098715521
30046,5427.646098715521
30047,5252.042295426485
30048,5427.646098715521
30049,5427.646098715521
30050,5427.646098715521
30051,5284.269429124317
30052,5427.646098715521
30053,5427.646098715521
30054,4904.657041198837
30055,4523.158997283172
30056,4236.825841350954
30057,4610.0628297382455
30058,4523.158997283172
30059,5427.646098715521
30060,4312.557172529494
30061,4236.825841350954
30062,5427.646098715521
30063,5252.042295426485
30064,4610.0628297382455
30065,4236.825841350954
30066,5427.646098715521
30067,5427.646098715521
30068,5427.646098715521
30069,5427.646098715521
30070,4371.0365875808175
30071,5822.719259468348
30072,5427.646098715521
30073,4610.0628297382455
30074,5427.646098715521
30075,5427.646098715521
30076,4904.657041198837
30077,5427.646098715521
30078,4392.88911621015
30079,5427.646098715521
30080,4650.705442163069
30081,5427.646098715521
30082,5427.646098715521
30083,5427.646098715521
30084,4523.158997283172
30085,4523.158997283172
30086,4523.158997283172
30087,4650.705442163069
30088,5427.646098715521
30089,4904.657041198837
30090,4610.0628297382455
30091,5427.646098715521
30092,5252.042295426485
30093,5427.646098715521
30094,5427.646098715521
30095,5427.646098715521
30096,5427.646098715521
30097,5427.646098715521
30098,4610.0628297382455
30099,4809.138839322173
30100,5427.646098715521
30101,5427.646098715521
30102,5252.042295426485
30103,5427.646098715521
30104,4904.657041198837
30105,5427.646098715521
30106,5252.042295426485
30107,5252.042295426485
30108,5252.042295426485
30109,5427.646098715521
30110,4482.034222551239
30111,5427.646098715521
30112,5427.646098715521
30113,4610.0628297382455
30114,5427.646098715521
30115,4904.657041198837
30116,5427.646098715521
30117,5252.042295426485
30118,4610.0628297382455
30119,5427.646098715521
30120,4650.705442163069
30121,4482.034222551239
30122,5427.646098715521
30123,4236.825841350954
30124,4762.166074452162
30125,4371.0365875808175
30126,4371.0365875808175
30127,5427.646098715521
30128,4809.138839322173
30129,5427.646098715521
30130,5427.646098715521
30131,5427.646098715521
30132,4236.825841350954
30133,5427.646098715521
30134,5427.646098715521
30135,4904.657041198837
30136,4610.0628297382455
30137,5427.646098715521
30138,5466.11523710472
30139,5427.646098715521
30140,5427.646098715521
30141,5284.269429124317
30142,4371.0365875808175
30143,5427.646098715521
30144,5427.646098715521
30145,4610.0628297382455
30146,4482.034222551239
30147,4236.825841350954
30148,5427.646098715521
30149,5427.646098715521
30150,4482.034222551239
30151,5252.042295426485
30152,5427.646098715521
30153,4904.657041198837
30154,5427.646098715521
30155,4482.034222551239
30156,4482.034222551239
30157,4236.825841350954
30158,4392.88911621015
30159,4762.166074452162
30160,5284.269429124317
30161,5427.646098715521
30162,5427.646098715521
30163,5252.042295426485
30164,4610.0628297382455
30165,5427.646098715521
30166,5427.646098715521
30167,5427.646098715521
30168,4610.0628297382455
30169,5427.646098715521
30170,4762.166074452162
30171,5252.042295426485
30172,4650.705442163069
30173,5427.646098715521
30174,5252.042295426485
30175,4762.166074452162
30176,5427.646098715521
30177,5252.042295426485
30178,5252.042295426485
30179,5427.646098715521
30180,5252.042295426485
30181,4610.0628297382455
30182,5427.646098715521
30183,5427.646098715521
30184,5427.646098715521
30185,4332.095695225696
30186,4371.0365875808175
30187,5427.646098715521
30188,5427.646098715521
30189,5427.646098715521
30190,4236.825841350954
30191,5427.646098715521
30192,4809.138839322173
30193,4904.657041198837
30194,5427.646098715521
30195,4650.705442163069
30196,5252.042295426485
30197,4523.158997283172
30198,5284.269429124317
30199,4762.166074452162
30200,5427.646098715521
30201,5427.646098715521
30202,4650.705442163069
30203,5427.646098715521
30204,5427.646098715521
30205,4610.0628297382455
30206,4312.557172529494
30207,5427.646098715521
30208,4482.034222551239
30209,5427.646098715521
30210,4650.705442163069
30211,5427.646098715521
30212,5427.646098715521
30213,5427.646098715521
30214,4610.0628297382455
30215,5427.646098715521
30216,4904.657041198837
30217,4650.705442163069
30218,5427.646098715521
30219,4371.0365875808175
30220,5284.269429124317
30221,4762.166074452162
30222,5427.646098715521
30223,5427.646098715521
30224,5252.042295426485
30225,4610.0628297382455
30226,4610.0628297382455
30227,5427.646098715521
30228,5427.646098715521
30229,5427.646098715521
30230,5427.646098715521
30231,4610.0628297382455
30232,4482.034222551239
30233,5252.042295426485
30234,4610.0628297382455
30235,5427.646098715521
30236,5427.646098715521
30237,5427.646098715521
30238,5427.646098715521
30239,5427.646098715521
30240,5427.646098715521
30241,4762.166074452162
30242,4371.0365875808175
30243,5427.646098715521
30244,4371.0365875808175
30245,5427.646098715521
30246,4650.705442163069
30247,4371.0365875808175
30248,4904.657041198837
30249,5427.646098715521
30250,4904.657041198837
30251,5427.646098715521
30252,5427.646098715521
30253,4762.166074452162
30254,5427.646098715521
30255,5427.646098715521
30256,4650.705442163069
30257,4332.095695225696
30258,5427.646098715521
30259,5427.646098715521
30260,4650.705442163069
30261,5427.646098715521
30262,5427.646098715521
30263,5427.646098715521
30264,5427.646098715521
30265,4312.557172529494
30266,4236.825841350954
30267,5252.042295426485
30268,5427.646098715521
30269,4762.166074452162
30270,4610.0628297382455
30271,4762.166074452162
30272,4610.0628297382455
30273,4371.0365875808175
30274,4236.825841350954
30275,5427.646098715521
30276,5427.646098715521
30277,5466.11523710472
30278,5427.646098715521
30279,4236.825841350954
30280,5427.646098715521
30281,5427.646098715521
30282,4762.166074452162
30283,4312.557172529494
30284,4312.557172529494
30285,4392.88911621015
30286,5427.646098715521
30287,5252.042295426485
30288,5427.646098715521
30289,5427.646098715521
30290,4523.158997283172
30291,4988.132889443565
30292,4650.705442163069
30293,5427.646098715521
30294,5427.646098715521
30295,5427.646098715521
30296,5427.646098715521
30297,5252.042295426485
30298,5427.646098715521
30299,4371.0365875808175
30300,5427.646098715521
30301,4371.0365875808175
30302,5427.646098715521
30303,4650.705442163069
30304,5427.646098715521
30305,5427.646098715521
30306,5284.269429124317
30307,4762.166074452162
30308,4523.158997283172
30309,4482.034222551239
30310,5427.646098715521
30311,5427.646098715521
30312,5427.646098715521
30313,4650.705442163069
30314,5427.646098715521
30315,4482.034222551239
30316,5252.042295426485
30317,5427.646098715521
30318,5427.646098715521
30319,5427.646098715521
30320,5427.646098715521
30321,5427.646098715521
30322,5427.646098715521
30323,4371.0365875808175
30324,5427.646098715521
30325,5427.646098715521
30326,5427.646098715521
30327,4392.88911621015
30328,4607.9082893842
30329,5427.646098715521
30330,5427.646098715521
30331,4650.705442163069
30332,5252.042295426485
30333,5427.646098715521
30334,5252.042295426485
30335,5427.646098715521
30336,5252.042295426485
30337,4610.0628297382455
30338,5284.269429124317
30339,5427.646098715521
30340,5252.042295426485
30341,4482.034222551239
30342,4482.034222551239
30343,5427.646098715521
30344,5284.269429124317
30345,5427.646098715521
30346,4482.034222551239
30347,4904.657041198837
30348,5284.269429124317
30349,5252.042295426485
30350,5284.269429124317
30351,5427.646098715521
30352,5427.646098715521
30353,4482.034222551239
30354,4312.557172529494
30355,4809.138839322173
30356,4392.88911621015
30357,5427.646098715521
30358,4523.158997283172
30359,4236.825841350954
30360,5252.042295426485
30361,5822.719259468348
30362,4809.138839322173
30363,5427.646098715521
30364,5427.646098715521
30365,5284.269429124317
30366,5427.646098715521
30367,5427.646098715521
30368,5427.646098715521
30369,5427.646098715521
30370,5427.646098715521
30371,4371.0365875808175
30372,5427.646098715521
30373,4650.705442163069
30374,4236.825841350954
30375,5427.646098715521
30376,5252.042295426485
30377,5822.719259468348
30378,5427.646098715521
30379,4236.825841350954
30380,5427.646098715521
30381,4904.657041198837
30382,4392.88911621015
30383,5427.646098715521
30384,5427.646098715521
30385,5427.646098715521
30386,5427.646098715521
30387,5284.269429124317
30388,4523.158997283172
30389,5427.646098715521
30390,4762.166074452162
30391,5427.646098715521
30392,5427.646098715521
30393,5427.646098715521
30394,5427.646098715521
30395,4762.166074452162
30396,4610.0628297382455
30397,5427.646098715521
30398,5252.042295426485
30399,4904.657041198837
30400,4236.825841350954
30401,5427.646098715521
30402,5252.042295426485
30403,5284.269429124317
30404,4332.095695225696
30405,5427.646098715521
30406,4523.158997283172
30407,4392.88911621015
30408,5427.646098715521
30409,5427.646098715521
30410,5427.646098715521
30411,5427.646098715521
30412,5427.646098715521
30413,4392.88911621015
30414,5427.646098715521
30415,5427.646098715521
30416,4610.0628297382455
30417,5427.646098715521
30418,4904.657041198837
30419,4650.705442163069
30420,5427.646098715521
30421,5427.646098715521
30422,5427.646098715521
30423,4236.825841350954
30424,5252.042295426485
30425,4809.138839322173
30426,4610.0628297382455
30427,5427.646098715521
30428,4523.158997283172
30429,5427.646098715521
30430,5284.269429124317
30431,5427.646098715521
30432,5252.042295426485
30433,4650.705442163069
30434,5427.646098715521
30435,4392.88911621015
30436,5427.646098715521
30437,4371.0365875808175
30438,5252.042295426485
30439,5427.646098715521
30440,5427.646098715521
30441,4523.158997283172
30442,5427.646098715521
30443,5427.646098715521
30444,5427.646098715521
30445,5427.646098715521
30446,4988.132889443565
30447,4392.88911621015
30448,5427.646098715521
30449,5427.646098715521
30450,4523.158997283172
30451,4650.705442163069
30452,5427.646098715521
30453,5427.646098715521
30454,5427.646098715521
30455,4332.095695225696
30456,4392.88911621015
30457,4904.657041198837
30458,4610.0628297382455
30459,4371.0365875808175
30460,5427.646098715521
30461,5427.646098715521
30462,5252.042295426485
30463,5427.646098715521
30464,4371.0365875808175
30465,4482.034222551239
30466,4523.158997283172
30467,4762.166074452162
30468,5284.269429124317
30469,5427.646098715521
30470,5252.042295426485
30471,5427.646098715521
30472,5427.646098715521
30473,5427.646098715521
30474,4610.0628297382455
30475,4809.138839322173
30476,5427.646098715521
30477,4650.705442163069
30478,4371.0365875808175
30479,5466.11523710472
30480,4482.034222551239
30481,4650.705442163069
30482,4610.0628297382455
30483,5427.646098715521
30484,4371.0365875808175
30485,5252.042295426485
30486,4392.88911621015
30487,4236.825841350954
30488,5427.646098715521
30489,5284.269429124317
30490,5427.646098715521
30491,5427.646098715521
30492,5427.646098715521
30493,5284.269429124317
30494,5427.646098715521
30495,5252.042295426485
30496,5252.042295426485
30497,4236.825841350954
30498,5427.646098715521
30499,5252.042295426485
30500,4482.034222551239
30501,4312.557172529494
30502,4610.0628297382455
30503,4371.0365875808175
30504,5427.646098715521
30505,4904.657041198837
30506,4762.166074452162
30507,5427.646098715521
30508,4610.0628297382455
30509,4482.034222551239
30510,4371.0365875808175
30511,4762.166074452162
30512,4762.166074452162
30513,5427.646098715521
30514,5252.042295426485
30515,5427.646098715521
30516,4371.0365875808175
30517,4610.0628297382455
30518,5427.646098715521
30519,5427.646098715521
30520,4482.034222551239
30521,5427.646098715521
30522,5427.646098715521
30523,5427.646098715521
30524,4610.0628297382455
30525,5427.646098715521
30526,4762.166074452162
30527,5427.646098715521
30528,5427.646098715521
30529,4332.095695225696
30530,4610.0628297382455
30531,4650.705442163069
30532,5427.646098715521
30533,5427.646098715521
30534,5427.646098715521
30535,5427.646098715521
30536,5427.646098715521
30537,5252.042295426485
30538,4392.88911621015
30539,4610.0628297382455
30540,4610.0628297382455
30541,4610.0628297382455
30542,5427.646098715521
30543,4650.705442163069
30544,4392.88911621015
30545,5252.042295426485
30546,5427.646098715521
30547,5427.646098715521
30548,4650.705442163069
30549,4762.166074452162
30550,5427.646098715521
30551,4762.166074452162
30552,5284.269429124317
30553,5427.646098715521
30554,5427.646098715521
30555,5427.646098715521
30556,5822.719259468348
30557,5427.646098715521
30558,5427.646098715521
30559,5427.646098715521
30560,5427.646098715521
30561,5427.646098715521
30562,5427.646098715521
30563,4610.0628297382455
30564,4762.166074452162
30565,5252.042295426485
30566,4236.825841350954
30567,4762.166074452162
30568,4650.705442163069
30569,5427.646098715521
30570,5427.646098715521
30571,5427.646098715521
30572,4904.657041198837
30573,5427.646098715521
30574,4392.88911621015
30575,5427.646098715521
30576,5252.042295426485
30577,5427.646098715521
30578,5427.646098715521
30579,5427.646098715521
30580,5427.646098715521
30581,4762.166074452162
30582,4236.825841350954
30583,4762.166074452162
30584,4607.9082893842
30585,5427.646098715521
30586,5427.646098715521
30587,5427.646098715521
30588,5427.646098715521
30589,5427.646098715521
30590,5252.042295426485
30591,5427.646098715521
30592,4392.88911621015
30593,5427.646098715521
30594,5252.042295426485
30595,5822.719259468348
30596,5427.646098715521
30597,5427.646098715521
30598,5252.042295426485
30599,5427.646098715521
30600,5427.646098715521
30601,5427.646098715521
30602,4371.0365875808175
30603,4392.88911621015
30604,4762.166074452162
30605,5427.646098715521
30606,5427.646098715521
30607,5427.646098715521
30608,4904.657041198837
30609,4610.0628297382455
30610,5284.269429124317
30611,4650.705442163069
30612,4610.0628297382455
30613,5427.646098715521
30614,4650.705442163069
30615,4252.590512828671
30616,4610.0628297382455
30617,5427.646098715521
30618,4371.0365875808175
30619,5427.646098715521
30620,4988.132889443565
30621,5252.042295426485
30622,5427.646098715521
30623,5427.646098715521
30624,4610.0628297382455
30625,4610.0628297382455
30626,5427.646098715521
30627,4371.0365875808175
30628,5427.646098715521
30629,4482.034222551239
30630,5427.646098715521
30631,4762.166074452162
30632,5427.646098715521
30633,4988.132889443565
30634,5427.646098715521
30635,4904.657041198837
30636,5427.646098715521
30637,4482.034222551239
30638,5427.646098715521
30639,4650.705442163069
30640,5427.646098715521
30641,5427.646098715521
30642,5427.646098715521
30643,5427.646098715521
30644,5427.646098715521
30645,5284.269429124317
30646,4392.88911621015
30647,4610.0628297382455
30648,4650.705442163069
30649,4236.825841350954
30650,5427.646098715521
30651,5427.646098715521
30652,5427.646098715521
30653,4482.034222551239
30654,5252.042295426485
30655,5427.646098715521
30656,5252.042295426485
30657,5427.646098715521
30658,4610.0628297382455
30659,5427.646098715521
30660,5427.646098715521
30661,5427.646098715521
30662,5284.269429124317
30663,4371.0365875808175
30664,5427.646098715521
30665,5427.646098715521
30666,5427.646098715521
30667,5427.646098715521
30668,5252.042295426485
30669,5427.646098715521
30670,5427.646098715521
30671,4371.0365875808175
30672,5252.042295426485
30673,5427.646098715521
30674,4236.825841350954
30675,4236.825841350954
30676,4523.158997283172
30677,5427.646098715521
30678,4650.705442163069
30679,5427.646098715521
30680,5427.646098715521
30681,4236.825841350954
30682,4523.158997283172
30683,4610.0628297382455
30684,5427.646098715521
30685,5427.646098715521
30686,4762.166074452162
30687,5427.646098715521
30688,5427.646098715521
30689,4650.705442163069
30690,4904.657041198837
30691,5427.646098715521
30692,5427.646098715521
30693,5427.646098715521
30694,4610.0628297382455
30695,4523.158997283172
30696,5427.646098715521
30697,5427.646098715521
30698,5252.042295426485
30699,5427.646098715521
30700,4762.166074452162
30701,4332.095695225696
30702,4904.657041198837
30703,4650.705442163069
30704,5427.646098715521
30705,5427.646098715521
30706,4482.034222551239
30707,5427.646098715521
30708,5427.646098715521
30709,4332.095695225696
30710,4762.166074452162
30711,5284.269429124317
30712,4605.998596447271
30713,5252.042295426485
30714,4610.0628297382455
30715,5427.646098715521
30716,4523.158997283172
30717,5427.646098715521
30718,4236.825841350954
30719,4236.825841350954
30720,4523.158997283172
30721,4904.657041198837
30722,5427.646098715521
30723,5252.042295426485
30724,5427.646098715521
30725,5427.646098715521
30726,4236.825841350954
30727,5284.269429124317
30728,4482.034222551239
30729,5252.042295426485
30730,4312.557172529494
30731,4809.138839322173
30732,5427.646098715521
30733,5427.646098715521
30734,5427.646098715521
30735,4762.166074452162
30736,4904.657041198837
30737,4904.657041198837
30738,5466.11523710472
30739,4650.705442163069
30740,4650.705442163069
30741,4809.138839322173
30742,4392.88911621015
30743,4523.158997283172
30744,5427.646098715521
30745,5427.646098715521
30746,5427.646098715521
30747,5427.646098715521
30748,5822.719259468348
30749,5252.042295426485
30750,4650.705442163069
30751,5427.646098715521
30752,4332.095695225696
30753,5427.646098715521
30754,5427.646098715521
30755,5427.646098715521
30756,4762.166074452162
30757,5252.042295426485
30758,4650.705442163069
30759,4523.158997283172
30760,5427.646098715521
30761,4371.0365875808175
30762,5252.042295426485
30763,4610.0628297382455
30764,4809.138839322173
30765,4236.825841350954
30766,4650.705442163069
30767,5427.646098715521
30768,4371.0365875808175
30769,5252.042295426485
30770,5427.646098715521
30771,4392.88911621015
30772,5427.646098715521
30773,4650.705442163069
30774,5427.646098715521
30775,5252.042295426485
30776,5427.646098715521
30777,5427.646098715521
30778,4392.88911621015
30779,5427.646098715521
30780,5427.646098715521
30781,4482.034222551239
30782,5427.646098715521
30783,4392.88911621015
30784,4482.034222551239
30785,4607.9082893842
30786,4236.825841350954
30787,4392.88911621015
30788,5252.042295426485
30789,5284.269429124317
30790,5252.042295426485
30791,4482.034222551239
30792,4523.158997283172
30793,4904.657041198837
30794,5427.646098715521
30795,4312.557172529494
30796,5427.646098715521
30797,5427.646098715521
30798,5252.042295426485
30799,5252.042295426485
30800,4762.166074452162
30801,5427.646098715521
30802,4610.0628297382455
30803,4610.0628297382455
30804,5427.646098715521
30805,5252.042295426485
30806,4482.034222551239
30807,4610.0628297382455
30808,4482.034222551239
30809,4650.705442163069
30810,4523.158997283172
30811,5427.646098715521
30812,4650.705442163069
30813,5427.646098715521
30814,5427.646098715521
30815,5427.646098715521
30816,5427.646098715521
30817,5766.530148319413
30818,4838.65826928834
30819,5766.530148319413
30820,5766.530148319413
30821,5766.530148319413
30822,5766.530148319413
30823,4529.503919220147
30824,4874.008718227808
30825,4732.912825654623
30826,5724.23168311
30827,4838.65826928834
30828,5766.530148319413
30829,5766.530148319413
30830,5724.23168311
30831,4732.912825654623
30832,5766.530148319413
30833,5766.530148319413
30834,5724.23168311
30835,5766.530148319413
30836,4778.513493959597
30837,5766.530148319413
30838,5062.748987960775
30839,5766.530148319413
30840,4732.912825654623
30841,5766.530148319413
30842,4529.503919220147
30843,5724.23168311
30844,5766.530148319413
30845,5002.398179947377
30846,4732.912825654623
30847,5002.398179947377
30848,5724.23168311
30849,5535.934501501763
30850,5766.530148319413
30851,4838.65826928834
30852,4838.65826928834
30853,5766.530148319413
30854,5766.530148319413
30855,5766.530148319413
30856,5048.844783470854
30857,5666.140130798315
30858,5766.530148319413
30859,5062.748987960775
30860,4708.2008083660385
30861,4529.503919220147
30862,5766.530148319413
30863,5127.4771638712355
30864,4838.65826928834
30865,5535.934501501763
30866,5766.530148319413
30867,4684.648853525065
30868,5724.23168311
30869,5766.530148319413
30870,5535.934501501763
30871,4874.008718227808
30872,5766.530148319413
30873,5766.530148319413
30874,5766.530148319413
30875,5766.530148319413
30876,5062.748987960775
30877,5766.530148319413
30878,5766.530148319413
30879,5724.23168311
30880,5535.934501501763
30881,5766.530148319413
30882,5766.530148319413
30883,5002.398179947377
30884,5724.23168311
30885,5766.530148319413
30886,4684.648853525065
30887,4732.912825654623
30888,4838.65826928834
30889,5766.530148319413
30890,4529.503919220147
30891,5766.530148319413
30892,5766.530148319413
30893,5766.530148319413
30894,5062.748987960775
30895,5344.662564020694
30896,5766.530148319413
30897,5766.530148319413
30898,5766.530148319413
30899,5766.530148319413
30900,5535.934501501763
30901,5766.530148319413
30902,5766.530148319413
30903,5724.23168311
30904,5766.530148319413
30905,5766.530148319413
30906,5766.530148319413
30907,5535.934501501763
30908,5766.530148319413
30909,5766.530148319413
30910,5127.4771638712355
30911,4874.008718227808
30912,4529.503919220147
30913,4838.65826928834
30914,4874.008718227808
30915,5766.530148319413
30916,4708.2008083660385
30917,4529.503919220147
30918,5766.530148319413
30919,5724.23168311
30920,4838.65826928834
30921,4529.503919220147
30922,5766.530148319413
30923,5766.530148319413
30924,5766.530148319413
30925,5766.530148319413
30926,4732.912825654623
30927,6141.051152445709
30928,5766.530148319413
30929,4838.65826928834
30930,5766.530148319413
30931,5766.530148319413
30932,5127.4771638712355
30933,5766.530148319413
30934,4684.648853525065
30935,5766.530148319413
30936,5002.398179947377
30937,5766.530148319413
30938,5766.530148319413
30939,5766.530148319413
30940,4874.008718227808
30941,4874.008718227808
30942,4874.008718227808
30943,5002.398179947377
30944,5766.530148319413
30945,5127.4771638712355
30946,4838.65826928834
30947,5766.530148319413
30948,5724.23168311
30949,5766.530148319413
30950,5766.530148319413
30951,5766.530148319413
30952,5766.530148319413
30953,5766.530148319413
30954,4838.65826928834
30955,5048.844783470854
30956,5766.530148319413
30957,5766.530148319413
30958,5724.23168311
30959,5766.530148319413
30960,5127.4771638712355
30961,5766.530148319413
30962,5724.23168311
30963,5724.23168311
30964,5724.23168311
30965,5766.530148319413
30966,4778.513493959597
30967,5766.530148319413
30968,5766.530148319413
30969,4838.65826928834
30970,5766.530148319413
30971,5127.4771638712355
30972,5766.530148319413
30973,5724.23168311
30974,4838.65826928834
30975,5766.530148319413
30976,5002.398179947377
30977,4778.513493959597
30978,5766.530148319413
30979,4529.503919220147
30980,5062.748987960775
30981,4732.912825654623
30982,4732.912825654623
30983,5766.530148319413
30984,5048.844783470854
30985,5766.530148319413
30986,5766.530148319413
30987,5766.530148319413
30988,4529.503919220147
30989,5766.530148319413
30990,5766.530148319413
30991,5127.4771638712355
30992,4838.65826928834
30993,5766.530148319413
30994,5666.140130798315
30995,5766.530148319413
30996,5766.530148319413
30997,5535.934501501763
30998,4732.912825654623
30999,5766.530148319413
31000,5766.530148319413
31001,4838.65826928834
31002,4778.513493959597
31003,4529.503919220147
31004,5766.530148319413
31005,5766.530148319413
31006,4778.513493959597
31007,5724.23168311
31008,5766.530148319413
31009,5127.4771638712355
31010,5766.530148319413
31011,4778.513493959597
31012,4778.513493959597
31013,4529.503919220147
31014,4684.648853525065
31015,5062.748987960775
31016,5535.934501501763
31017,5766.530148319413
31018,5766.530148319413
31019,5724.23168311
31020,4838.65826928834
31021,5766.530148319413
31022,5766.530148319413
31023,5766.530148319413
31024,4838.65826928834
31025,5766.530148319413
31026,5062.748987960775
31027,5724.23168311
31028,5002.398179947377
31029,5766.530148319413
31030,5724.23168311
31031,5062.748987960775
31032,5766.530148319413
31033,5724.23168311
31034,5724.23168311
31035,5766.530148319413
31036,5724.23168311
31037,4838.65826928834
31038,5766.530148319413
31039,5766.530148319413
31040,5766.530148319413
31041,4483.406700176694
31042,4732.912825654623
31043,5766.530148319413
31044,5766.530148319413
31045,5766.530148319413
31046,4529.503919220147
31047,5766.530148319413
31048,5048.844783470854
31049,5127.4771638712355
31050,5766.530148319413
31051,5002.398179947377
31052,5724.23168311
31053,4874.008718227808
31054,5535.934501501763
31055,5062.748987960775
31056,5766.530148319413
31057,5766.530148319413
31058,5002.398179947377
31059,5766.530148319413
31060,5766.530148319413
31061,4838.65826928834
31062,4708.2008083660385
31063,5766.530148319413
31064,4778.513493959597
31065,5766.530148319413
31066,5002.398179947377
31067,5766.530148319413
31068,5766.530148319413
31069,5766.530148319413
31070,4838.65826928834
31071,5766.530148319413
31072,5127.4771638712355
31073,5002.398179947377
31074,5766.530148319413
31075,4732.912825654623
31076,5535.934501501763
31077,5062.748987960775
31078,5766.530148319413
31079,5766.530148319413
31080,5724.23168311
31081,4838.65826928834
31082,4838.65826928834
31083,5766.530148319413
31084,5766.530148319413
31085,5766.530148319413
31086,5766.530148319413
31087,4838.65826928834
31088,4778.513493959597
31089,5724.23168311
31090,4838.65826928834
31091,5766.530148319413
31092,5766.530148319413
31093,5766.530148319413
31094,5766.530148319413
31095,5766.530148319413
31096,5766.530148319413
31097,5062.748987960775
31098,4732.912825654623
31099,5766.530148319413
31100,4732.912825654623
31101,5766.530148319413
31102,5002.398179947377
31103,4732.912825654623
31104,5127.4771638712355
31105,5766.530148319413
31106,5127.4771638712355
31107,5766.530148319413
31108,5766.530148319413
31109,5062.748987960775
31110,5766.530148319413
31111,5766.530148319413
31112,5002.398179947377
31113,4483.406700176694
31114,5766.530148319413
31115,5766.530148319413
31116,5002.398179947377
31117,5766.530148319413
31118,5766.530148319413
31119,5766.530148319413
31120,5766.530148319413
31121,4708.2008083660385
31122,4529.503919220147
31123,5724.23168311
31124,5766.530148319413
31125,5062.748987960775
31126,4838.65826928834
31127,5062.748987960775
31128,4838.65826928834
31129,4732.912825654623
31130,4529.503919220147
31131,5766.530148319413
31132,5766.530148319413
31133,5666.140130798315
31134,5766.530148319413
31135,4529.503919220147
31136,5766.530148319413
31137,5766.530148319413
31138,5062.748987960775
31139,4708.2008083660385
31140,4708.2008083660385
31141,4684.648853525065
31142,5766.530148319413
31143,5724.23168311
31144,5766.530148319413
31145,5766.530148319413
31146,4874.008718227808
31147,5344.662564020694
31148,5002.398179947377
31149,5766.530148319413
31150,5766.530148319413
31151,5766.530148319413
31152,5766.530148319413
31153,5724.23168311
31154,5766.530148319413
31155,4732.912825654623
31156,5766.530148319413
31157,4732.912825654623
31158,5766.530148319413
31159,5002.398179947377
31160,5766.530148319413
31161,5766.530148319413
31162,5535.934501501763
31163,5062.748987960775
31164,4874.008718227808
31165,4778.513493959597
31166,5766.530148319413
31167,5766.530148319413
31168,5766.530148319413
31169,5002.398179947377
31170,5766.530148319413
31171,4778.513493959597
31172,5724.23168311
31173,5766.530148319413
31174,5766.530148319413
31175,5766.530148319413
31176,5766.530148319413
31177,5766.530148319413
31178,5766.530148319413
31179,4732.912825654623
31180,5766.530148319413
31181,5766.530148319413
31182,5766.530148319413
31183,4684.648853525065
31184,4890.1547184951
31185,5766.530148319413
31186,5766.530148319413
31187,5002.398179947377
31188,5724.23168311
31189,5766.530148319413
31190,5724.23168311
31191,5766.530148319413
31192,5724.23168311
31193,4838.65826928834
31194,5535.934501501763
31195,5766.530148319413
31196,5724.23168311
31197,4778.513493959597
31198,4778.513493959597
31199,5766.530148319413
31200,5535.934501501763
31201,5766.530148319413
31202,4778.513493959597
31203,5127.4771638712355
31204,5535.934501501763
31205,5724.23168311
31206,5535.934501501763
31207,5766.530148319413
31208,5766.530148319413
31209,4778.513493959597
31210,4708.2008083660385
31211,5048.844783470854
31212,4684.648853525065
31213,5766.530148319413
31214,4874.008718227808
31215,4529.503919220147
31216,5724.23168311
31217,6141.051152445709
31218,5048.844783470854
31219,5766.530148319413
31220,5766.530148319413
31221,5535.934501501763
31222,5766.530148319413
31223,5766.530148319413
31224,5766.530148319413
31225,5766.530148319413
31226,5766.530148319413
31227,4732.912825654623
31228,5766.530148319413
31229,5002.398179947377
31230,4529.503919220147
31231,5766.530148319413
31232,5724.23168311
31233,6141.051152445709
31234,5766.530148319413
31235,4529.503919220147
31236,5766.530148319413
31237,5127.4771638712355
31238,4684.648853525065
31239,5766.530148319413
31240,5766.530148319413
31241,5766.530148319413
31242,5766.530148319413
31243,5535.934501501763
31244,4874.008718227808
31245,5766.530148319413
31246,5062.748987960775
31247,5766.530148319413
31248,5766.530148319413
31249,5766.530148319413
31250,5766.530148319413
31251,5062.748987960775
31252,4838.65826928834
31253,5766.530148319413
31254,5724.23168311
31255,5127.4771638712355
31256,4529.503919220147
31257,5766.530148319413
31258,5724.23168311
31259,5535.934501501763
31260,4483.406700176694
31261,5766.530148319413
31262,4874.008718227808
31263,4684.648853525065
31264,5766.530148319413
31265,5766.530148319413
31266,5766.530148319413
31267,5766.530148319413
31268,5766.530148319413
31269,4684.648853525065
31270,5766.530148319413
31271,5766.530148319413
31272,4838.65826928834
31273,5766.530148319413
31274,5127.4771638712355
31275,5002.398179947377
31276,5766.530148319413
31277,5766.530148319413
31278,5766.530148319413
31279,4529.503919220147
31280,5724.23168311
31281,5048.844783470854
31282,4838.65826928834
31283,5766.530148319413
31284,4874.008718227808
31285,5766.530148319413
31286,5535.934501501763
31287,5766.530148319413
31288,5724.23168311
31289,5002.398179947377
31290,5766.530148319413
31291,4684.648853525065
31292,5766.530148319413
31293,4732.912825654623
31294,5724.23168311
31295,5766.530148319413
31296,5766.530148319413
31297,4874.008718227808
31298,5766.530148319413
31299,5766.530148319413
31300,5766.530148319413
31301,5766.530148319413
31302,5344.662564020694
31303,4684.648853525065
31304,5766.530148319413
31305,5766.530148319413
31306,4874.008718227808
31307,5002.398179947377
31308,5766.530148319413
31309,5766.530148319413
31310,5766.530148319413
31311,4483.406700176694
31312,4684.648853525065
31313,5127.4771638712355
31314,4838.65826928834
31315,4732.912825654623
31316,5766.530148319413
31317,5766.530148319413
31318,5724.23168311
31319,5766.530148319413
31320,4732.912825654623
31321,4778.513493959597
31322,4874.008718227808
31323,5062.748987960775
31324,5535.934501501763
31325,5766.530148319413
31326,5724.23168311
31327,5766.530148319413
31328,5766.530148319413
31329,5766.530148319413
31330,4838.65826928834
31331,5048.844783470854
31332,5766.530148319413
31333,5002.398179947377
31334,4732.912825654623
31335,5666.140130798315
31336,4778.513493959597
31337,5002.398179947377
31338,4838.65826928834
31339,5766.530148319413
31340,4732.912825654623
31341,5724.23168311
31342,4684.648853525065
31343,4529.503919220147
31344,5766.530148319413
31345,5535.934501501763
31346,5766.530148319413
31347,5766.530148319413
31348,5766.530148319413
31349,5535.934501501763
31350,5766.530148319413
31351,5724.23168311
31352,5724.23168311
31353,4529.503919220147
31354,5766.530148319413
31355,5724.23168311
31356,4778.513493959597
31357,4708.2008083660385
31358,4838.65826928834
31359,4732.912825654623
31360,5766.530148319413
31361,5127.4771638712355
31362,5062.748987960775
31363,5766.530148319413
31364,4838.65826928834
31365,4778.513493959597
31366,4732.912825654623
31367,5062.748987960775
31368,5062.748987960775
31369,5766.530148319413
31370,5724.23168311
31371,5766.530148319413
31372,4732.912825654623
31373,4838.65826928834
31374,5766.530148319413
31375,5766.530148319413
31376,4778.513493959597
31377,5766.530148319413
31378,5766.530148319413
31379,5766.530148319413
31380,4838.65826928834
31381,5766.530148319413
31382,5062.748987960775
31383,5766.530148319413
31384,5766.530148319413
31385,4483.406700176694
31386,4838.65826928834
31387,5002.398179947377
31388,5766.530148319413
31389,5766.530148319413
31390,5766.530148319413
31391,5766.530148319413
31392,5766.530148319413
31393,5724.23168311
31394,4684.648853525065
31395,4838.65826928834
31396,4838.65826928834
31397,4838.65826928834
31398,5766.530148319413
31399,5002.398179947377
31400,4684.648853525065
31401,5724.23168311
31402,5766.530148319413
31403,5766.530148319413
31404,5002.398179947377
31405,5062.748987960775
31406,5766.530148319413
31407,5062.748987960775
31408,5535.934501501763
31409,5766.530148319413
31410,5766.530148319413
31411,5766.530148319413
31412,6141.051152445709
31413,5766.530148319413
31414,5766.530148319413
31415,5766.530148319413
31416,5766.530148319413
31417,5766.530148319413
31418,5766.530148319413
31419,4838.65826928834
31420,5062.748987960775
31421,5724.23168311
31422,4529.503919220147
31423,5062.748987960775
31424,5002.398179947377
31425,5766.530148319413
31426,5766.530148319413
31427,5766.530148319413
31428,5127.4771638712355
31429,5766.530148319413
31430,4684.648853525065
31431,5766.530148319413
31432,5724.23168311
31433,5766.530148319413
31434,5766.530148319413
31435,5766.530148319413
31436,5766.530148319413
31437,5062.748987960775
31438,4529.503919220147
31439,5062.748987960775
31440,4890.1547184951
31441,5766.530148319413
31442,5766.530148319413
31443,5766.530148319413
31444,5766.530148319413
31445,5766.530148319413
31446,5724.23168311
31447,5766.530148319413
31448,4684.648853525065
31449,5766.530148319413
31450,5724.23168311
31451,6141.051152445709
31452,5766.530148319413
31453,5766.530148319413
31454,5724.23168311
31455,5766.530148319413
31456,5766.530148319413
31457,5766.530148319413
31458,4732.912825654623
31459,4684.648853525065
31460,5062.748987960775
31461,5766.530148319413
31462,5766.530148319413
31463,5766.530148319413
31464,5127.4771638712355
31465,4838.65826928834
31466,5535.934501501763
31467,5002.398179947377
31468,4838.65826928834
31469,5766.530148319413
31470,5002.398179947377
31471,4275.926755788722
31472,4838.65826928834
31473,5766.530148319413
31474,4732.912825654623
31475,5766.530148319413
31476,5344.662564020694
31477,5724.23168311
31478,5766.530148319413
31479,5766.530148319413
31480,4838.65826928834
31481,4838.65826928834
31482,5766.530148319413
31483,4732.912825654623
31484,5766.530148319413
31485,4778.513493959597
31486,5766.530148319413
31487,5062.748987960775
31488,5766.530148319413
31489,5344.662564020694
31490,5766.530148319413
31491,5127.4771638712355
31492,5766.530148319413
31493,4778.513493959597
31494,5766.530148319413
31495,5002.398179947377
31496,5766.530148319413
31497,5766.530148319413
31498,5766.530148319413
31499,5766.530148319413
31500,5766.530148319413
31501,5535.934501501763
31502,4684.648853525065
31503,4838.65826928834
31504,5002.398179947377
31505,4529.503919220147
31506,5766.530148319413
31507,5766.530148319413
31508,5766.530148319413
31509,4778.513493959597
31510,5724.23168311
31511,5766.530148319413
31512,5724.23168311
31513,5766.530148319413
31514,4838.65826928834
31515,5766.530148319413
31516,5766.530148319413
31517,5766.530148319413
31518,5535.934501501763
31519,4732.912825654623
31520,5766.530148319413
31521,5766.530148319413
31522,5766.530148319413
31523,5766.530148319413
31524,5724.23168311
31525,5766.530148319413
31526,5766.530148319413
31527,4732.912825654623
31528,5724.23168311
31529,5766.530148319413
31530,4529.503919220147
31531,4529.503919220147
31532,4874.008718227808
31533,5766.530148319413
31534,5002.398179947377
31535,5766.530148319413
31536,5766.530148319413
31537,4529.503919220147
31538,4874.008718227808
31539,4838.65826928834
31540,5766.530148319413
31541,5766.530148319413
31542,5062.748987960775
31543,5766.530148319413
31544,5766.530148319413
31545,5002.398179947377
31546,5127.4771638712355
31547,5766.530148319413
31548,5766.530148319413
31549,5766.530148319413
31550,4838.65826928834
31551,4874.008718227808
31552,5766.530148319413
31553,5766.530148319413
31554,5724.23168311
31555,5766.530148319413
31556,5062.748987960775
31557,4483.406700176694
31558,5127.4771638712355
31559,5002.398179947377
31560,5766.530148319413
31561,5766.530148319413
31562,4778.513493959597
31563,5766.530148319413
31564,5766.530148319413
31565,4483.406700176694
31566,5062.748987960775
31567,5535.934501501763
31568,4992.0963563637515
31569,5724.23168311
31570,4838.65826928834
31571,5766.530148319413
31572,4874.008718227808
31573,5766.530148319413
31574,4529.503919220147
31575,4529.503919220147
31576,4874.008718227808
31577,5127.4771638712355
31578,5766.530148319413
31579,5724.23168311
31580,5766.530148319413
31581,5766.530148319413
31582,4529.503919220147
31583,5535.934501501763
31584,4778.513493959597
31585,5724.23168311
31586,4708.2008083660385
31587,5048.844783470854
31588,5766.530148319413
31589,5766.530148319413
31590,5766.530148319413
31591,5062.748987960775
31592,5127.4771638712355
31593,5127.4771638712355
31594,5666.140130798315
31595,5002.398179947377
31596,5002.398179947377
31597,5048.844783470854
31598,4684.648853525065
31599,4874.008718227808
31600,5766.530148319413
31601,5766.530148319413
31602,5766.530148319413
31603,5766.530148319413
31604,6141.051152445709
31605,5724.23168311
31606,5002.398179947377
31607,5766.530148319413
31608,4483.406700176694
31609,5766.530148319413
31610,5766.530148319413
31611,5766.530148319413
31612,5062.748987960775
31613,5724.23168311
31614,5002.398179947377
31615,4874.008718227808
31616,5766.530148319413
31617,4732.912825654623
31618,5724.23168311
31619,4838.65826928834
31620,5048.844783470854
31621,4529.503919220147
31622,5002.398179947377
31623,5766.530148319413
31624,4732.912825654623
31625,5724.23168311
31626,5766.530148319413
31627,4684.648853525065
31628,5766.530148319413
31629,5002.398179947377
31630,5766.530148319413
31631,5724.23168311
31632,5766.530148319413
31633,5766.530148319413
31634,4684.648853525065
31635,5766.530148319413
31636,5766.530148319413
31637,4778.513493959597
31638,5766.530148319413
31639,4684.648853525065
31640,4778.513493959597
31641,4890.1547184951
31642,4529.503919220147
31643,4684.648853525065
31644,5724.23168311
31645,5535.934501501763
31646,5724.23168311
31647,4778.513493959597
31648,4874.008718227808
31649,5127.4771638712355
31650,5766.530148319413
31651,4708.2008083660385
31652,5766.530148319413
31653,5766.530148319413
31654,5724.23168311
31655,5724.23168311
31656,5062.748987960775
31657,5766.530148319413
31658,4838.65826928834
31659,4838.65826928834
31660,5766.530148319413
31661,5724.23168311
31662,4778.513493959597
31663,4838.65826928834
31664,4778.513493959597
31665,5002.398179947377
31666,4874.008718227808
31667,5766.530148319413
31668,5002.398179947377
31669,5766.530148319413
31670,5766.530148319413
31671,5766.530148319413
31672,5766.530148319413
31673,6004.592038013104
31674,4991.070032898287
31675,6004.592038013104
31676,6004.592038013104
31677,6004.592038013104
31678,6004.592038013104
31679,4675.038993996703
31680,5026.072625716574
31681,4774.02033661311
31682,5807.033562317161
31683,4991.070032898287
31684,6004.592038013104
31685,6004.592038013104
31686,5807.033562317161
31687,4774.02033661311
31688,6004.592038013104
31689,6004.592038013104
31690,5807.033562317161
31691,6004.592038013104
31692,4901.824836099693
31693,6004.592038013104
31694,5178.286986436136
31695,6004.592038013104
31696,4774.02033661311
31697,6004.592038013104
31698,4675.038993996703
31699,5807.033562317161
31700,6004.592038013104
31701,5033.278505203972
31702,4774.02033661311
31703,5033.278505203972
31704,5807.033562317161
31705,5737.967038497247
31706,6004.592038013104
31707,4991.070032898287
31708,4991.070032898287
31709,6004.592038013104
31710,6004.592038013104
31711,6004.592038013104
31712,5188.126611725252
31713,5782.597014785518
31714,6004.592038013104
31715,5178.286986436136
31716,4721.092957096981
31717,4675.038993996703
31718,6004.592038013104
31719,5306.186906381187
31720,4991.070032898287
31721,5737.967038497247
31722,6004.592038013104
31723,4823.766432271195
31724,5807.033562317161
31725,6004.592038013104
31726,5737.967038497247
31727,5026.072625716574
31728,6004.592038013104
31729,6004.592038013104
31730,6004.592038013104
31731,6004.592038013104
31732,5178.286986436136
31733,6004.592038013104
31734,6004.592038013104
31735,5807.033562317161
31736,5737.967038497247
31737,6004.592038013104
31738,6004.592038013104
31739,5033.278505203972
31740,5807.033562317161
31741,6004.592038013104
31742,4823.766432271195
31743,4774.02033661311
31744,4991.070032898287
31745,6004.592038013104
31746,4675.038993996703
31747,6004.592038013104
31748,6004.592038013104
31749,6004.592038013104
31750,5178.286986436136
31751,5386.850735314002
31752,6004.592038013104
31753,6004.592038013104
31754,6004.592038013104
31755,6004.592038013104
31756,5737.967038497247
31757,6004.592038013104
31758,6004.592038013104
31759,5807.033562317161
31760,6004.592038013104
31761,6004.592038013104
31762,6004.592038013104
31763,5737.967038497247
31764,6004.592038013104
31765,6004.592038013104
31766,5306.186906381187
31767,5026.072625716574
31768,4675.038993996703
31769,4991.070032898287
31770,5026.072625716574
31771,6004.592038013104
31772,4721.092957096981
31773,4675.038993996703
31774,6004.592038013104
31775,5807.033562317161
31776,4991.070032898287
31777,4675.038993996703
31778,6004.592038013104
31779,6004.592038013104
31780,6004.592038013104
31781,6004.592038013104
31782,4774.02033661311
31783,6230.908572340731
31784,6004.592038013104
31785,4991.070032898287
31786,6004.592038013104
31787,6004.592038013104
31788,5306.186906381187
31789,6004.592038013104
31790,4823.766432271195
31791,6004.592038013104
31792,5033.278505203972
31793,6004.592038013104
31794,6004.592038013104
31795,6004.592038013104
31796,5026.072625716574
31797,5026.072625716574
31798,5026.072625716574
31799,5033.278505203972
31800,6004.592038013104
31801,5306.186906381187
31802,4991.070032898287
31803,6004.592038013104
31804,5807.033562317161
31805,6004.592038013104
31806,6004.592038013104
31807,6004.592038013104
31808,6004.592038013104
31809,6004.592038013104
31810,4991.070032898287
31811,5188.126611725252
31812,6004.592038013104
31813,6004.592038013104
31814,5807.033562317161
31815,6004.592038013104
31816,5306.186906381187
31817,6004.592038013104
31818,5807.033562317161
31819,5807.033562317161
31820,5807.033562317161
31821,6004.592038013104
31822,4901.824836099693
31823,6004.592038013104
31824,6004.592038013104
31825,4991.070032898287
31826,6004.592038013104
31827,5306.186906381187
31828,6004.592038013104
31829,5807.033562317161
31830,4991.070032898287
31831,6004.592038013104
31832,5033.278505203972
31833,4901.824836099693
31834,6004.592038013104
31835,4675.038993996703
31836,5178.286986436136
31837,4774.02033661311
31838,4774.02033661311
31839,6004.592038013104
31840,5188.126611725252
31841,6004.592038013104
31842,6004.592038013104
31843,6004.592038013104
31844,4675.038993996703
31845,6004.592038013104
31846,6004.592038013104
31847,5306.186906381187
31848,4991.070032898287
31849,6004.592038013104
31850,5782.597014785518
31851,6004.592038013104
31852,6004.592038013104
31853,5737.967038497247
31854,4774.02033661311
31855,6004.592038013104
31856,6004.592038013104
31857,4991.070032898287
31858,4901.824836099693
31859,4675.038993996703
31860,6004.592038013104
31861,6004.592038013104
31862,4901.824836099693
31863,5807.033562317161
31864,6004.592038013104
31865,5306.186906381187
31866,6004.592038013104
31867,4901.824836099693
31868,4901.824836099693
31869,4675.038993996703
31870,4823.766432271195
31871,5178.286986436136
31872,5737.967038497247
31873,6004.592038013104
31874,6004.592038013104
31875,5807.033562317161
31876,4991.070032898287
31877,6004.592038013104
31878,6004.592038013104
31879,6004.592038013104
31880,4991.070032898287
31881,6004.592038013104
31882,5178.286986436136
31883,5807.033562317161
31884,5033.278505203972
31885,6004.592038013104
31886,5807.033562317161
31887,5178.286986436136
31888,6004.592038013104
31889,5807.033562317161
31890,5807.033562317161
31891,6004.592038013104
31892,5807.033562317161
31893,4991.070032898287
31894,6004.592038013104
31895,6004.592038013104
31896,6004.592038013104
31897,4603.618402926571
31898,4774.02033661311
31899,6004.592038013104
31900,6004.592038013104
31901,6004.592038013104
31902,4675.038993996703
31903,6004.592038013104
31904,5188.126611725252
31905,5306.186906381187
31906,6004.592038013104
31907,5033.278505203972
31908,5807.033562317161
31909,5026.072625716574
31910,5737.967038497247
31911,5178.286986436136
31912,6004.592038013104
31913,6004.592038013104
31914,5033.278505203972
31915,6004.592038013104
31916,6004.592038013104
31917,4991.070032898287
31918,4721.092957096981
31919,6004.592038013104
31920,4901.824836099693
31921,6004.592038013104
31922,5033.278505203972
31923,6004.592038013104
31924,6004.592038013104
31925,6004.592038013104
31926,4991.070032898287
31927,6004.592038013104
31928,5306.186906381187
31929,5033.278505203972
31930,6004.592038013104
31931,4774.02033661311
31932,5737.967038497247
31933,5178.286986436136
31934,6004.592038013104
31935,6004.592038013104
31936,5807.033562317161
31937,4991.070032898287
31938,4991.070032898287
31939,6004.592038013104
31940,6004.592038013104
31941,6004.592038013104
31942,6004.592038013104
31943,4991.070032898287
31944,4901.824836099693
31945,5807.033562317161
31946,4991.070032898287
31947,6004.592038013104
31948,6004.592038013104
31949,6004.592038013104
31950,6004.592038013104
31951,6004.592038013104
31952,6004.592038013104
31953,5178.286986436136
31954,4774.02033661311
31955,6004.592038013104
31956,4774.02033661311
31957,6004.592038013104
31958,5033.278505203972
31959,4774.02033661311
31960,5306.186906381187
31961,6004.592038013104
31962,5306.186906381187
31963,6004.592038013104
31964,6004.592038013104
31965,5178.286986436136
31966,6004.592038013104
31967,6004.592038013104
31968,5033.278505203972
31969,4603.618402926571
31970,6004.592038013104
31971,6004.592038013104
31972,5033.278505203972
31973,6004.592038013104
31974,6004.592038013104
31975,6004.592038013104
31976,6004.592038013104
31977,4721.092957096981
31978,4675.038993996703
31979,5807.033562317161
31980,6004.592038013104
31981,5178.286986436136
31982,4991.070032898287
31983,5178.286986436136
31984,4991.070032898287
31985,4774.02033661311
31986,4675.038993996703
31987,6004.592038013104
31988,6004.592038013104
31989,5782.597014785518
31990,6004.592038013104
31991,4675.038993996703
31992,6004.592038013104
31993,6004.592038013104
31994,5178.286986436136
31995,4721.092957096981
31996,4721.092957096981
31997,4823.766432271195
31998,6004.592038013104
31999,5807.033562317161
32000,6004.592038013104
32001,6004.592038013104
32002,5026.072625716574
32003,5386.850735314002
32004,5033.278505203972
32005,6004.592038013104
32006,6004.592038013104
32007,6004.592038013104
32008,6004.592038013104
32009,5807.033562317161
32010,6004.592038013104
32011,4774.02033661311
32012,6004.592038013104
32013,4774.02033661311
32014,6004.592038013104
32015,5033.278505203972
32016,6004.592038013104
32017,6004.592038013104
32018,5737.967038497247
32019,5178.286986436136
32020,5026.072625716574
32021,4901.824836099693
32022,6004.592038013104
32023,6004.592038013104
32024,6004.592038013104
32025,5033.278505203972
32026,6004.592038013104
32027,4901.824836099693
32028,5807.033562317161
32029,6004.592038013104
32030,6004.592038013104
32031,6004.592038013104
32032,6004.592038013104
32033,6004.592038013104
32034,6004.592038013104
32035,4774.02033661311
32036,6004.592038013104
32037,6004.592038013104
32038,6004.592038013104
32039,4823.766432271195
32040,4934.394237005376
32041,6004.592038013104
32042,6004.592038013104
32043,5033.278505203972
32044,5807.033562317161
32045,6004.592038013104
32046,5807.033562317161
32047,6004.592038013104
32048,5807.033562317161
32049,4991.070032898287
32050,5737.967038497247
32051,6004.592038013104
32052,5807.033562317161
32053,4901.824836099693
32054,4901.824836099693
32055,6004.592038013104
32056,5737.967038497247
32057,6004.592038013104
32058,4901.824836099693
32059,5306.186906381187
32060,5737.967038497247
32061,5807.033562317161
32062,5737.967038497247
32063,6004.592038013104
32064,6004.592038013104
32065,4901.824836099693
32066,4721.092957096981
32067,5188.126611725252
32068,4823.766432271195
32069,6004.592038013104
32070,5026.072625716574
32071,4675.038993996703
32072,5807.033562317161
32073,6230.908572340731
32074,5188.126611725252
32075,6004.592038013104
32076,6004.592038013104
32077,5737.967038497247
32078,6004.592038013104
32079,6004.592038013104
32080,6004.592038013104
32081,6004.592038013104
32082,6004.592038013104
32083,4774.02033661311
32084,6004.592038013104
32085,5033.278505203972
32086,4675.038993996703
32087,6004.592038013104
32088,5807.033562317161
32089,6230.908572340731
32090,6004.592038013104
32091,4675.038993996703
32092,6004.592038013104
32093,5306.186906381187
32094,4823.766432271195
32095,6004.592038013104
32096,6004.592038013104
32097,6004.592038013104
32098,6004.592038013104
32099,5737.967038497247
32100,5026.072625716574
32101,6004.592038013104
32102,5178.286986436136
32103,6004.592038013104
32104,6004.592038013104
32105,6004.592038013104
32106,6004.592038013104
32107,5178.286986436136
32108,4991.070032898287
32109,6004.592038013104
32110,5807.033562317161
32111,5306.186906381187
32112,4675.038993996703
32113,6004.592038013104
32114,5807.033562317161
32115,5737.967038497247
32116,4603.618402926571
32117,6004.592038013104
32118,5026.072625716574
32119,4823.766432271195
32120,6004.592038013104
32121,6004.592038013104
32122,6004.592038013104
32123,6004.592038013104
32124,6004.592038013104
32125,4823.766432271195
32126,6004.592038013104
32127,6004.592038013104
32128,4991.070032898287
32129,6004.592038013104
32130,5306.186906381187
32131,5033.278505203972
32132,6004.592038013104
32133,6004.592038013104
32134,6004.592038013104
32135,4675.038993996703
32136,5807.033562317161
32137,5188.126611725252
32138,4991.070032898287
32139,6004.592038013104
32140,5026.072625716574
32141,6004.592038013104
32142,5737.967038497247
32143,6004.592038013104
32144,5807.033562317161
32145,5033.278505203972
32146,6004.592038013104
32147,4823.766432271195
32148,6004.592038013104
32149,4774.02033661311
32150,5807.033562317161
32151,6004.592038013104
32152,6004.592038013104
32153,5026.072625716574
32154,6004.592038013104
32155,6004.592038013104
32156,6004.592038013104
32157,6004.592038013104
32158,5386.850735314002
32159,4823.766432271195
32160,6004.592038013104
32161,6004.592038013104
32162,5026.072625716574
32163,5033.278505203972
32164,6004.592038013104
32165,6004.592038013104
32166,6004.592038013104
32167,4603.618402926571
32168,4823.766432271195
32169,5306.186906381187
32170,4991.070032898287
32171,4774.02033661311
32172,6004.592038013104
32173,6004.592038013104
32174,5807.033562317161
32175,6004.592038013104
32176,4774.02033661311
32177,4901.824836099693
32178,5026.072625716574
32179,5178.286986436136
32180,5737.967038497247
32181,6004.592038013104
32182,5807.033562317161
32183,6004.592038013104
32184,6004.592038013104
32185,6004.592038013104
32186,4991.070032898287
32187,5188.126611725252
32188,6004.592038013104
32189,5033.278505203972
32190,4774.02033661311
32191,5782.597014785518
32192,4901.824836099693
32193,5033.278505203972
32194,4991.070032898287
32195,6004.592038013104
32196,4774.02033661311
32197,5807.033562317161
32198,4823.766432271195
32199,4675.038993996703
32200,6004.592038013104
32201,5737.967038497247
32202,6004.592038013104
32203,6004.592038013104
32204,6004.592038013104
32205,5737.967038497247
32206,6004.592038013104
32207,5807.033562317161
32208,5807.033562317161
32209,4675.038993996703
32210,6004.592038013104
32211,5807.033562317161
32212,4901.824836099693
32213,4721.092957096981
32214,4991.070032898287
32215,4774.02033661311
32216,6004.592038013104
32217,5306.186906381187
32218,5178.286986436136
32219,6004.592038013104
32220,4991.070032898287
32221,4901.824836099693
32222,4774.02033661311
32223,5178.286986436136
32224,5178.286986436136
32225,6004.592038013104
32226,5807.033562317161
32227,6004.592038013104
32228,4774.02033661311
32229,4991.070032898287
32230,6004.592038013104
32231,6004.592038013104
32232,4901.824836099693
32233,6004.592038013104
32234,6004.592038013104
32235,6004.592038013104
32236,4991.070032898287
32237,6004.592038013104
32238,5178.286986436136
32239,6004.592038013104
32240,6004.592038013104
32241,4603.618402926571
32242,4991.070032898287
32243,5033.278505203972
32244,6004.592038013104
32245,6004.592038013104
32246,6004.592038013104
32247,6004.592038013104
32248,6004.592038013104
32249,5807.033562317161
32250,4823.766432271195
32251,4991.070032898287
32252,4991.070032898287
32253,4991.070032898287
32254,6004.592038013104
32255,5033.278505203972
32256,4823.766432271195
32257,5807.033562317161
32258,6004.592038013104
32259,6004.592038013104
32260,5033.278505203972
32261,5178.286986436136
32262,6004.592038013104
32263,5178.286986436136
32264,5737.967038497247
32265,6004.592038013104
32266,6004.592038013104
32267,6004.592038013104
32268,6230.908572340731
32269,6004.592038013104
32270,6004.592038013104
32271,6004.592038013104
32272,6004.592038013104
32273,6004.592038013104
32274,6004.592038013104
32275,4991.070032898287
32276,5178.286986436136
32277,5807.033562317161
32278,4675.038993996703
32279,5178.286986436136
32280,5033.278505203972
32281,6004.592038013104
32282,6004.592038013104
32283,6004.592038013104
32284,5306.186906381187
32285,6004.592038013104
32286,4823.766432271195
32287,6004.592038013104
32288,5807.033562317161
32289,6004.592038013104
32290,6004.592038013104
32291,6004.592038013104
32292,6004.592038013104
32293,5178.286986436136
32294,4675.038993996703
32295,5178.286986436136
32296,4934.394237005376
32297,6004.592038013104
32298,6004.592038013104
32299,6004.592038013104
32300,6004.592038013104
32301,6004.592038013104
32302,5807.033562317161
32303,6004.592038013104
32304,4823.766432271195
32305,6004.592038013104
32306,5807.033562317161
32307,6230.908572340731
32308,6004.592038013104
32309,6004.592038013104
32310,5807.033562317161
32311,6004.592038013104
32312,6004.592038013104
32313,6004.592038013104
32314,4774.02033661311
32315,4823.766432271195
32316,5178.286986436136
32317,6004.592038013104
32318,6004.592038013104
32319,6004.592038013104
32320,5306.186906381187
32321,4991.070032898287
32322,5737.967038497247
32323,5033.278505203972
32324,4991.070032898287
32325,6004.592038013104
32326,5033.278505203972
32327,4275.926755788722
32328,4991.070032898287
32329,6004.592038013104
32330,4774.02033661311
32331,6004.592038013104
32332,5386.850735314002
32333,5807.033562317161
32334,6004.592038013104
32335,6004.592038013104
32336,4991.070032898287
32337,4991.070032898287
32338,6004.592038013104
32339,4774.02033661311
32340,6004.592038013104
32341,4901.824836099693
32342,6004.592038013104
32343,5178.286986436136
32344,6004.592038013104
32345,5386.850735314002
32346,6004.592038013104
32347,5306.186906381187
32348,6004.592038013104
32349,4901.824836099693
32350,6004.592038013104
32351,5033.278505203972
32352,6004.592038013104
32353,6004.592038013104
32354,6004.592038013104
32355,6004.592038013104
32356,6004.592038013104
32357,5737.967038497247
32358,4823.766432271195
32359,4991.070032898287
32360,5033.278505203972
32361,4675.038993996703
32362,6004.592038013104
32363,6004.592038013104
32364,6004.592038013104
32365,4901.824836099693
32366,5807.033562317161
32367,6004.592038013104
32368,5807.033562317161
32369,6004.592038013104
32370,4991.070032898287
32371,6004.592038013104
32372,6004.592038013104
32373,6004.592038013104
32374,5737.967038497247
32375,4774.02033661311
32376,6004.592038013104
32377,6004.592038013104
32378,6004.592038013104
32379,6004.592038013104
32380,5807.033562317161
32381,6004.592038013104
32382,6004.592038013104
32383,4774.02033661311
32384,5807.033562317161
32385,6004.592038013104
32386,4675.038993996703
32387,4675.038993996703
32388,5026.072625716574
32389,6004.592038013104
32390,5033.278505203972
32391,6004.592038013104
32392,6004.592038013104
32393,4675.038993996703
32394,5026.072625716574
32395,4991.070032898287
32396,6004.592038013104
32397,6004.592038013104
32398,5178.286986436136
32399,6004.592038013104
32400,6004.592038013104
32401,5033.278505203972
32402,5306.186906381187
32403,6004.592038013104
32404,6004.592038013104
32405,6004.592038013104
32406,4991.070032898287
32407,5026.072625716574
32408,6004.592038013104
32409,6004.592038013104
32410,5807.033562317161
32411,6004.592038013104
32412,5178.286986436136
32413,4603.618402926571
32414,5306.186906381187
32415,5033.278505203972
32416,6004.592038013104
32417,6004.592038013104
32418,4901.824836099693
32419,6004.592038013104
32420,6004.592038013104
32421,4603.618402926571
32422,5178.286986436136
32423,5737.967038497247
32424,5022.369931989964
32425,5807.033562317161
32426,4991.070032898287
32427,6004.592038013104
32428,5026.072625716574
32429,6004.592038013104
32430,4675.038993996703
32431,4675.038993996703
32432,5026.072625716574
32433,5306.186906381187
32434,6004.592038013104
32435,5807.033562317161
32436,6004.592038013104
32437,6004.592038013104
32438,4675.038993996703
32439,5737.967038497247
32440,4901.824836099693
32441,5807.033562317161
32442,4721.092957096981
32443,5188.126611725252
32444,6004.592038013104
32445,6004.592038013104
32446,6004.592038013104
32447,5178.286986436136
32448,5306.186906381187
32449,5306.186906381187
32450,5782.597014785518
32451,5033.278505203972
32452,5033.278505203972
32453,5188.126611725252
32454,4823.766432271195
32455,5026.072625716574
32456,6004.592038013104
32457,6004.592038013104
32458,6004.592038013104
32459,6004.592038013104
32460,6230.908572340731
32461,5807.033562317161
32462,5033.278505203972
32463,6004.592038013104
32464,4603.618402926571
32465,6004.592038013104
32466,6004.592038013104
32467,6004.592038013104
32468,5178.286986436136
32469,5807.033562317161
32470,5033.278505203972
32471,5026.072625716574
32472,6004.592038013104
32473,4774.02033661311
32474,5807.033562317161
32475,4991.070032898287
32476,5188.126611725252
32477,4675.038993996703
32478,5033.278505203972
32479,6004.592038013104
32480,4774.02033661311
32481,5807.033562317161
32482,6004.592038013104
32483,4823.766432271195
32484,6004.592038013104
32485,5033.278505203972
32486,6004.592038013104
32487,5807.033562317161
32488,6004.592038013104
32489,6004.592038013104
32490,4823.766432271195
32491,6004.592038013104
32492,6004.592038013104
32493,4901.824836099693
32494,6004.592038013104
32495,4823.766432271195
32496,4901.824836099693
32497,4934.394237005376
32498,4675.038993996703
32499,4823.766432271195
32500,5807.033562317161
32501,5737.967038497247
32502,5807.033562317161
32503,4901.824836099693
32504,5026.072625716574
32505,5306.186906381187
32506,6004.592038013104
32507,4721.092957096981
32508,6004.592038013104
32509,6004.592038013104
32510,5807.033562317161
32511,5807.033562317161
32512,5178.286986436136
32513,6004.592038013104
32514,4991.070032898287
32515,4991.070032898287
32516,6004.592038013104
32517,5807.033562317161
32518,4901.824836099693
32519,4991.070032898287
32520,4901.824836099693
32521,5033.278505203972
32522,5026.072625716574
32523,6004.592038013104
32524,5033.278505203972
32525,6004.592038013104
32526,6004.592038013104
32527,6004.592038013104
32528,6004.592038013104
32529,6009.055358445136
32530,4964.493690058645
32531,6009.055358445136
32532,6009.055358445136
32533,6009.055358445136
32534,6009.055358445136
32535,4661.294540497731
32536,4998.993461282129
32537,4770.977062007788
32538,5806.151913614057
32539,4964.493690058645
32540,6009.055358445136
32541,6009.055358445136
32542,5806.151913614057
32543,4770.977062007788
32544,6009.055358445136
32545,6009.055358445136
32546,5806.151913614057
32547,6009.055358445136
32548,4891.834435812213
32549,6009.055358445136
32550,5166.8996101502435
32551,6009.055358445136
32552,4770.977062007788
32553,6009.055358445136
32554,4661.294540497731
32555,5806.151913614057
32556,6009.055358445136
32557,5034.735931256556
32558,4770.977062007788
32559,5034.735931256556
32560,5806.151913614057
32561,5736.033358101808
32562,6009.055358445136
32563,4964.493690058645
32564,4964.493690058645
32565,6009.055358445136
32566,6009.055358445136
32567,6009.055358445136
32568,5181.287155151871
32569,5782.427450318128
32570,6009.055358445136
32571,5166.8996101502435
32572,4722.375488628298
32573,4661.294540497731
32574,6009.055358445136
32575,5231.230261654611
32576,4964.493690058645
32577,5736.033358101808
32578,6009.055358445136
32579,4824.3589219547675
32580,5806.151913614057
32581,6009.055358445136
32582,5736.033358101808
32583,4998.993461282129
32584,6009.055358445136
32585,6009.055358445136
32586,6009.055358445136
32587,6009.055358445136
32588,5166.8996101502435
32589,6009.055358445136
32590,6009.055358445136
32591,5806.151913614057
32592,5736.033358101808
32593,6009.055358445136
32594,6009.055358445136
32595,5034.735931256556
32596,5806.151913614057
32597,6009.055358445136
32598,4824.3589219547675
32599,4770.977062007788
32600,4964.493690058645
32601,6009.055358445136
32602,4661.294540497731
32603,6009.055358445136
32604,6009.055358445136
32605,6009.055358445136
32606,5166.8996101502435
32607,5511.58155092657
32608,6009.055358445136
32609,6009.055358445136
32610,6009.055358445136
32611,6009.055358445136
32612,5736.033358101808
32613,6009.055358445136
32614,6009.055358445136
32615,5806.151913614057
32616,6009.055358445136
32617,6009.055358445136
32618,6009.055358445136
32619,5736.033358101808
32620,6009.055358445136
32621,6009.055358445136
32622,5231.230261654611
32623,4998.993461282129
32624,4661.294540497731
32625,4964.493690058645
32626,4998.993461282129
32627,6009.055358445136
32628,4722.375488628298
32629,4661.294540497731
32630,6009.055358445136
32631,5806.151913614057
32632,4964.493690058645
32633,4661.294540497731
32634,6009.055358445136
32635,6009.055358445136
32636,6009.055358445136
32637,6009.055358445136
32638,4770.977062007788
32639,6259.023889726872
32640,6009.055358445136
32641,4964.493690058645
32642,6009.055358445136
32643,6009.055358445136
32644,5231.230261654611
32645,6009.055358445136
32646,4824.3589219547675
32647,6009.055358445136
32648,5034.735931256556
32649,6009.055358445136
32650,6009.055358445136
32651,6009.055358445136
32652,4998.993461282129
32653,4998.993461282129
32654,4998.993461282129
32655,5034.735931256556
32656,6009.055358445136
32657,5231.230261654611
32658,4964.493690058645
32659,6009.055358445136
32660,5806.151913614057
32661,6009.055358445136
32662,6009.055358445136
32663,6009.055358445136
32664,6009.055358445136
32665,6009.055358445136
32666,4964.493690058645
32667,5181.287155151871
32668,6009.055358445136
32669,6009.055358445136
32670,5806.151913614057
32671,6009.055358445136
32672,5231.230261654611
32673,6009.055358445136
32674,5806.151913614057
32675,5806.151913614057
32676,5806.151913614057
32677,6009.055358445136
32678,4891.834435812213
32679,6009.055358445136
32680,6009.055358445136
32681,4964.493690058645
32682,6009.055358445136
32683,5231.230261654611
32684,6009.055358445136
32685,5806.151913614057
32686,4964.493690058645
32687,6009.055358445136
32688,5034.735931256556
32689,4891.834435812213
32690,6009.055358445136
32691,4661.294540497731
32692,5166.8996101502435
32693,4770.977062007788
32694,4770.977062007788
32695,6009.055358445136
32696,5181.287155151871
32697,6009.055358445136
32698,6009.055358445136
32699,6009.055358445136
32700,4661.294540497731
32701,6009.055358445136
32702,6009.055358445136
32703,5231.230261654611
32704,4964.493690058645
32705,6009.055358445136
32706,5782.427450318128
32707,6009.055358445136
32708,6009.055358445136
32709,5736.033358101808
32710,4770.977062007788
32711,6009.055358445136
32712,6009.055358445136
32713,4964.493690058645
32714,4891.834435812213
32715,4661.294540497731
32716,6009.055358445136
32717,6009.055358445136
32718,4891.834435812213
32719,5806.151913614057
32720,6009.055358445136
32721,5231.230261654611
32722,6009.055358445136
32723,4891.834435812213
32724,4891.834435812213
32725,4661.294540497731
32726,4824.3589219547675
32727,5166.8996101502435
32728,5736.033358101808
32729,6009.055358445136
32730,6009.055358445136
32731,5806.151913614057
32732,4964.493690058645
32733,6009.055358445136
32734,6009.055358445136
32735,6009.055358445136
32736,4964.493690058645
32737,6009.055358445136
32738,5166.8996101502435
32739,5806.151913614057
32740,5034.735931256556
32741,6009.055358445136
32742,5806.151913614057
32743,5166.8996101502435
32744,6009.055358445136
32745,5806.151913614057
32746,5806.151913614057
32747,6009.055358445136
32748,5806.151913614057
32749,4964.493690058645
32750,6009.055358445136
32751,6009.055358445136
32752,6009.055358445136
32753,4566.161442237703
32754,4770.977062007788
32755,6009.055358445136
32756,6009.055358445136
32757,6009.055358445136
32758,4661.294540497731
32759,6009.055358445136
32760,5181.287155151871
32761,5231.230261654611
32762,6009.055358445136
32763,5034.735931256556
32764,5806.151913614057
32765,4998.993461282129
32766,5736.033358101808
32767,5166.8996101502435
32768,6009.055358445136
32769,6009.055358445136
32770,5034.735931256556
32771,6009.055358445136
32772,6009.055358445136
32773,4964.493690058645
32774,4722.375488628298
32775,6009.055358445136
32776,4891.834435812213
32777,6009.055358445136
32778,5034.735931256556
32779,6009.055358445136
32780,6009.055358445136
32781,6009.055358445136
32782,4964.493690058645
32783,6009.055358445136
32784,5231.230261654611
32785,5034.735931256556
32786,6009.055358445136
32787,4770.977062007788
32788,5736.033358101808
32789,5166.8996101502435
32790,6009.055358445136
32791,6009.055358445136
32792,5806.151913614057
32793,4964.493690058645
32794,4964.493690058645
32795,6009.055358445136
32796,6009.055358445136
32797,6009.055358445136
32798,6009.055358445136
32799,4964.493690058645
32800,4891.834435812213
32801,5806.151913614057
32802,4964.493690058645
32803,6009.055358445136
32804,6009.055358445136
32805,6009.055358445136
32806,6009.055358445136
32807,6009.055358445136
32808,6009.055358445136
32809,5166.8996101502435
32810,4770.977062007788
32811,6009.055358445136
32812,4770.977062007788
32813,6009.055358445136
32814,5034.735931256556
32815,4770.977062007788
32816,5231.230261654611
32817,6009.055358445136
32818,5231.230261654611
32819,6009.055358445136
32820,6009.055358445136
32821,5166.8996101502435
32822,6009.055358445136
32823,6009.055358445136
32824,5034.735931256556
32825,4566.161442237703
32826,6009.055358445136
32827,6009.055358445136
32828,5034.735931256556
32829,6009.055358445136
32830,6009.055358445136
32831,6009.055358445136
32832,6009.055358445136
32833,4722.375488628298
32834,4661.294540497731
32835,5806.151913614057
32836,6009.055358445136
32837,5166.8996101502435
32838,4964.493690058645
32839,5166.8996101502435
32840,4964.493690058645
32841,4770.977062007788
32842,4661.294540497731
32843,6009.055358445136
32844,6009.055358445136
32845,5782.427450318128
32846,6009.055358445136
32847,4661.294540497731
32848,6009.055358445136
32849,6009.055358445136
32850,5166.8996101502435
32851,4722.375488628298
32852,4722.375488628298
32853,4824.3589219547675
32854,6009.055358445136
32855,5806.151913614057
32856,6009.055358445136
32857,6009.055358445136
32858,4998.993461282129
32859,5511.58155092657
32860,5034.735931256556
32861,6009.055358445136
32862,6009.055358445136
32863,6009.055358445136
32864,6009.055358445136
32865,5806.151913614057
32866,6009.055358445136
32867,4770.977062007788
32868,6009.055358445136
32869,4770.977062007788
32870,6009.055358445136
32871,5034.735931256556
32872,6009.055358445136
32873,6009.055358445136
32874,5736.033358101808
32875,5166.8996101502435
32876,4998.993461282129
32877,4891.834435812213
32878,6009.055358445136
32879,6009.055358445136
32880,6009.055358445136
32881,5034.735931256556
32882,6009.055358445136
32883,4891.834435812213
32884,5806.151913614057
32885,6009.055358445136
32886,6009.055358445136
32887,6009.055358445136
32888,6009.055358445136
32889,6009.055358445136
32890,6009.055358445136
32891,4770.977062007788
32892,6009.055358445136
32893,6009.055358445136
32894,6009.055358445136
32895,4824.3589219547675
32896,4931.350962400055
32897,6009.055358445136
32898,6009.055358445136
32899,5034.735931256556
32900,5806.151913614057
32901,6009.055358445136
32902,5806.151913614057
32903,6009.055358445136
32904,5806.151913614057
32905,4964.493690058645
32906,5736.033358101808
32907,6009.055358445136
32908,5806.151913614057
32909,4891.834435812213
32910,4891.834435812213
32911,6009.055358445136
32912,5736.033358101808
32913,6009.055358445136
32914,4891.834435812213
32915,5231.230261654611
32916,5736.033358101808
32917,5806.151913614057
32918,5736.033358101808
32919,6009.055358445136
32920,6009.055358445136
32921,4891.834435812213
32922,4722.375488628298
32923,5181.287155151871
32924,4824.3589219547675
32925,6009.055358445136
32926,4998.993461282129
32927,4661.294540497731
32928,5806.151913614057
32929,6259.023889726872
32930,5181.287155151871
32931,6009.055358445136
32932,6009.055358445136
32933,5736.033358101808
32934,6009.055358445136
32935,6009.055358445136
32936,6009.055358445136
32937,6009.055358445136
32938,6009.055358445136
32939,4770.977062007788
32940,6009.055358445136
32941,5034.735931256556
32942,4661.294540497731
32943,6009.055358445136
32944,5806.151913614057
32945,6259.023889726872
32946,6009.055358445136
32947,4661.294540497731
32948,6009.055358445136
32949,5231.230261654611
32950,4824.3589219547675
32951,6009.055358445136
32952,6009.055358445136
32953,6009.055358445136
32954,6009.055358445136
32955,5736.033358101808
32956,4998.993461282129
32957,6009.055358445136
32958,5166.8996101502435
32959,6009.055358445136
32960,6009.055358445136
32961,6009.055358445136
32962,6009.055358445136
32963,5166.8996101502435
32964,4964.493690058645
32965,6009.055358445136
32966,5806.151913614057
32967,5231.230261654611
32968,4661.294540497731
32969,6009.055358445136
32970,5806.151913614057
32971,5736.033358101808
32972,4566.161442237703
32973,6009.055358445136
32974,4998.993461282129
32975,4824.3589219547675
32976,6009.055358445136
32977,6009.055358445136
32978,6009.055358445136
32979,6009.055358445136
32980,6009.055358445136
32981,4824.3589219547675
32982,6009.055358445136
32983,6009.055358445136
32984,4964.493690058645
32985,6009.055358445136
32986,5231.230261654611
32987,5034.735931256556
32988,6009.055358445136
32989,6009.055358445136
32990,6009.055358445136
32991,4661.294540497731
32992,5806.151913614057
32993,5181.287155151871
32994,4964.493690058645
32995,6009.055358445136
32996,4998.993461282129
32997,6009.055358445136
32998,5736.033358101808
32999,6009.055358445136
33000,5806.151913614057
33001,5034.735931256556
33002,6009.055358445136
33003,4824.3589219547675
33004,6009.055358445136
33005,4770.977062007788
33006,5806.151913614057
33007,6009.055358445136
33008,6009.055358445136
33009,4998.993461282129
33010,6009.055358445136
33011,6009.055358445136
33012,6009.055358445136
33013,6009.055358445136
33014,5511.58155092657
33015,4824.3589219547675
33016,6009.055358445136
33017,6009.055358445136
33018,4998.993461282129
33019,5034.735931256556
33020,6009.055358445136
33021,6009.055358445136
33022,6009.055358445136
33023,4566.161442237703
33024,4824.3589219547675
33025,5231.230261654611
33026,4964.493690058645
33027,4770.977062007788
33028,6009.055358445136
33029,6009.055358445136
33030,5806.151913614057
33031,6009.055358445136
33032,4770.977062007788
33033,4891.834435812213
33034,4998.993461282129
33035,5166.8996101502435
33036,5736.033358101808
33037,6009.055358445136
33038,5806.151913614057
33039,6009.055358445136
33040,6009.055358445136
33041,6009.055358445136
33042,4964.493690058645
33043,5181.287155151871
33044,6009.055358445136
33045,5034.735931256556
33046,4770.977062007788
33047,5782.427450318128
33048,4891.834435812213
33049,5034.735931256556
33050,4964.493690058645
33051,6009.055358445136
33052,4770.977062007788
33053,5806.151913614057
33054,4824.3589219547675
33055,4661.294540497731
33056,6009.055358445136
33057,5736.033358101808
33058,6009.055358445136
33059,6009.055358445136
33060,6009.055358445136
33061,5736.033358101808
33062,6009.055358445136
33063,5806.151913614057
33064,5806.151913614057
33065,4661.294540497731
33066,6009.055358445136
33067,5806.151913614057
33068,4891.834435812213
33069,4722.375488628298
33070,4964.493690058645
33071,4770.977062007788
33072,6009.055358445136
33073,5231.230261654611
33074,5166.8996101502435
33075,6009.055358445136
33076,4964.493690058645
33077,4891.834435812213
33078,4770.977062007788
33079,5166.8996101502435
33080,5166.8996101502435
33081,6009.055358445136
33082,5806.151913614057
33083,6009.055358445136
33084,4770.977062007788
33085,4964.493690058645
33086,6009.055358445136
33087,6009.055358445136
33088,4891.834435812213
33089,6009.055358445136
33090,6009.055358445136
33091,6009.055358445136
33092,4964.493690058645
33093,6009.055358445136
33094,5166.8996101502435
33095,6009.055358445136
33096,6009.055358445136
33097,4566.161442237703
33098,4964.493690058645
33099,5034.735931256556
33100,6009.055358445136
33101,6009.055358445136
33102,6009.055358445136
33103,6009.055358445136
33104,6009.055358445136
33105,5806.151913614057
33106,4824.3589219547675
33107,4964.493690058645
33108,4964.493690058645
33109,4964.493690058645
33110,6009.055358445136
33111,5034.735931256556
33112,4824.3589219547675
33113,5806.151913614057
33114,6009.055358445136
33115,6009.055358445136
33116,5034.735931256556
33117,5166.8996101502435
33118,6009.055358445136
33119,5166.8996101502435
33120,5736.033358101808
33121,6009.055358445136
33122,6009.055358445136
33123,6009.055358445136
33124,6259.023889726872
33125,6009.055358445136
33126,6009.055358445136
33127,6009.055358445136
33128,6009.055358445136
33129,6009.055358445136
33130,6009.055358445136
33131,4964.493690058645
33132,5166.8996101502435
33133,5806.151913614057
33134,4661.294540497731
33135,5166.8996101502435
33136,5034.735931256556
33137,6009.055358445136
33138,6009.055358445136
33139,6009.055358445136
33140,5231.230261654611
33141,6009.055358445136
33142,4824.3589219547675
33143,6009.055358445136
33144,5806.151913614057
33145,6009.055358445136
33146,6009.055358445136
33147,6009.055358445136
33148,6009.055358445136
33149,5166.8996101502435
33150,4661.294540497731
33151,5166.8996101502435
33152,4931.350962400055
33153,6009.055358445136
33154,6009.055358445136
33155,6009.055358445136
33156,6009.055358445136
33157,6009.055358445136
33158,5806.151913614057
33159,6009.055358445136
33160,4824.3589219547675
33161,6009.055358445136
33162,5806.151913614057
33163,6259.023889726872
33164,6009.055358445136
33165,6009.055358445136
33166,5806.151913614057
33167,6009.055358445136
33168,6009.055358445136
33169,6009.055358445136
33170,4770.977062007788
33171,4824.3589219547675
33172,5166.8996101502435
33173,6009.055358445136
33174,6009.055358445136
33175,6009.055358445136
33176,5231.230261654611
33177,4964.493690058645
33178,5736.033358101808
33179,5034.735931256556
33180,4964.493690058645
33181,6009.055358445136
33182,5034.735931256556
33183,4300.892796169842
33184,4964.493690058645
33185,6009.055358445136
33186,4770.977062007788
33187,6009.055358445136
33188,5511.58155092657
33189,5806.151913614057
33190,6009.055358445136
33191,6009.055358445136
33192,4964.493690058645
33193,4964.493690058645
33194,6009.055358445136
33195,4770.977062007788
33196,6009.055358445136
33197,4891.834435812213
33198,6009.055358445136
33199,5166.8996101502435
33200,6009.055358445136
33201,5511.58155092657
33202,6009.055358445136
33203,5231.230261654611
33204,6009.055358445136
33205,4891.834435812213
33206,6009.055358445136
33207,5034.735931256556
33208,6009.055358445136
33209,6009.055358445136
33210,6009.055358445136
33211,6009.055358445136
33212,6009.055358445136
33213,5736.033358101808
33214,4824.3589219547675
33215,4964.493690058645
33216,5034.735931256556
33217,4661.294540497731
33218,6009.055358445136
33219,6009.055358445136
33220,6009.055358445136
33221,4891.834435812213
33222,5806.151913614057
33223,6009.055358445136
33224,5806.151913614057
33225,6009.055358445136
33226,4964.493690058645
33227,6009.055358445136
33228,6009.055358445136
33229,6009.055358445136
33230,5736.033358101808
33231,4770.977062007788
33232,6009.055358445136
33233,6009.055358445136
33234,6009.055358445136
33235,6009.055358445136
33236,5806.151913614057
33237,6009.055358445136
33238,6009.055358445136
33239,4770.977062007788
33240,5806.151913614057
33241,6009.055358445136
33242,4661.294540497731
33243,4661.294540497731
33244,4998.993461282129
33245,6009.055358445136
33246,5034.735931256556
33247,6009.055358445136
33248,6009.055358445136
33249,4661.294540497731
33250,4998.993461282129
33251,4964.493690058645
33252,6009.055358445136
33253,6009.055358445136
33254,5166.8996101502435
33255,6009.055358445136
33256,6009.055358445136
33257,5034.735931256556
33258,5231.230261654611
33259,6009.055358445136
33260,6009.055358445136
33261,6009.055358445136
33262,4964.493690058645
33263,4998.993461282129
33264,6009.055358445136
33265,6009.055358445136
33266,5806.151913614057
33267,6009.055358445136
33268,5166.8996101502435
33269,4566.161442237703
33270,5231.230261654611
33271,5034.735931256556
33272,6009.055358445136
33273,6009.055358445136
33274,4891.834435812213
33275,6009.055358445136
33276,6009.055358445136
33277,4566.161442237703
33278,5166.8996101502435
33279,5736.033358101808
33280,5023.827358042548
33281,5806.151913614057
33282,4964.493690058645
33283,6009.055358445136
33284,4998.993461282129
33285,6009.055358445136
33286,4661.294540497731
33287,4661.294540497731
33288,4998.993461282129
33289,5231.230261654611
33290,6009.055358445136
33291,5806.151913614057
33292,6009.055358445136
33293,6009.055358445136
33294,4661.294540497731
33295,5736.033358101808
33296,4891.834435812213
33297,5806.151913614057
33298,4722.375488628298
33299,5181.287155151871
33300,6009.055358445136
33301,6009.055358445136
33302,6009.055358445136
33303,5166.8996101502435
33304,5231.230261654611
33305,5231.230261654611
33306,5782.427450318128
33307,5034.735931256556
33308,5034.735931256556
33309,5181.287155151871
33310,4824.3589219547675
33311,4998.993461282129
33312,6009.055358445136
33313,6009.055358445136
33314,6009.055358445136
33315,6009.055358445136
33316,6259.023889726872
33317,5806.151913614057
33318,5034.735931256556
33319,6009.055358445136
33320,4566.161442237703
33321,6009.055358445136
33322,6009.055358445136
33323,6009.055358445136
33324,5166.8996101502435
33325,5806.151913614057
33326,5034.735931256556
33327,4998.993461282129
33328,6009.055358445136
33329,4770.977062007788
33330,5806.151913614057
33331,4964.493690058645
33332,5181.287155151871
33333,4661.294540497731
33334,5034.735931256556
33335,6009.055358445136
33336,4770.977062007788
33337,5806.151913614057
33338,6009.055358445136
33339,4824.3589219547675
33340,6009.055358445136
33341,5034.735931256556
33342,6009.055358445136
33343,5806.151913614057
33344,6009.055358445136
33345,6009.055358445136
33346,4824.3589219547675
33347,6009.055358445136
33348,6009.055358445136
33349,4891.834435812213
33350,6009.055358445136
33351,4824.3589219547675
33352,4891.834435812213
33353,4931.350962400055
33354,4661.294540497731
33355,4824.3589219547675
33356,5806.151913614057
33357,5736.033358101808
33358,5806.151913614057
33359,4891.834435812213
33360,4998.993461282129
33361,5231.230261654611
33362,6009.055358445136
33363,4722.375488628298
33364,6009.055358445136
33365,6009.055358445136
33366,5806.151913614057
33367,5806.151913614057
33368,5166.8996101502435
33369,6009.055358445136
33370,4964.493690058645
33371,4964.493690058645
33372,6009.055358445136
33373,5806.151913614057
33374,4891.834435812213
33375,4964.493690058645
33376,4891.834435812213
33377,5034.735931256556
33378,4998.993461282129
33379,6009.055358445136
33380,5034.735931256556
33381,6009.055358445136
33382,6009.055358445136
33383,6009.055358445136
33384,6009.055358445136
33385,308.96570487373543
33386,135.07147651044005
33387,308.96570487373543
33388,308.96570487373543
33389,308.96570487373543
33390,308.96570487373543
33391,33.16277469650504
33392,0.0
33393,0.0
33394,0.0
33395,135.07147651044005
33396,308.96570487373543
33397,308.96570487373543
33398,0.0
33399,0.0
33400,308.96570487373543
33401,308.96570487373543
33402,0.0
33403,308.96570487373543
33404,132.05243430669583
33405,308.96570487373543
33406,199.2253500897933
33407,308.96570487373543
33408,0.0
33409,308.96570487373543
33410,33.16277469650504
33411,0.0
33412,308.96570487373543
33413,216.52833980047865
33414,0.0
33415,216.52833980047865
33416,0.0
33417,0.0
33418,308.96570487373543
33419,135.07147651044005
33420,135.07147651044005
33421,308.96570487373543
33422,308.96570487373543
33423,308.96570487373543
33424,0.0
33425,0.0
33426,308.96570487373543
33427,199.2253500897933
33428,0.0
33429,33.16277469650504
33430,308.96570487373543
33431,0.0
33432,135.07147651044005
33433,0.0
33434,308.96570487373543
33435,0.0
33436,0.0
33437,308.96570487373543
33438,0.0
33439,0.0
33440,308.96570487373543
33441,308.96570487373543
33442,308.96570487373543
33443,308.96570487373543
33444,199.2253500897933
33445,308.96570487373543
33446,308.96570487373543
33447,0.0
33448,0.0
33449,308.96570487373543
33450,308.96570487373543
33451,216.52833980047865
33452,0.0
33453,308.96570487373543
33454,0.0
33455,0.0
33456,135.07147651044005
33457,308.96570487373543
33458,33.16277469650504
33459,308.96570487373543
33460,308.96570487373543
33461,308.96570487373543
33462,199.2253500897933
33463,0.0
33464,308.96570487373543
33465,308.96570487373543
33466,308.96570487373543
33467,308.96570487373543
33468,0.0
33469,308.96570487373543
33470,308.96570487373543
33471,0.0
33472,308.96570487373543
33473,308.96570487373543
33474,308.96570487373543
33475,0.0
33476,308.96570487373543
33477,308.96570487373543
33478,0.0
33479,0.0
33480,33.16277469650504
33481,135.07147651044005
33482,0.0
33483,308.96570487373543
33484,0.0
33485,33.16277469650504
33486,308.96570487373543
33487,0.0
33488,135.07147651044005
33489,33.16277469650504
33490,308.96570487373543
33491,308.96570487373543
33492,308.96570487373543
33493,308.96570487373543
33494,0.0
33495,1173.2069262530395
33496,308.96570487373543
33497,135.07147651044005
33498,308.96570487373543
33499,308.96570487373543
33500,0.0
33501,308.96570487373543
33502,0.0
33503,308.96570487373543
33504,216.52833980047865
33505,308.96570487373543
33506,308.96570487373543
33507,308.96570487373543
33508,0.0
33509,0.0
33510,0.0
33511,216.52833980047865
33512,308.96570487373543
33513,0.0
33514,135.07147651044005
33515,308.96570487373543
33516,0.0
33517,308.96570487373543
33518,308.96570487373543
33519,308.96570487373543
33520,308.96570487373543
33521,308.96570487373543
33522,135.07147651044005
33523,0.0
33524,308.96570487373543
33525,308.96570487373543
33526,0.0
33527,308.96570487373543
33528,0.0
33529,308.96570487373543
33530,0.0
33531,0.0
33532,0.0
33533,308.96570487373543
33534,132.05243430669583
33535,308.96570487373543
33536,308.96570487373543
33537,135.07147651044005
33538,308.96570487373543
33539,0.0
33540,308.96570487373543
33541,0.0
33542,135.07147651044005
33543,308.96570487373543
33544,216.52833980047865
33545,132.05243430669583
33546,308.96570487373543
33547,33.16277469650504
33548,199.2253500897933
33549,0.0
33550,0.0
33551,308.96570487373543
33552,0.0
33553,308.96570487373543
33554,308.96570487373543
33555,308.96570487373543
33556,33.16277469650504
33557,308.96570487373543
33558,308.96570487373543
33559,0.0
33560,135.07147651044005
33561,308.96570487373543
33562,0.0
33563,308.96570487373543
33564,308.96570487373543
33565,0.0
33566,0.0
33567,308.96570487373543
33568,308.96570487373543
33569,135.07147651044005
33570,132.05243430669583
33571,33.16277469650504
33572,308.96570487373543
33573,308.96570487373543
33574,132.05243430669583
33575,0.0
33576,308.96570487373543
33577,0.0
33578,308.96570487373543
33579,132.05243430669583
33580,132.05243430669583
33581,33.16277469650504
33582,0.0
33583,199.2253500897933
33584,0.0
33585,308.96570487373543
33586,308.96570487373543
33587,0.0
33588,135.07147651044005
33589,308.96570487373543
33590,308.96570487373543
33591,308.96570487373543
33592,135.07147651044005
33593,308.96570487373543
33594,199.2253500897933
33595,0.0
33596,216.52833980047865
33597,308.96570487373543
33598,0.0
33599,199.2253500897933
33600,308.96570487373543
33601,0.0
33602,0.0
33603,308.96570487373543
33604,0.0
33605,135.07147651044005
33606,308.96570487373543
33607,308.96570487373543
33608,308.96570487373543
33609,0.0
33610,0.0
33611,308.96570487373543
33612,308.96570487373543
33613,308.96570487373543
33614,33.16277469650504
33615,308.96570487373543
33616,0.0
33617,0.0
33618,308.96570487373543
33619,216.52833980047865
33620,0.0
33621,0.0
33622,0.0
33623,199.2253500897933
33624,308.96570487373543
33625,308.96570487373543
33626,216.52833980047865
33627,308.96570487373543
33628,308.96570487373543
33629,135.07147651044005
33630,0.0
33631,308.96570487373543
33632,132.05243430669583
33633,308.96570487373543
33634,216.52833980047865
33635,308.96570487373543
33636,308.96570487373543
33637,308.96570487373543
33638,135.07147651044005
33639,308.96570487373543
33640,0.0
33641,216.52833980047865
33642,308.96570487373543
33643,0.0
33644,0.0
33645,199.2253500897933
33646,308.96570487373543
33647,308.96570487373543
33648,0.0
33649,135.07147651044005
33650,135.07147651044005
33651,308.96570487373543
33652,308.96570487373543
33653,308.96570487373543
33654,308.96570487373543
33655,135.07147651044005
33656,132.05243430669583
33657,0.0
33658,135.07147651044005
33659,308.96570487373543
33660,308.96570487373543
33661,308.96570487373543
33662,308.96570487373543
33663,308.96570487373543
33664,308.96570487373543
33665,199.2253500897933
33666,0.0
33667,308.96570487373543
33668,0.0
33669,308.96570487373543
33670,216.52833980047865
33671,0.0
33672,0.0
33673,308.96570487373543
33674,0.0
33675,308.96570487373543
33676,308.96570487373543
33677,199.2253500897933
33678,308.96570487373543
33679,308.96570487373543
33680,216.52833980047865
33681,0.0
33682,308.96570487373543
33683,308.96570487373543
33684,216.52833980047865
33685,308.96570487373543
33686,308.96570487373543
33687,308.96570487373543
33688,308.96570487373543
33689,0.0
33690,33.16277469650504
33691,0.0
33692,308.96570487373543
33693,199.2253500897933
33694,135.07147651044005
33695,199.2253500897933
33696,135.07147651044005
33697,0.0
33698,33.16277469650504
33699,308.96570487373543
33700,308.96570487373543
33701,0.0
33702,308.96570487373543
33703,33.16277469650504
33704,308.96570487373543
33705,308.96570487373543
33706,199.2253500897933
33707,0.0
33708,0.0
33709,0.0
33710,308.96570487373543
33711,0.0
33712,308.96570487373543
33713,308.96570487373543
33714,0.0
33715,0.0
33716,216.52833980047865
33717,308.96570487373543
33718,308.96570487373543
33719,308.96570487373543
33720,308.96570487373543
33721,0.0
33722,308.96570487373543
33723,0.0
33724,308.96570487373543
33725,0.0
33726,308.96570487373543
33727,216.52833980047865
33728,308.96570487373543
33729,308.96570487373543
33730,0.0
33731,199.2253500897933
33732,0.0
33733,132.05243430669583
33734,308.96570487373543
33735,308.96570487373543
33736,308.96570487373543
33737,216.52833980047865
33738,308.96570487373543
33739,132.05243430669583
33740,0.0
33741,308.96570487373543
33742,308.96570487373543
33743,308.96570487373543
33744,308.96570487373543
33745,308.96570487373543
33746,308.96570487373543
33747,0.0
33748,308.96570487373543
33749,308.96570487373543
33750,308.96570487373543
33751,0.0
33752,0.0
33753,308.96570487373543
33754,308.96570487373543
33755,216.52833980047865
33756,0.0
33757,308.96570487373543
33758,0.0
33759,308.96570487373543
33760,0.0
33761,135.07147651044005
33762,0.0
33763,308.96570487373543
33764,0.0
33765,132.05243430669583
33766,132.05243430669583
33767,308.96570487373543
33768,0.0
33769,308.96570487373543
33770,132.05243430669583
33771,0.0
33772,0.0
33773,0.0
33774,0.0
33775,308.96570487373543
33776,308.96570487373543
33777,132.05243430669583
33778,0.0
33779,0.0
33780,0.0
33781,308.96570487373543
33782,0.0
33783,33.16277469650504
33784,0.0
33785,1173.2069262530395
33786,0.0
33787,308.96570487373543
33788,308.96570487373543
33789,0.0
33790,308.96570487373543
33791,308.96570487373543
33792,308.96570487373543
33793,308.96570487373543
33794,308.96570487373543
33795,0.0
33796,308.96570487373543
33797,216.52833980047865
33798,33.16277469650504
33799,308.96570487373543
33800,0.0
33801,1173.2069262530395
33802,308.96570487373543
33803,33.16277469650504
33804,308.96570487373543
33805,0.0
33806,0.0
33807,308.96570487373543
33808,308.96570487373543
33809,308.96570487373543
33810,308.96570487373543
33811,0.0
33812,0.0
33813,308.96570487373543
33814,199.2253500897933
33815,308.96570487373543
33816,308.96570487373543
33817,308.96570487373543
33818,308.96570487373543
33819,199.2253500897933
33820,135.07147651044005
33821,308.96570487373543
33822,0.0
33823,0.0
33824,33.16277469650504
33825,308.96570487373543
33826,0.0
33827,0.0
33828,0.0
33829,308.96570487373543
33830,0.0
33831,0.0
33832,308.96570487373543
33833,308.96570487373543
33834,308.96570487373543
33835,308.96570487373543
33836,308.96570487373543
33837,0.0
33838,308.96570487373543
33839,308.96570487373543
33840,135.07147651044005
33841,308.96570487373543
33842,0.0
33843,216.52833980047865
33844,308.96570487373543
33845,308.96570487373543
33846,308.96570487373543
33847,33.16277469650504
33848,0.0
33849,0.0
33850,135.07147651044005
33851,308.96570487373543
33852,0.0
33853,308.96570487373543
33854,0.0
33855,308.96570487373543
33856,0.0
33857,216.52833980047865
33858,308.96570487373543
33859,0.0
33860,308.96570487373543
33861,0.0
33862,0.0
33863,308.96570487373543
33864,308.96570487373543
33865,0.0
33866,308.96570487373543
33867,308.96570487373543
33868,308.96570487373543
33869,308.96570487373543
33870,0.0
33871,0.0
33872,308.96570487373543
33873,308.96570487373543
33874,0.0
33875,216.52833980047865
33876,308.96570487373543
33877,308.96570487373543
33878,308.96570487373543
33879,0.0
33880,0.0
33881,0.0
33882,135.07147651044005
33883,0.0
33884,308.96570487373543
33885,308.96570487373543
33886,0.0
33887,308.96570487373543
33888,0.0
33889,132.05243430669583
33890,0.0
33891,199.2253500897933
33892,0.0
33893,308.96570487373543
33894,0.0
33895,308.96570487373543
33896,308.96570487373543
33897,308.96570487373543
33898,135.07147651044005
33899,0.0
33900,308.96570487373543
33901,216.52833980047865
33902,0.0
33903,0.0
33904,132.05243430669583
33905,216.52833980047865
33906,135.07147651044005
33907,308.96570487373543
33908,0.0
33909,0.0
33910,0.0
33911,33.16277469650504
33912,308.96570487373543
33913,0.0
33914,308.96570487373543
33915,308.96570487373543
33916,308.96570487373543
33917,0.0
33918,308.96570487373543
33919,0.0
33920,0.0
33921,33.16277469650504
33922,308.96570487373543
33923,0.0
33924,132.05243430669583
33925,0.0
33926,135.07147651044005
33927,0.0
33928,308.96570487373543
33929,0.0
33930,199.2253500897933
33931,308.96570487373543
33932,135.07147651044005
33933,132.05243430669583
33934,0.0
33935,199.2253500897933
33936,199.2253500897933
33937,308.96570487373543
33938,0.0
33939,308.96570487373543
33940,0.0
33941,135.07147651044005
33942,308.96570487373543
33943,308.96570487373543
33944,132.05243430669583
33945,308.96570487373543
33946,308.96570487373543
33947,308.96570487373543
33948,135.07147651044005
33949,308.96570487373543
33950,199.2253500897933
33951,308.96570487373543
33952,308.96570487373543
33953,0.0
33954,135.07147651044005
33955,216.52833980047865
33956,308.96570487373543
33957,308.96570487373543
33958,308.96570487373543
33959,308.96570487373543
33960,308.96570487373543
33961,0.0
33962,0.0
33963,135.07147651044005
33964,135.07147651044005
33965,135.07147651044005
33966,308.96570487373543
33967,216.52833980047865
33968,0.0
33969,0.0
33970,308.96570487373543
33971,308.96570487373543
33972,216.52833980047865
33973,199.2253500897933
33974,308.96570487373543
33975,199.2253500897933
33976,0.0
33977,308.96570487373543
33978,308.96570487373543
33979,308.96570487373543
33980,1173.2069262530395
33981,308.96570487373543
33982,308.96570487373543
33983,308.96570487373543
33984,308.96570487373543
33985,308.96570487373543
33986,308.96570487373543
33987,135.07147651044005
33988,199.2253500897933
33989,0.0
33990,33.16277469650504
33991,199.2253500897933
33992,216.52833980047865
33993,308.96570487373543
33994,308.96570487373543
33995,308.96570487373543
33996,0.0
33997,308.96570487373543
33998,0.0
33999,308.96570487373543
34000,0.0
34001,308.96570487373543
34002,308.96570487373543
34003,308.96570487373543
34004,308.96570487373543
34005,199.2253500897933
34006,33.16277469650504
34007,199.2253500897933
34008,0.0
34009,308.96570487373543
34010,308.96570487373543
34011,308.96570487373543
34012,308.96570487373543
34013,308.96570487373543
34014,0.0
34015,308.96570487373543
34016,0.0
34017,308.96570487373543
34018,0.0
34019,1173.2069262530395
34020,308.96570487373543
34021,308.96570487373543
34022,0.0
34023,308.96570487373543
34024,308.96570487373543
34025,308.96570487373543
34026,0.0
34027,0.0
34028,199.2253500897933
34029,308.96570487373543
34030,308.96570487373543
34031,308.96570487373543
34032,0.0
34033,135.07147651044005
34034,0.0
34035,216.52833980047865
34036,135.07147651044005
34037,308.96570487373543
34038,216.52833980047865
34039,0.0
34040,135.07147651044005
34041,308.96570487373543
34042,0.0
34043,308.96570487373543
34044,0.0
34045,0.0
34046,308.96570487373543
34047,308.96570487373543
34048,135.07147651044005
34049,135.07147651044005
34050,308.96570487373543
34051,0.0
34052,308.96570487373543
34053,132.05243430669583
34054,308.96570487373543
34055,199.2253500897933
34056,308.96570487373543
34057,0.0
34058,308.96570487373543
34059,0.0
34060,308.96570487373543
34061,132.05243430669583
34062,308.96570487373543
34063,216.52833980047865
34064,308.96570487373543
34065,308.96570487373543
34066,308.96570487373543
34067,308.96570487373543
34068,308.96570487373543
34069,0.0
34070,0.0
34071,135.07147651044005
34072,216.52833980047865
34073,33.16277469650504
34074,308.96570487373543
34075,308.96570487373543
34076,308.96570487373543
34077,132.05243430669583
34078,0.0
34079,308.96570487373543
34080,0.0
34081,308.96570487373543
34082,135.07147651044005
34083,308.96570487373543
34084,308.96570487373543
34085,308.96570487373543
34086,0.0
34087,0.0
34088,308.96570487373543
34089,308.96570487373543
34090,308.96570487373543
34091,308.96570487373543
34092,0.0
34093,308.96570487373543
34094,308.96570487373543
34095,0.0
34096,0.0
34097,308.96570487373543
34098,33.16277469650504
34099,33.16277469650504
34100,0.0
34101,308.96570487373543
34102,216.52833980047865
34103,308.96570487373543
34104,308.96570487373543
34105,33.16277469650504
34106,0.0
34107,135.07147651044005
34108,308.96570487373543
34109,308.96570487373543
34110,199.2253500897933
34111,308.96570487373543
34112,308.96570487373543
34113,216.52833980047865
34114,0.0
34115,308.96570487373543
34116,308.96570487373543
34117,308.96570487373543
34118,135.07147651044005
34119,0.0
34120,308.96570487373543
34121,308.96570487373543
34122,0.0
34123,308.96570487373543
34124,199.2253500897933
34125,0.0
34126,0.0
34127,216.52833980047865
34128,308.96570487373543
34129,308.96570487373543
34130,132.05243430669583
34131,308.96570487373543
34132,308.96570487373543
34133,0.0
34134,199.2253500897933
34135,0.0
34136,0.0
34137,0.0
34138,135.07147651044005
34139,308.96570487373543
34140,0.0
34141,308.96570487373543
34142,33.16277469650504
34143,33.16277469650504
34144,0.0
34145,0.0
34146,308.96570487373543
34147,0.0
34148,308.96570487373543
34149,308.96570487373543
34150,33.16277469650504
34151,0.0
34152,132.05243430669583
34153,0.0
34154,0.0
34155,0.0
34156,308.96570487373543
34157,308.96570487373543
34158,308.96570487373543
34159,199.2253500897933
34160,0.0
34161,0.0
34162,0.0
34163,216.52833980047865
34164,216.52833980047865
34165,0.0
34166,0.0
34167,0.0
34168,308.96570487373543
34169,308.96570487373543
34170,308.96570487373543
34171,308.96570487373543
34172,1173.2069262530395
34173,0.0
34174,216.52833980047865
34175,308.96570487373543
34176,0.0
34177,308.96570487373543
34178,308.96570487373543
34179,308.96570487373543
34180,199.2253500897933
34181,0.0
34182,216.52833980047865
34183,0.0
34184,308.96570487373543
34185,0.0
34186,0.0
34187,135.07147651044005
34188,0.0
34189,33.16277469650504
34190,216.52833980047865
34191,308.96570487373543
34192,0.0
34193,0.0
34194,308.96570487373543
34195,0.0
34196,308.96570487373543
34197,216.52833980047865
34198,308.96570487373543
34199,0.0
34200,308.96570487373543
34201,308.96570487373543
34202,0.0
34203,308.96570487373543
34204,308.96570487373543
34205,132.05243430669583
34206,308.96570487373543
34207,0.0
34208,132.05243430669583
34209,0.0
34210,33.16277469650504
34211,0.0
34212,0.0
34213,0.0
34214,0.0
34215,132.05243430669583
34216,0.0
34217,0.0
34218,308.96570487373543
34219,0.0
34220,308.96570487373543
34221,308.96570487373543
34222,0.0
34223,0.0
34224,199.2253500897933
34225,308.96570487373543
34226,135.07147651044005
34227,135.07147651044005
34228,308.96570487373543
34229,0.0
34230,132.05243430669583
34231,135.07147651044005
34232,132.05243430669583
34233,216.52833980047865
34234,0.0
34235,308.96570487373543
34236,216.52833980047865
34237,308.96570487373543
34238,308.96570487373543
34239,308.96570487373543
34240,308.96570487373543
34241,6105.54272737628
34242,4816.885334026955
34243,6105.54272737628
34244,6105.54272737628
34245,6105.54272737628
34246,6105.54272737628
34247,5310.361126120411
34248,5450.512847831585
34249,5416.52579161751
34250,7003.4483098119745
34251,4816.885334026955
34252,6105.54272737628
34253,6105.54272737628
34254,7003.4483098119745
34255,5416.52579161751
34256,6105.54272737628
34257,6105.54272737628
34258,7003.4483098119745
34259,6105.54272737628
34260,5298.921872414424
34261,6105.54272737628
34262,5905.958900114833
34263,6105.54272737628
34264,5416.52579161751
34265,6105.54272737628
34266,5310.361126120411
34267,7003.4483098119745
34268,6105.54272737628
34269,5187.334323022757
34270,5416.52579161751
34271,5187.334323022757
34272,7003.4483098119745
34273,5251.659371028755
34274,6105.54272737628
34275,4816.885334026955
34276,4816.885334026955
34277,6105.54272737628
34278,6105.54272737628
34279,6105.54272737628
34280,5898.356305707557
34281,7243.813980510196
34282,6105.54272737628
34283,5905.958900114833
34284,4636.949618483758
34285,5310.361126120411
34286,6105.54272737628
34287,5425.788337188758
34288,4816.885334026955
34289,5251.659371028755
34290,6105.54272737628
34291,5373.803382733809
34292,7003.4483098119745
34293,6105.54272737628
34294,5251.659371028755
34295,5450.512847831585
34296,6105.54272737628
34297,6105.54272737628
34298,6105.54272737628
34299,6105.54272737628
34300,5905.958900114833
34301,6105.54272737628
34302,6105.54272737628
34303,7003.4483098119745
34304,5251.659371028755
34305,6105.54272737628
34306,6105.54272737628
34307,5187.334323022757
34308,7003.4483098119745
34309,6105.54272737628
34310,5373.803382733809
34311,5416.52579161751
34312,4816.885334026955
34313,6105.54272737628
34314,5310.361126120411
34315,6105.54272737628
34316,6105.54272737628
34317,6105.54272737628
34318,5905.958900114833
34319,6489.527860784833
34320,6105.54272737628
34321,6105.54272737628
34322,6105.54272737628
34323,6105.54272737628
34324,5251.659371028755
34325,6105.54272737628
34326,6105.54272737628
34327,7003.4483098119745
34328,6105.54272737628
34329,6105.54272737628
34330,6105.54272737628
34331,5251.659371028755
34332,6105.54272737628
34333,6105.54272737628
34334,5425.788337188758
34335,5450.512847831585
34336,5310.361126120411
34337,4816.885334026955
34338,5450.512847831585
34339,6105.54272737628
34340,4636.949618483758
34341,5310.361126120411
34342,6105.54272737628
34343,7003.4483098119745
34344,4816.885334026955
34345,5310.361126120411
34346,6105.54272737628
34347,6105.54272737628
34348,6105.54272737628
34349,6105.54272737628
34350,5416.52579161751
34351,6961.301638795901
34352,6105.54272737628
34353,4816.885334026955
34354,6105.54272737628
34355,6105.54272737628
34356,5425.788337188758
34357,6105.54272737628
34358,5373.803382733809
34359,6105.54272737628
34360,5187.334323022757
34361,6105.54272737628
34362,6105.54272737628
34363,6105.54272737628
34364,5450.512847831585
34365,5450.512847831585
34366,5450.512847831585
34367,5187.334323022757
34368,6105.54272737628
34369,5425.788337188758
34370,4816.885334026955
34371,6105.54272737628
34372,7003.4483098119745
34373,6105.54272737628
34374,6105.54272737628
34375,6105.54272737628
34376,6105.54272737628
34377,6105.54272737628
34378,4816.885334026955
34379,5898.356305707557
34380,6105.54272737628
34381,6105.54272737628
34382,7003.4483098119745
34383,6105.54272737628
34384,5425.788337188758
34385,6105.54272737628
34386,7003.4483098119745
34387,7003.4483098119745
34388,7003.4483098119745
34389,6105.54272737628
34390,5298.921872414424
34391,6105.54272737628
34392,6105.54272737628
34393,4816.885334026955
34394,6105.54272737628
34395,5425.788337188758
34396,6105.54272737628
34397,7003.4483098119745
34398,4816.885334026955
34399,6105.54272737628
34400,5187.334323022757
34401,5298.921872414424
34402,6105.54272737628
34403,5310.361126120411
34404,5905.958900114833
34405,5416.52579161751
34406,5416.52579161751
34407,6105.54272737628
34408,5898.356305707557
34409,6105.54272737628
34410,6105.54272737628
34411,6105.54272737628
34412,5310.361126120411
34413,6105.54272737628
34414,6105.54272737628
34415,5425.788337188758
34416,4816.885334026955
34417,6105.54272737628
34418,7243.813980510196
34419,6105.54272737628
34420,6105.54272737628
34421,5251.659371028755
34422,5416.52579161751
34423,6105.54272737628
34424,6105.54272737628
34425,4816.885334026955
34426,5298.921872414424
34427,5310.361126120411
34428,6105.54272737628
34429,6105.54272737628
34430,5298.921872414424
34431,7003.4483098119745
34432,6105.54272737628
34433,5425.788337188758
34434,6105.54272737628
34435,5298.921872414424
34436,5298.921872414424
34437,5310.361126120411
34438,5373.803382733809
34439,5905.958900114833
34440,5251.659371028755
34441,6105.54272737628
34442,6105.54272737628
34443,7003.4483098119745
34444,4816.885334026955
34445,6105.54272737628
34446,6105.54272737628
34447,6105.54272737628
34448,4816.885334026955
34449,6105.54272737628
34450,5905.958900114833
34451,7003.4483098119745
34452,5187.334323022757
34453,6105.54272737628
34454,7003.4483098119745
34455,5905.958900114833
34456,6105.54272737628
34457,7003.4483098119745
34458,7003.4483098119745
34459,6105.54272737628
34460,7003.4483098119745
34461,4816.885334026955
34462,6105.54272737628
34463,6105.54272737628
34464,6105.54272737628
34465,4648.133953521635
34466,5416.52579161751
34467,6105.54272737628
34468,6105.54272737628
34469,6105.54272737628
34470,5310.361126120411
34471,6105.54272737628
34472,5898.356305707557
34473,5425.788337188758
34474,6105.54272737628
34475,5187.334323022757
34476,7003.4483098119745
34477,5450.512847831585
34478,5251.659371028755
34479,5905.958900114833
34480,6105.54272737628
34481,6105.54272737628
34482,5187.334323022757
34483,6105.54272737628
34484,6105.54272737628
34485,4816.885334026955
34486,4636.949618483758
34487,6105.54272737628
34488,5298.921872414424
34489,6105.54272737628
34490,5187.334323022757
34491,6105.54272737628
34492,6105.54272737628
34493,6105.54272737628
34494,4816.885334026955
34495,6105.54272737628
34496,5425.788337188758
34497,5187.334323022757
34498,6105.54272737628
34499,5416.52579161751
34500,5251.659371028755
34501,5905.958900114833
34502,6105.54272737628
34503,6105.54272737628
34504,7003.4483098119745
34505,4816.885334026955
34506,4816.885334026955
34507,6105.54272737628
34508,6105.54272737628
34509,6105.54272737628
34510,6105.54272737628
34511,4816.885334026955
34512,5298.921872414424
34513,7003.4483098119745
34514,4816.885334026955
34515,6105.54272737628
34516,6105.54272737628
34517,6105.54272737628
34518,6105.54272737628
34519,6105.54272737628
34520,6105.54272737628
34521,5905.958900114833
34522,5416.52579161751
34523,6105.54272737628
34524,5416.52579161751
34525,6105.54272737628
34526,5187.334323022757
34527,5416.52579161751
34528,5425.788337188758
34529,6105.54272737628
34530,5425.788337188758
34531,6105.54272737628
34532,6105.54272737628
34533,5905.958900114833
34534,6105.54272737628
34535,6105.54272737628
34536,5187.334323022757
34537,4648.133953521635
34538,6105.54272737628
34539,6105.54272737628
34540,5187.334323022757
34541,6105.54272737628
34542,6105.54272737628
34543,6105.54272737628
34544,6105.54272737628
34545,4636.949618483758
34546,5310.361126120411
34547,7003.4483098119745
34548,6105.54272737628
34549,5905.958900114833
34550,4816.885334026955
34551,5905.958900114833
34552,4816.885334026955
34553,5416.52579161751
34554,5310.361126120411
34555,6105.54272737628
34556,6105.54272737628
34557,7243.813980510196
34558,6105.54272737628
34559,5310.361126120411
34560,6105.54272737628
34561,6105.54272737628
34562,5905.958900114833
34563,4636.949618483758
34564,4636.949618483758
34565,5373.803382733809
34566,6105.54272737628
34567,7003.4483098119745
34568,6105.54272737628
34569,6105.54272737628
34570,5450.512847831585
34571,6489.527860784833
34572,5187.334323022757
34573,6105.54272737628
34574,6105.54272737628
34575,6105.54272737628
34576,6105.54272737628
34577,7003.4483098119745
34578,6105.54272737628
34579,5416.52579161751
34580,6105.54272737628
34581,5416.52579161751
34582,6105.54272737628
34583,5187.334323022757
34584,6105.54272737628
34585,6105.54272737628
34586,5251.659371028755
34587,5905.958900114833
34588,5450.512847831585
34589,5298.921872414424
34590,6105.54272737628
34591,6105.54272737628
34592,6105.54272737628
34593,5187.334323022757
34594,6105.54272737628
34595,5298.921872414424
34596,7003.4483098119745
34597,6105.54272737628
34598,6105.54272737628
34599,6105.54272737628
34600,6105.54272737628
34601,6105.54272737628
34602,6105.54272737628
34603,5416.52579161751
34604,6105.54272737628
34605,6105.54272737628
34606,6105.54272737628
34607,5373.803382733809
34608,5395.163885864966
34609,6105.54272737628
34610,6105.54272737628
34611,5187.334323022757
34612,7003.4483098119745
34613,6105.54272737628
34614,7003.4483098119745
34615,6105.54272737628
34616,7003.4483098119745
34617,4816.885334026955
34618,5251.659371028755
34619,6105.54272737628
34620,7003.4483098119745
34621,5298.921872414424
34622,5298.921872414424
34623,6105.54272737628
34624,5251.659371028755
34625,6105.54272737628
34626,5298.921872414424
34627,5425.788337188758
34628,5251.659371028755
34629,7003.4483098119745
34630,5251.659371028755
34631,6105.54272737628
34632,6105.54272737628
34633,5298.921872414424
34634,4636.949618483758
34635,5898.356305707557
34636,5373.803382733809
34637,6105.54272737628
34638,5450.512847831585
34639,5310.361126120411
34640,7003.4483098119745
34641,6961.301638795901
34642,5898.356305707557
34643,6105.54272737628
34644,6105.54272737628
34645,5251.659371028755
34646,6105.54272737628
34647,6105.54272737628
34648,6105.54272737628
34649,6105.54272737628
34650,6105.54272737628
34651,5416.52579161751
34652,6105.54272737628
34653,5187.334323022757
34654,5310.361126120411
34655,6105.54272737628
34656,7003.4483098119745
34657,6961.301638795901
34658,6105.54272737628
34659,5310.361126120411
34660,6105.54272737628
34661,5425.788337188758
34662,5373.803382733809
34663,6105.54272737628
34664,6105.54272737628
34665,6105.54272737628
34666,6105.54272737628
34667,5251.659371028755
34668,5450.512847831585
34669,6105.54272737628
34670,5905.958900114833
34671,6105.54272737628
34672,6105.54272737628
34673,6105.54272737628
34674,6105.54272737628
34675,5905.958900114833
34676,4816.885334026955
34677,6105.54272737628
34678,7003.4483098119745
34679,5425.788337188758
34680,5310.361126120411
34681,6105.54272737628
34682,7003.4483098119745
34683,5251.659371028755
34684,4648.133953521635
34685,6105.54272737628
34686,5450.512847831585
34687,5373.803382733809
34688,6105.54272737628
34689,6105.54272737628
34690,6105.54272737628
34691,6105.54272737628
34692,6105.54272737628
34693,5373.803382733809
34694,6105.54272737628
34695,6105.54272737628
34696,4816.885334026955
34697,6105.54272737628
34698,5425.788337188758
34699,5187.334323022757
34700,6105.54272737628
34701,6105.54272737628
34702,6105.54272737628
34703,5310.361126120411
34704,7003.4483098119745
34705,5898.356305707557
34706,4816.885334026955
34707,6105.54272737628
34708,5450.512847831585
34709,6105.54272737628
34710,5251.659371028755
34711,6105.54272737628
34712,7003.4483098119745
34713,5187.334323022757
34714,6105.54272737628
34715,5373.803382733809
34716,6105.54272737628
34717,5416.52579161751
34718,7003.4483098119745
34719,6105.54272737628
34720,6105.54272737628
34721,5450.512847831585
34722,6105.54272737628
34723,6105.54272737628
34724,6105.54272737628
34725,6105.54272737628
34726,6489.527860784833
34727,5373.803382733809
34728,6105.54272737628
34729,6105.54272737628
34730,5450.512847831585
34731,5187.334323022757
34732,6105.54272737628
34733,6105.54272737628
34734,6105.54272737628
34735,4648.133953521635
34736,5373.803382733809
34737,5425.788337188758
34738,4816.885334026955
34739,5416.52579161751
34740,6105.54272737628
34741,6105.54272737628
34742,7003.4483098119745
34743,6105.54272737628
34744,5416.52579161751
34745,5298.921872414424
34746,5450.512847831585
34747,5905.958900114833
34748,5251.659371028755
34749,6105.54272737628
34750,7003.4483098119745
34751,6105.54272737628
34752,6105.54272737628
34753,6105.54272737628
34754,4816.885334026955
34755,5898.356305707557
34756,6105.54272737628
34757,5187.334323022757
34758,5416.52579161751
34759,7243.813980510196
34760,5298.921872414424
34761,5187.334323022757
34762,4816.885334026955
34763,6105.54272737628
34764,5416.52579161751
34765,7003.4483098119745
34766,5373.803382733809
34767,5310.361126120411
34768,6105.54272737628
34769,5251.659371028755
34770,6105.54272737628
34771,6105.54272737628
34772,6105.54272737628
34773,5251.659371028755
34774,6105.54272737628
34775,7003.4483098119745
34776,7003.4483098119745
34777,5310.361126120411
34778,6105.54272737628
34779,7003.4483098119745
34780,5298.921872414424
34781,4636.949618483758
34782,4816.885334026955
34783,5416.52579161751
34784,6105.54272737628
34785,5425.788337188758
34786,5905.958900114833
34787,6105.54272737628
34788,4816.885334026955
34789,5298.921872414424
34790,5416.52579161751
34791,5905.958900114833
34792,5905.958900114833
34793,6105.54272737628
34794,7003.4483098119745
34795,6105.54272737628
34796,5416.52579161751
34797,4816.885334026955
34798,6105.54272737628
34799,6105.54272737628
34800,5298.921872414424
34801,6105.54272737628
34802,6105.54272737628
34803,6105.54272737628
34804,4816.885334026955
34805,6105.54272737628
34806,5905.958900114833
34807,6105.54272737628
34808,6105.54272737628
34809,4648.133953521635
34810,4816.885334026955
34811,5187.334323022757
34812,6105.54272737628
34813,6105.54272737628
34814,6105.54272737628
34815,6105.54272737628
34816,6105.54272737628
34817,7003.4483098119745
34818,5373.803382733809
34819,4816.885334026955
34820,4816.885334026955
34821,4816.885334026955
34822,6105.54272737628
34823,5187.334323022757
34824,5373.803382733809
34825,7003.4483098119745
34826,6105.54272737628
34827,6105.54272737628
34828,5187.334323022757
34829,5905.958900114833
34830,6105.54272737628
34831,5905.958900114833
34832,5251.659371028755
34833,6105.54272737628
34834,6105.54272737628
34835,6105.54272737628
34836,6961.301638795901
34837,6105.54272737628
34838,6105.54272737628
34839,6105.54272737628
34840,6105.54272737628
34841,6105.54272737628
34842,6105.54272737628
34843,4816.885334026955
34844,5905.958900114833
34845,7003.4483098119745
34846,5310.361126120411
34847,5905.958900114833
34848,5187.334323022757
34849,6105.54272737628
34850,6105.54272737628
34851,6105.54272737628
34852,5425.788337188758
34853,6105.54272737628
34854,5373.803382733809
34855,6105.54272737628
34856,7003.4483098119745
34857,6105.54272737628
34858,6105.54272737628
34859,6105.54272737628
34860,6105.54272737628
34861,5905.958900114833
34862,5310.361126120411
34863,5905.958900114833
34864,5395.163885864966
34865,6105.54272737628
34866,6105.54272737628
34867,6105.54272737628
34868,6105.54272737628
34869,6105.54272737628
34870,7003.4483098119745
34871,6105.54272737628
34872,5373.803382733809
34873,6105.54272737628
34874,7003.4483098119745
34875,6961.301638795901
34876,6105.54272737628
34877,6105.54272737628
34878,7003.4483098119745
34879,6105.54272737628
34880,6105.54272737628
34881,6105.54272737628
34882,5416.52579161751
34883,5373.803382733809
34884,5905.958900114833
34885,6105.54272737628
34886,6105.54272737628
34887,6105.54272737628
34888,5425.788337188758
34889,4816.885334026955
34890,5251.659371028755
34891,5187.334323022757
34892,4816.885334026955
34893,6105.54272737628
34894,5187.334323022757
34895,5870.995293277418
34896,4816.885334026955
34897,6105.54272737628
34898,5416.52579161751
34899,6105.54272737628
34900,6489.527860784833
34901,7003.4483098119745
34902,6105.54272737628
34903,6105.54272737628
34904,4816.885334026955
34905,4816.885334026955
34906,6105.54272737628
34907,5416.52579161751
34908,6105.54272737628
34909,5298.921872414424
34910,6105.54272737628
34911,5905.958900114833
34912,6105.54272737628
34913,6489.527860784833
34914,6105.54272737628
34915,5425.788337188758
34916,6105.54272737628
34917,5298.921872414424
34918,6105.54272737628
34919,5187.334323022757
34920,6105.54272737628
34921,6105.54272737628
34922,6105.54272737628
34923,6105.54272737628
34924,6105.54272737628
34925,5251.659371028755
34926,5373.803382733809
34927,4816.885334026955
34928,5187.334323022757
34929,5310.361126120411
34930,6105.54272737628
34931,6105.54272737628
34932,6105.54272737628
34933,5298.921872414424
34934,7003.4483098119745
34935,6105.54272737628
34936,7003.4483098119745
34937,6105.54272737628
34938,4816.885334026955
34939,6105.54272737628
34940,6105.54272737628
34941,6105.54272737628
34942,5251.659371028755
34943,5416.52579161751
34944,6105.54272737628
34945,6105.54272737628
34946,6105.54272737628
34947,6105.54272737628
34948,7003.4483098119745
34949,6105.54272737628
34950,6105.54272737628
34951,5416.52579161751
34952,7003.4483098119745
34953,6105.54272737628
34954,5310.361126120411
34955,5310.361126120411
34956,5450.512847831585
34957,6105.54272737628
34958,5187.334323022757
34959,6105.54272737628
34960,6105.54272737628
34961,5310.361126120411
34962,5450.512847831585
34963,4816.885334026955
34964,6105.54272737628
34965,6105.54272737628
34966,5905.958900114833
34967,6105.54272737628
34968,6105.54272737628
34969,5187.334323022757
34970,5425.788337188758
34971,6105.54272737628
34972,6105.54272737628
34973,6105.54272737628
34974,4816.885334026955
34975,5450.512847831585
34976,6105.54272737628
34977,6105.54272737628
34978,7003.4483098119745
34979,6105.54272737628
34980,5905.958900114833
34981,4648.133953521635
34982,5425.788337188758
34983,5187.334323022757
34984,6105.54272737628
34985,6105.54272737628
34986,5298.921872414424
34987,6105.54272737628
34988,6105.54272737628
34989,4648.133953521635
34990,5905.958900114833
34991,5251.659371028755
34992,5203.982747925428
34993,7003.4483098119745
34994,4816.885334026955
34995,6105.54272737628
34996,5450.512847831585
34997,6105.54272737628
34998,5310.361126120411
34999,5310.361126120411
35000,5450.512847831585
35001,5425.788337188758
35002,6105.54272737628
35003,7003.4483098119745
35004,6105.54272737628
35005,6105.54272737628
35006,5310.361126120411
35007,5251.659371028755
35008,5298.921872414424
35009,7003.4483098119745
35010,4636.949618483758
35011,5898.356305707557
35012,6105.54272737628
35013,6105.54272737628
35014,6105.54272737628
35015,5905.958900114833
35016,5425.788337188758
35017,5425.788337188758
35018,7243.813980510196
35019,5187.334323022757
35020,5187.334323022757
35021,5898.356305707557
35022,5373.803382733809
35023,5450.512847831585
35024,6105.54272737628
35025,6105.54272737628
35026,6105.54272737628
35027,6105.54272737628
35028,6961.301638795901
35029,7003.4483098119745
35030,5187.334323022757
35031,6105.54272737628
35032,4648.133953521635
35033,6105.54272737628
35034,6105.54272737628
35035,6105.54272737628
35036,5905.958900114833
35037,7003.4483098119745
35038,5187.334323022757
35039,5450.512847831585
35040,6105.54272737628
35041,5416.52579161751
35042,7003.4483098119745
35043,4816.885334026955
35044,5898.356305707557
35045,5310.361126120411
35046,5187.334323022757
35047,6105.54272737628
35048,5416.52579161751
35049,7003.4483098119745
35050,6105.54272737628
35051,5373.803382733809
35052,6105.54272737628
35053,5187.334323022757
35054,6105.54272737628
35055,7003.4483098119745
35056,6105.54272737628
35057,6105.54272737628
35058,5373.803382733809
35059,6105.54272737628
35060,6105.54272737628
35061,5298.921872414424
35062,6105.54272737628
35063,5373.803382733809
35064,5298.921872414424
35065,5395.163885864966
35066,5310.361126120411
35067,5373.803382733809
35068,7003.4483098119745
35069,5251.659371028755
35070,7003.4483098119745
35071,5298.921872414424
35072,5450.512847831585
35073,5425.788337188758
35074,6105.54272737628
35075,4636.949618483758
35076,6105.54272737628
35077,6105.54272737628
35078,7003.4483098119745
35079,7003.4483098119745
35080,5905.958900114833
35081,6105.54272737628
35082,4816.885334026955
35083,4816.885334026955
35084,6105.54272737628
35085,7003.4483098119745
35086,5298.921872414424
35087,4816.885334026955
35088,5298.921872414424
35089,5187.334323022757
35090,5450.512847831585
35091,6105.54272737628
35092,5187.334323022757
35093,6105.54272737628
35094,6105.54272737628
35095,6105.54272737628
35096,6105.54272737628
35097,7481.7889189224625
35098,6645.583056336295
35099,7481.7889189224625
35100,7481.7889189224625
35101,7481.7889189224625
35102,7481.7889189224625
35103,6172.6083823910685
35104,6714.632627467657
35105,6681.541619917508
35106,7435.16696561688
35107,6645.583056336295
35108,7481.7889189224625
35109,7481.7889189224625
35110,7435.16696561688
35111,6681.541619917508
35112,7481.7889189224625
35113,7481.7889189224625
35114,7435.16696561688
35115,7481.7889189224625
35116,6527.615851394989
35117,7481.7889189224625
35118,6879.117029708944
35119,7481.7889189224625
35120,6681.541619917508
35121,7481.7889189224625
35122,6172.6083823910685
35123,7435.16696561688
35124,7481.7889189224625
35125,6708.322746049841
35126,6681.541619917508
35127,6708.322746049841
35128,7435.16696561688
35129,7872.425276795708
35130,7481.7889189224625
35131,6645.583056336295
35132,6645.583056336295
35133,7481.7889189224625
35134,7481.7889189224625
35135,7481.7889189224625
35136,7122.966809306028
35137,8223.28025442774
35138,7481.7889189224625
35139,6879.117029708944
35140,6617.059359214444
35141,6172.6083823910685
35142,7481.7889189224625
35143,7153.031811788531
35144,6645.583056336295
35145,7872.425276795708
35146,7481.7889189224625
35147,6341.083589628085
35148,7435.16696561688
35149,7481.7889189224625
35150,7872.425276795708
35151,6714.632627467657
35152,7481.7889189224625
35153,7481.7889189224625
35154,7481.7889189224625
35155,7481.7889189224625
35156,6879.117029708944
35157,7481.7889189224625
35158,7481.7889189224625
35159,7435.16696561688
35160,7872.425276795708
35161,7481.7889189224625
35162,7481.7889189224625
35163,6708.322746049841
35164,7435.16696561688
35165,7481.7889189224625
35166,6341.083589628085
35167,6681.541619917508
35168,6645.583056336295
35169,7481.7889189224625
35170,6172.6083823910685
35171,7481.7889189224625
35172,7481.7889189224625
35173,7481.7889189224625
35174,6879.117029708944
35175,6892.278835149146
35176,7481.7889189224625
35177,7481.7889189224625
35178,7481.7889189224625
35179,7481.7889189224625
35180,7872.425276795708
35181,7481.7889189224625
35182,7481.7889189224625
35183,7435.16696561688
35184,7481.7889189224625
35185,7481.7889189224625
35186,7481.7889189224625
35187,7872.425276795708
35188,7481.7889189224625
35189,7481.7889189224625
35190,7153.031811788531
35191,6714.632627467657
35192,6172.6083823910685
35193,6645.583056336295
35194,6714.632627467657
35195,7481.7889189224625
35196,6617.059359214444
35197,6172.6083823910685
35198,7481.7889189224625
35199,7435.16696561688
35200,6645.583056336295
35201,6172.6083823910685
35202,7481.7889189224625
35203,7481.7889189224625
35204,7481.7889189224625
35205,7481.7889189224625
35206,6681.541619917508
35207,8448.59351057833
35208,7481.7889189224625
35209,6645.583056336295
35210,7481.7889189224625
35211,7481.7889189224625
35212,7153.031811788531
35213,7481.7889189224625
35214,6341.083589628085
35215,7481.7889189224625
35216,6708.322746049841
35217,7481.7889189224625
35218,7481.7889189224625
35219,7481.7889189224625
35220,6714.632627467657
35221,6714.632627467657
35222,6714.632627467657
35223,6708.322746049841
35224,7481.7889189224625
35225,7153.031811788531
35226,6645.583056336295
35227,7481.7889189224625
35228,7435.16696561688
35229,7481.7889189224625
35230,7481.7889189224625
35231,7481.7889189224625
35232,7481.7889189224625
35233,7481.7889189224625
35234,6645.583056336295
35235,7122.966809306028
35236,7481.7889189224625
35237,7481.7889189224625
35238,7435.16696561688
35239,7481.7889189224625
35240,7153.031811788531
35241,7481.7889189224625
35242,7435.16696561688
35243,7435.16696561688
35244,7435.16696561688
35245,7481.7889189224625
35246,6527.615851394989
35247,7481.7889189224625
35248,7481.7889189224625
35249,6645.583056336295
35250,7481.7889189224625
35251,7153.031811788531
35252,7481.7889189224625
35253,7435.16696561688
35254,6645.583056336295
35255,7481.7889189224625
35256,6708.322746049841
35257,6527.615851394989
35258,7481.7889189224625
35259,6172.6083823910685
35260,6879.117029708944
35261,6681.541619917508
35262,6681.541619917508
35263,7481.7889189224625
35264,7122.966809306028
35265,7481.7889189224625
35266,7481.7889189224625
35267,7481.7889189224625
35268,6172.6083823910685
35269,7481.7889189224625
35270,7481.7889189224625
35271,7153.031811788531
35272,6645.583056336295
35273,7481.7889189224625
35274,8223.28025442774
35275,7481.7889189224625
35276,7481.7889189224625
35277,7872.425276795708
35278,6681.541619917508
35279,7481.7889189224625
35280,7481.7889189224625
35281,6645.583056336295
35282,6527.615851394989
35283,6172.6083823910685
35284,7481.7889189224625
35285,7481.7889189224625
35286,6527.615851394989
35287,7435.16696561688
35288,7481.7889189224625
35289,7153.031811788531
35290,7481.7889189224625
35291,6527.615851394989
35292,6527.615851394989
35293,6172.6083823910685
35294,6341.083589628085
35295,6879.117029708944
35296,7872.425276795708
35297,7481.7889189224625
35298,7481.7889189224625
35299,7435.16696561688
35300,6645.583056336295
35301,7481.7889189224625
35302,7481.7889189224625
35303,7481.7889189224625
35304,6645.583056336295
35305,7481.7889189224625
35306,6879.117029708944
35307,7435.16696561688
35308,6708.322746049841
35309,7481.7889189224625
35310,7435.16696561688
35311,6879.117029708944
35312,7481.7889189224625
35313,7435.16696561688
35314,7435.16696561688
35315,7481.7889189224625
35316,7435.16696561688
35317,6645.583056336295
35318,7481.7889189224625
35319,7481.7889189224625
35320,7481.7889189224625
35321,6122.369545631842
35322,6681.541619917508
35323,7481.7889189224625
35324,7481.7889189224625
35325,7481.7889189224625
35326,6172.6083823910685
35327,7481.7889189224625
35328,7122.966809306028
35329,7153.031811788531
35330,7481.7889189224625
35331,6708.322746049841
35332,7435.16696561688
35333,6714.632627467657
35334,7872.425276795708
35335,6879.117029708944
35336,7481.7889189224625
35337,7481.7889189224625
35338,6708.322746049841
35339,7481.7889189224625
35340,7481.7889189224625
35341,6645.583056336295
35342,6617.059359214444
35343,7481.7889189224625
35344,6527.615851394989
35345,7481.7889189224625
35346,6708.322746049841
35347,7481.7889189224625
35348,7481.7889189224625
35349,7481.7889189224625
35350,6645.583056336295
35351,7481.7889189224625
35352,7153.031811788531
35353,6708.322746049841
35354,7481.7889189224625
35355,6681.541619917508
35356,7872.425276795708
35357,6879.117029708944
35358,7481.7889189224625
35359,7481.7889189224625
35360,7435.16696561688
35361,6645.583056336295
35362,6645.583056336295
35363,7481.7889189224625
35364,7481.7889189224625
35365,7481.7889189224625
35366,7481.7889189224625
35367,6645.583056336295
35368,6527.615851394989
35369,7435.16696561688
35370,6645.583056336295
35371,7481.7889189224625
35372,7481.7889189224625
35373,7481.7889189224625
35374,7481.7889189224625
35375,7481.7889189224625
35376,7481.7889189224625
35377,6879.117029708944
35378,6681.541619917508
35379,7481.7889189224625
35380,6681.541619917508
35381,7481.7889189224625
35382,6708.322746049841
35383,6681.541619917508
35384,7153.031811788531
35385,7481.7889189224625
35386,7153.031811788531
35387,7481.7889189224625
35388,7481.7889189224625
35389,6879.117029708944
35390,7481.7889189224625
35391,7481.7889189224625
35392,6708.322746049841
35393,6122.369545631842
35394,7481.7889189224625
35395,7481.7889189224625
35396,6708.322746049841
35397,7481.7889189224625
35398,7481.7889189224625
35399,7481.7889189224625
35400,7481.7889189224625
35401,6617.059359214444
35402,6172.6083823910685
35403,7435.16696561688
35404,7481.7889189224625
35405,6879.117029708944
35406,6645.583056336295
35407,6879.117029708944
35408,6645.583056336295
35409,6681.541619917508
35410,6172.6083823910685
35411,7481.7889189224625
35412,7481.7889189224625
35413,8223.28025442774
35414,7481.7889189224625
35415,6172.6083823910685
35416,7481.7889189224625
35417,7481.7889189224625
35418,6879.117029708944
35419,6617.059359214444
35420,6617.059359214444
35421,6341.083589628085
35422,7481.7889189224625
35423,7435.16696561688
35424,7481.7889189224625
35425,7481.7889189224625
35426,6714.632627467657
35427,6892.278835149146
35428,6708.322746049841
35429,7481.7889189224625
35430,7481.7889189224625
35431,7481.7889189224625
35432,7481.7889189224625
35433,7435.16696561688
35434,7481.7889189224625
35435,6681.541619917508
35436,7481.7889189224625
35437,6681.541619917508
35438,7481.7889189224625
35439,6708.322746049841
35440,7481.7889189224625
35441,7481.7889189224625
35442,7872.425276795708
35443,6879.117029708944
35444,6714.632627467657
35445,6527.615851394989
35446,7481.7889189224625
35447,7481.7889189224625
35448,7481.7889189224625
35449,6708.322746049841
35450,7481.7889189224625
35451,6527.615851394989
35452,7435.16696561688
35453,7481.7889189224625
35454,7481.7889189224625
35455,7481.7889189224625
35456,7481.7889189224625
35457,7481.7889189224625
35458,7481.7889189224625
35459,6681.541619917508
35460,7481.7889189224625
35461,7481.7889189224625
35462,7481.7889189224625
35463,6341.083589628085
35464,6681.541619917508
35465,7481.7889189224625
35466,7481.7889189224625
35467,6708.322746049841
35468,7435.16696561688
35469,7481.7889189224625
35470,7435.16696561688
35471,7481.7889189224625
35472,7435.16696561688
35473,6645.583056336295
35474,7872.425276795708
35475,7481.7889189224625
35476,7435.16696561688
35477,6527.615851394989
35478,6527.615851394989
35479,7481.7889189224625
35480,7872.425276795708
35481,7481.7889189224625
35482,6527.615851394989
35483,7153.031811788531
35484,7872.425276795708
35485,7435.16696561688
35486,7872.425276795708
35487,7481.7889189224625
35488,7481.7889189224625
35489,6527.615851394989
35490,6617.059359214444
35491,7122.966809306028
35492,6341.083589628085
35493,7481.7889189224625
35494,6714.632627467657
35495,6172.6083823910685
35496,7435.16696561688
35497,8448.59351057833
35498,7122.966809306028
35499,7481.7889189224625
35500,7481.7889189224625
35501,7872.425276795708
35502,7481.7889189224625
35503,7481.7889189224625
35504,7481.7889189224625
35505,7481.7889189224625
35506,7481.7889189224625
35507,6681.541619917508
35508,7481.7889189224625
35509,6708.322746049841
35510,6172.6083823910685
35511,7481.7889189224625
35512,7435.16696561688
35513,8448.59351057833
35514,7481.7889189224625
35515,6172.6083823910685
35516,7481.7889189224625
35517,7153.031811788531
35518,6341.083589628085
35519,7481.7889189224625
35520,7481.7889189224625
35521,7481.7889189224625
35522,7481.7889189224625
35523,7872.425276795708
35524,6714.632627467657
35525,7481.7889189224625
35526,6879.117029708944
35527,7481.7889189224625
35528,7481.7889189224625
35529,7481.7889189224625
35530,7481.7889189224625
35531,6879.117029708944
35532,6645.583056336295
35533,7481.7889189224625
35534,7435.16696561688
35535,7153.031811788531
35536,6172.6083823910685
35537,7481.7889189224625
35538,7435.16696561688
35539,7872.425276795708
35540,6122.369545631842
35541,7481.7889189224625
35542,6714.632627467657
35543,6341.083589628085
35544,7481.7889189224625
35545,7481.7889189224625
35546,7481.7889189224625
35547,7481.7889189224625
35548,7481.7889189224625
35549,6341.083589628085
35550,7481.7889189224625
35551,7481.7889189224625
35552,6645.583056336295
35553,7481.7889189224625
35554,7153.031811788531
35555,6708.322746049841
35556,7481.7889189224625
35557,7481.7889189224625
35558,7481.7889189224625
35559,6172.6083823910685
35560,7435.16696561688
35561,7122.966809306028
35562,6645.583056336295
35563,7481.7889189224625
35564,6714.632627467657
35565,7481.7889189224625
35566,7872.425276795708
35567,7481.7889189224625
35568,7435.16696561688
35569,6708.322746049841
35570,7481.7889189224625
35571,6341.083589628085
35572,7481.7889189224625
35573,6681.541619917508
35574,7435.16696561688
35575,7481.7889189224625
35576,7481.7889189224625
35577,6714.632627467657
35578,7481.7889189224625
35579,7481.7889189224625
35580,7481.7889189224625
35581,7481.7889189224625
35582,6892.278835149146
35583,6341.083589628085
35584,7481.7889189224625
35585,7481.7889189224625
35586,6714.632627467657
35587,6708.322746049841
35588,7481.7889189224625
35589,7481.7889189224625
35590,7481.7889189224625
35591,6122.369545631842
35592,6341.083589628085
35593,7153.031811788531
35594,6645.583056336295
35595,6681.541619917508
35596,7481.7889189224625
35597,7481.7889189224625
35598,7435.16696561688
35599,7481.7889189224625
35600,6681.541619917508
35601,6527.615851394989
35602,6714.632627467657
35603,6879.117029708944
35604,7872.425276795708
35605,7481.7889189224625
35606,7435.16696561688
35607,7481.7889189224625
35608,7481.7889189224625
35609,7481.7889189224625
35610,6645.583056336295
35611,7122.966809306028
35612,7481.7889189224625
35613,6708.322746049841
35614,6681.541619917508
35615,8223.28025442774
35616,6527.615851394989
35617,6708.322746049841
35618,6645.583056336295
35619,7481.7889189224625
35620,6681.541619917508
35621,7435.16696561688
35622,6341.083589628085
35623,6172.6083823910685
35624,7481.7889189224625
35625,7872.425276795708
35626,7481.7889189224625
35627,7481.7889189224625
35628,7481.7889189224625
35629,7872.425276795708
35630,7481.7889189224625
35631,7435.16696561688
35632,7435.16696561688
35633,6172.6083823910685
35634,7481.7889189224625
35635,7435.16696561688
35636,6527.615851394989
35637,6617.059359214444
35638,6645.583056336295
35639,6681.541619917508
35640,7481.7889189224625
35641,7153.031811788531
35642,6879.117029708944
35643,7481.7889189224625
35644,6645.583056336295
35645,6527.615851394989
35646,6681.541619917508
35647,6879.117029708944
35648,6879.117029708944
35649,7481.7889189224625
35650,7435.16696561688
35651,7481.7889189224625
35652,6681.541619917508
35653,6645.583056336295
35654,7481.7889189224625
35655,7481.7889189224625
35656,6527.615851394989
35657,7481.7889189224625
35658,7481.7889189224625
35659,7481.7889189224625
35660,6645.583056336295
35661,7481.7889189224625
35662,6879.117029708944
35663,7481.7889189224625
35664,7481.7889189224625
35665,6122.369545631842
35666,6645.583056336295
35667,6708.322746049841
35668,7481.7889189224625
35669,7481.7889189224625
35670,7481.7889189224625
35671,7481.7889189224625
35672,7481.7889189224625
35673,7435.16696561688
35674,6341.083589628085
35675,6645.583056336295
35676,6645.583056336295
35677,6645.583056336295
35678,7481.7889189224625
35679,6708.322746049841
35680,6341.083589628085
35681,7435.16696561688
35682,7481.7889189224625
35683,7481.7889189224625
35684,6708.322746049841
35685,6879.117029708944
35686,7481.7889189224625
35687,6879.117029708944
35688,7872.425276795708
35689,7481.7889189224625
35690,7481.7889189224625
35691,7481.7889189224625
35692,8448.59351057833
35693,7481.7889189224625
35694,7481.7889189224625
35695,7481.7889189224625
35696,7481.7889189224625
35697,7481.7889189224625
35698,7481.7889189224625
35699,6645.583056336295
35700,6879.117029708944
35701,7435.16696561688
35702,6172.6083823910685
35703,6879.117029708944
35704,6708.322746049841
35705,7481.7889189224625
35706,7481.7889189224625
35707,7481.7889189224625
35708,7153.031811788531
35709,7481.7889189224625
35710,6341.083589628085
35711,7481.7889189224625
35712,7435.16696561688
35713,7481.7889189224625
35714,7481.7889189224625
35715,7481.7889189224625
35716,7481.7889189224625
35717,6879.117029708944
35718,6172.6083823910685
35719,6879.117029708944
35720,6681.541619917508
35721,7481.7889189224625
35722,7481.7889189224625
35723,7481.7889189224625
35724,7481.7889189224625
35725,7481.7889189224625
35726,7435.16696561688
35727,7481.7889189224625
35728,6341.083589628085
35729,7481.7889189224625
35730,7435.16696561688
35731,8448.59351057833
35732,7481.7889189224625
35733,7481.7889189224625
35734,7435.16696561688
35735,7481.7889189224625
35736,7481.7889189224625
35737,7481.7889189224625
35738,6681.541619917508
35739,6341.083589628085
35740,6879.117029708944
35741,7481.7889189224625
35742,7481.7889189224625
35743,7481.7889189224625
35744,7153.031811788531
35745,6645.583056336295
35746,7872.425276795708
35747,6708.322746049841
35748,6645.583056336295
35749,7481.7889189224625
35750,6708.322746049841
35751,6400.121861411011
35752,6645.583056336295
35753,7481.7889189224625
35754,6681.541619917508
35755,7481.7889189224625
35756,6892.278835149146
35757,7435.16696561688
35758,7481.7889189224625
35759,7481.7889189224625
35760,6645.583056336295
35761,6645.583056336295
35762,7481.7889189224625
35763,6681.541619917508
35764,7481.7889189224625
35765,6527.615851394989
35766,7481.7889189224625
35767,6879.117029708944
35768,7481.7889189224625
35769,6892.278835149146
35770,7481.7889189224625
35771,7153.031811788531
35772,7481.7889189224625
35773,6527.615851394989
35774,7481.7889189224625
35775,6708.322746049841
35776,7481.7889189224625
35777,7481.7889189224625
35778,7481.7889189224625
35779,7481.7889189224625
35780,7481.7889189224625
35781,7872.425276795708
35782,6341.083589628085
35783,6645.583056336295
35784,6708.322746049841
35785,6172.6083823910685
35786,7481.7889189224625
35787,7481.7889189224625
35788,7481.7889189224625
35789,6527.615851394989
35790,7435.16696561688
35791,7481.7889189224625
35792,7435.16696561688
35793,7481.7889189224625
35794,6645.583056336295
35795,7481.7889189224625
35796,7481.7889189224625
35797,7481.7889189224625
35798,7872.425276795708
35799,6681.541619917508
35800,7481.7889189224625
35801,7481.7889189224625
35802,7481.7889189224625
35803,7481.7889189224625
35804,7435.16696561688
35805,7481.7889189224625
35806,7481.7889189224625
35807,6681.541619917508
35808,7435.16696561688
35809,7481.7889189224625
35810,6172.6083823910685
35811,6172.6083823910685
35812,6714.632627467657
35813,7481.7889189224625
35814,6708.322746049841
35815,7481.7889189224625
35816,7481.7889189224625
35817,6172.6083823910685
35818,6714.632627467657
35819,6645.583056336295
35820,7481.7889189224625
35821,7481.7889189224625
35822,6879.117029708944
35823,7481.7889189224625
35824,7481.7889189224625
35825,6708.322746049841
35826,7153.031811788531
35827,7481.7889189224625
35828,7481.7889189224625
35829,7481.7889189224625
35830,6645.583056336295
35831,6714.632627467657
35832,7481.7889189224625
35833,7481.7889189224625
35834,7435.16696561688
35835,7481.7889189224625
35836,6879.117029708944
35837,6122.369545631842
35838,7153.031811788531
35839,6708.322746049841
35840,7481.7889189224625
35841,7481.7889189224625
35842,6527.615851394989
35843,7481.7889189224625
35844,7481.7889189224625
35845,6122.369545631842
35846,6879.117029708944
35847,7872.425276795708
35848,6690.2469654119495
35849,7435.16696561688
35850,6645.583056336295
35851,7481.7889189224625
35852,6714.632627467657
35853,7481.7889189224625
35854,6172.6083823910685
35855,6172.6083823910685
35856,6714.632627467657
35857,7153.031811788531
35858,7481.7889189224625
35859,7435.16696561688
35860,7481.7889189224625
35861,7481.7889189224625
35862,6172.6083823910685
35863,7872.425276795708
35864,6527.615851394989
35865,7435.16696561688
35866,6617.059359214444
35867,7122.966809306028
35868,7481.7889189224625
35869,7481.7889189224625
35870,7481.7889189224625
35871,6879.117029708944
35872,7153.031811788531
35873,7153.031811788531
35874,8223.28025442774
35875,6708.322746049841
35876,6708.322746049841
35877,7122.966809306028
35878,6341.083589628085
35879,6714.632627467657
35880,7481.7889189224625
35881,7481.7889189224625
35882,7481.7889189224625
35883,7481.7889189224625
35884,8448.59351057833
35885,7435.16696561688
35886,6708.322746049841
35887,7481.7889189224625
35888,6122.369545631842
35889,7481.7889189224625
35890,7481.7889189224625
35891,7481.7889189224625
35892,6879.117029708944
35893,7435.16696561688
35894,6708.322746049841
35895,6714.632627467657
35896,7481.7889189224625
35897,6681.541619917508
35898,7435.16696561688
35899,6645.583056336295
35900,7122.966809306028
35901,6172.6083823910685
35902,6708.322746049841
35903,7481.7889189224625
35904,6681.541619917508
35905,7435.16696561688
35906,7481.7889189224625
35907,6341.083589628085
35908,7481.7889189224625
35909,6708.322746049841
35910,7481.7889189224625
35911,7435.16696561688
35912,7481.7889189224625
35913,7481.7889189224625
35914,6341.083589628085
35915,7481.7889189224625
35916,7481.7889189224625
35917,6527.615851394989
35918,7481.7889189224625
35919,6341.083589628085
35920,6527.615851394989
35921,6681.541619917508
35922,6172.6083823910685
35923,6341.083589628085
35924,7435.16696561688
35925,7872.425276795708
35926,7435.16696561688
35927,6527.615851394989
35928,6714.632627467657
35929,7153.031811788531
35930,7481.7889189224625
35931,6617.059359214444
35932,7481.7889189224625
35933,7481.7889189224625
35934,7435.16696561688
35935,7435.16696561688
35936,6879.117029708944
35937,7481.7889189224625
35938,6645.583056336295
35939,6645.583056336295
35940,7481.7889189224625
35941,7435.16696561688
35942,6527.615851394989
35943,6645.583056336295
35944,6527.615851394989
35945,6708.322746049841
35946,6714.632627467657
35947,7481.7889189224625
35948,6708.322746049841
35949,7481.7889189224625
35950,7481.7889189224625
35951,7481.7889189224625
35952,7481.7889189224625
35953,7641.637340358977
35954,6735.419927415167
35955,7641.637340358977
35956,7641.637340358977
35957,7641.637340358977
35958,7641.637340358977
35959,6104.485566585327
35960,6771.863337631047
35961,6681.541619917508
35962,7435.16696561688
35963,6735.419927415167
35964,7641.637340358977
35965,7641.637340358977
35966,7435.16696561688
35967,6681.541619917508
35968,7641.637340358977
35969,7641.637340358977
35970,7435.16696561688
35971,7641.637340358977
35972,6559.671274435851
35973,7641.637340358977
35974,6870.260634433051
35975,7641.637340358977
35976,6681.541619917508
35977,7641.637340358977
35978,6104.485566585327
35979,7435.16696561688
35980,7641.637340358977
35981,6650.226288005765
35982,6681.541619917508
35983,6650.226288005765
35984,7435.16696561688
35985,7898.364114876265
35986,7641.637340358977
35987,6735.419927415167
35988,6735.419927415167
35989,7641.637340358977
35990,7641.637340358977
35991,7641.637340358977
35992,7038.304739594451
35993,8217.825638368104
35994,7641.637340358977
35995,6870.260634433051
35996,6558.962901170368
35997,6104.485566585327
35998,7641.637340358977
35999,7273.974486714983
36000,6735.419927415167
36001,7898.364114876265
36002,7641.637340358977
36003,6334.270137607572
36004,7435.16696561688
36005,7641.637340358977
36006,7898.364114876265
36007,6771.863337631047
36008,7641.637340358977
36009,7641.637340358977
36010,7641.637340358977
36011,7641.637340358977
36012,6870.260634433051
36013,7641.637340358977
36014,7641.637340358977
36015,7435.16696561688
36016,7898.364114876265
36017,7641.637340358977
36018,7641.637340358977
36019,6650.226288005765
36020,7435.16696561688
36021,7641.637340358977
36022,6334.270137607572
36023,6681.541619917508
36024,6735.419927415167
36025,7641.637340358977
36026,6104.485566585327
36027,7641.637340358977
36028,7641.637340358977
36029,7641.637340358977
36030,6870.260634433051
36031,6824.796478705884
36032,7641.637340358977
36033,7641.637340358977
36034,7641.637340358977
36035,7641.637340358977
36036,7898.364114876265
36037,7641.637340358977
36038,7641.637340358977
36039,7435.16696561688
36040,7641.637340358977
36041,7641.637340358977
36042,7641.637340358977
36043,7898.364114876265
36044,7641.637340358977
36045,7641.637340358977
36046,7273.974486714983
36047,6771.863337631047
36048,6104.485566585327
36049,6735.419927415167
36050,6771.863337631047
36051,7641.637340358977
36052,6558.962901170368
36053,6104.485566585327
36054,7641.637340358977
36055,7435.16696561688
36056,6735.419927415167
36057,6104.485566585327
36058,7641.637340358977
36059,7641.637340358977
36060,7641.637340358977
36061,7641.637340358977
36062,6681.541619917508
36063,8448.59351057833
36064,7641.637340358977
36065,6735.419927415167
36066,7641.637340358977
36067,7641.637340358977
36068,7273.974486714983
36069,7641.637340358977
36070,6334.270137607572
36071,7641.637340358977
36072,6650.226288005765
36073,7641.637340358977
36074,7641.637340358977
36075,7641.637340358977
36076,6771.863337631047
36077,6771.863337631047
36078,6771.863337631047
36079,6650.226288005765
36080,7641.637340358977
36081,7273.974486714983
36082,6735.419927415167
36083,7641.637340358977
36084,7435.16696561688
36085,7641.637340358977
36086,7641.637340358977
36087,7641.637340358977
36088,7641.637340358977
36089,7641.637340358977
36090,6735.419927415167
36091,7038.304739594451
36092,7641.637340358977
36093,7641.637340358977
36094,7435.16696561688
36095,7641.637340358977
36096,7273.974486714983
36097,7641.637340358977
36098,7435.16696561688
36099,7435.16696561688
36100,7435.16696561688
36101,7641.637340358977
36102,6559.671274435851
36103,7641.637340358977
36104,7641.637340358977
36105,6735.419927415167
36106,7641.637340358977
36107,7273.974486714983
36108,7641.637340358977
36109,7435.16696561688
36110,6735.419927415167
36111,7641.637340358977
36112,6650.226288005765
36113,6559.671274435851
36114,7641.637340358977
36115,6104.485566585327
36116,6870.260634433051
36117,6681.541619917508
36118,6681.541619917508
36119,7641.637340358977
36120,7038.304739594451
36121,7641.637340358977
36122,7641.637340358977
36123,7641.637340358977
36124,6104.485566585327
36125,7641.637340358977
36126,7641.637340358977
36127,7273.974486714983
36128,6735.419927415167
36129,7641.637340358977
36130,8217.825638368104
36131,7641.637340358977
36132,7641.637340358977
36133,7898.364114876265
36134,6681.541619917508
36135,7641.637340358977
36136,7641.637340358977
36137,6735.419927415167
36138,6559.671274435851
36139,6104.485566585327
36140,7641.637340358977
36141,7641.637340358977
36142,6559.671274435851
36143,7435.16696561688
36144,7641.637340358977
36145,7273.974486714983
36146,7641.637340358977
36147,6559.671274435851
36148,6559.671274435851
36149,6104.485566585327
36150,6334.270137607572
36151,6870.260634433051
36152,7898.364114876265
36153,7641.637340358977
36154,7641.637340358977
36155,7435.16696561688
36156,6735.419927415167
36157,7641.637340358977
36158,7641.637340358977
36159,7641.637340358977
36160,6735.419927415167
36161,7641.637340358977
36162,6870.260634433051
36163,7435.16696561688
36164,6650.226288005765
36165,7641.637340358977
36166,7435.16696561688
36167,6870.260634433051
36168,7641.637340358977
36169,7435.16696561688
36170,7435.16696561688
36171,7641.637340358977
36172,7435.16696561688
36173,6735.419927415167
36174,7641.637340358977
36175,7641.637340358977
36176,7641.637340358977
36177,6156.854672399497
36178,6681.541619917508
36179,7641.637340358977
36180,7641.637340358977
36181,7641.637340358977
36182,6104.485566585327
36183,7641.637340358977
36184,7038.304739594451
36185,7273.974486714983
36186,7641.637340358977
36187,6650.226288005765
36188,7435.16696561688
36189,6771.863337631047
36190,7898.364114876265
36191,6870.260634433051
36192,7641.637340358977
36193,7641.637340358977
36194,6650.226288005765
36195,7641.637340358977
36196,7641.637340358977
36197,6735.419927415167
36198,6558.962901170368
36199,7641.637340358977
36200,6559.671274435851
36201,7641.637340358977
36202,6650.226288005765
36203,7641.637340358977
36204,7641.637340358977
36205,7641.637340358977
36206,6735.419927415167
36207,7641.637340358977
36208,7273.974486714983
36209,6650.226288005765
36210,7641.637340358977
36211,6681.541619917508
36212,7898.364114876265
36213,6870.260634433051
36214,7641.637340358977
36215,7641.637340358977
36216,7435.16696561688
36217,6735.419927415167
36218,6735.419927415167
36219,7641.637340358977
36220,7641.637340358977
36221,7641.637340358977
36222,7641.637340358977
36223,6735.419927415167
36224,6559.671274435851
36225,7435.16696561688
36226,6735.419927415167
36227,7641.637340358977
36228,7641.637340358977
36229,7641.637340358977
36230,7641.637340358977
36231,7641.637340358977
36232,7641.637340358977
36233,6870.260634433051
36234,6681.541619917508
36235,7641.637340358977
36236,6681.541619917508
36237,7641.637340358977
36238,6650.226288005765
36239,6681.541619917508
36240,7273.974486714983
36241,7641.637340358977
36242,7273.974486714983
36243,7641.637340358977
36244,7641.637340358977
36245,6870.260634433051
36246,7641.637340358977
36247,7641.637340358977
36248,6650.226288005765
36249,6156.854672399497
36250,7641.637340358977
36251,7641.637340358977
36252,6650.226288005765
36253,7641.637340358977
36254,7641.637340358977
36255,7641.637340358977
36256,7641.637340358977
36257,6558.962901170368
36258,6104.485566585327
36259,7435.16696561688
36260,7641.637340358977
36261,6870.260634433051
36262,6735.419927415167
36263,6870.260634433051
36264,6735.419927415167
36265,6681.541619917508
36266,6104.485566585327
36267,7641.637340358977
36268,7641.637340358977
36269,8217.825638368104
36270,7641.637340358977
36271,6104.485566585327
36272,7641.637340358977
36273,7641.637340358977
36274,6870.260634433051
36275,6558.962901170368
36276,6558.962901170368
36277,6334.270137607572
36278,7641.637340358977
36279,7435.16696561688
36280,7641.637340358977
36281,7641.637340358977
36282,6771.863337631047
36283,6824.796478705884
36284,6650.226288005765
36285,7641.637340358977
36286,7641.637340358977
36287,7641.637340358977
36288,7641.637340358977
36289,7435.16696561688
36290,7641.637340358977
36291,6681.541619917508
36292,7641.637340358977
36293,6681.541619917508
36294,7641.637340358977
36295,6650.226288005765
36296,7641.637340358977
36297,7641.637340358977
36298,7898.364114876265
36299,6870.260634433051
36300,6771.863337631047
36301,6559.671274435851
36302,7641.637340358977
36303,7641.637340358977
36304,7641.637340358977
36305,6650.226288005765
36306,7641.637340358977
36307,6559.671274435851
36308,7435.16696561688
36309,7641.637340358977
36310,7641.637340358977
36311,7641.637340358977
36312,7641.637340358977
36313,7641.637340358977
36314,7641.637340358977
36315,6681.541619917508
36316,7641.637340358977
36317,7641.637340358977
36318,7641.637340358977
36319,6334.270137607572
36320,6681.541619917508
36321,7641.637340358977
36322,7641.637340358977
36323,6650.226288005765
36324,7435.16696561688
36325,7641.637340358977
36326,7435.16696561688
36327,7641.637340358977
36328,7435.16696561688
36329,6735.419927415167
36330,7898.364114876265
36331,7641.637340358977
36332,7435.16696561688
36333,6559.671274435851
36334,6559.671274435851
36335,7641.637340358977
36336,7898.364114876265
36337,7641.637340358977
36338,6559.671274435851
36339,7273.974486714983
36340,7898.364114876265
36341,7435.16696561688
36342,7898.364114876265
36343,7641.637340358977
36344,7641.637340358977
36345,6559.671274435851
36346,6558.962901170368
36347,7038.304739594451
36348,6334.270137607572
36349,7641.637340358977
36350,6771.863337631047
36351,6104.485566585327
36352,7435.16696561688
36353,8448.59351057833
36354,7038.304739594451
36355,7641.637340358977
36356,7641.637340358977
36357,7898.364114876265
36358,7641.637340358977
36359,7641.637340358977
36360,7641.637340358977
36361,7641.637340358977
36362,7641.637340358977
36363,6681.541619917508
36364,7641.637340358977
36365,6650.226288005765
36366,6104.485566585327
36367,7641.637340358977
36368,7435.16696561688
36369,8448.59351057833
36370,7641.637340358977
36371,6104.485566585327
36372,7641.637340358977
36373,7273.974486714983
36374,6334.270137607572
36375,7641.637340358977
36376,7641.637340358977
36377,7641.637340358977
36378,7641.637340358977
36379,7898.364114876265
36380,6771.863337631047
36381,7641.637340358977
36382,6870.260634433051
36383,7641.637340358977
36384,7641.637340358977
36385,7641.637340358977
36386,7641.637340358977
36387,6870.260634433051
36388,6735.419927415167
36389,7641.637340358977
36390,7435.16696561688
36391,7273.974486714983
36392,6104.485566585327
36393,7641.637340358977
36394,7435.16696561688
36395,7898.364114876265
36396,6156.854672399497
36397,7641.637340358977
36398,6771.863337631047
36399,6334.270137607572
36400,7641.637340358977
36401,7641.637340358977
36402,7641.637340358977
36403,7641.637340358977
36404,7641.637340358977
36405,6334.270137607572
36406,7641.637340358977
36407,7641.637340358977
36408,6735.419927415167
36409,7641.637340358977
36410,7273.974486714983
36411,6650.226288005765
36412,7641.637340358977
36413,7641.637340358977
36414,7641.637340358977
36415,6104.485566585327
36416,7435.16696561688
36417,7038.304739594451
36418,6735.419927415167
36419,7641.637340358977
36420,6771.863337631047
36421,7641.637340358977
36422,7898.364114876265
36423,7641.637340358977
36424,7435.16696561688
36425,6650.226288005765
36426,7641.637340358977
36427,6334.270137607572
36428,7641.637340358977
36429,6681.541619917508
36430,7435.16696561688
36431,7641.637340358977
36432,7641.637340358977
36433,6771.863337631047
36434,7641.637340358977
36435,7641.637340358977
36436,7641.637340358977
36437,7641.637340358977
36438,6824.796478705884
36439,6334.270137607572
36440,7641.637340358977
36441,7641.637340358977
36442,6771.863337631047
36443,6650.226288005765
36444,7641.637340358977
36445,7641.637340358977
36446,7641.637340358977
36447,6156.854672399497
36448,6334.270137607572
36449,7273.974486714983
36450,6735.419927415167
36451,6681.541619917508
36452,7641.637340358977
36453,7641.637340358977
36454,7435.16696561688
36455,7641.637340358977
36456,6681.541619917508
36457,6559.671274435851
36458,6771.863337631047
36459,6870.260634433051
36460,7898.364114876265
36461,7641.637340358977
36462,7435.16696561688
36463,7641.637340358977
36464,7641.637340358977
36465,7641.637340358977
36466,6735.419927415167
36467,7038.304739594451
36468,7641.637340358977
36469,6650.226288005765
36470,6681.541619917508
36471,8217.825638368104
36472,6559.671274435851
36473,6650.226288005765
36474,6735.419927415167
36475,7641.637340358977
36476,6681.541619917508
36477,7435.16696561688
36478,6334.270137607572
36479,6104.485566585327
36480,7641.637340358977
36481,7898.364114876265
36482,7641.637340358977
36483,7641.637340358977
36484,7641.637340358977
36485,7898.364114876265
36486,7641.637340358977
36487,7435.16696561688
36488,7435.16696561688
36489,6104.485566585327
36490,7641.637340358977
36491,7435.16696561688
36492,6559.671274435851
36493,6558.962901170368
36494,6735.419927415167
36495,6681.541619917508
36496,7641.637340358977
36497,7273.974486714983
36498,6870.260634433051
36499,7641.637340358977
36500,6735.419927415167
36501,6559.671274435851
36502,6681.541619917508
36503,6870.260634433051
36504,6870.260634433051
36505,7641.637340358977
36506,7435.16696561688
36507,7641.637340358977
36508,6681.541619917508
36509,6735.419927415167
36510,7641.637340358977
36511,7641.637340358977
36512,6559.671274435851
36513,7641.637340358977
36514,7641.637340358977
36515,7641.637340358977
36516,6735.419927415167
36517,7641.637340358977
36518,6870.260634433051
36519,7641.637340358977
36520,7641.637340358977
36521,6156.854672399497
36522,6735.419927415167
36523,6650.226288005765
36524,7641.637340358977
36525,7641.637340358977
36526,7641.637340358977
36527,7641.637340358977
36528,7641.637340358977
36529,7435.16696561688
36530,6334.270137607572
36531,6735.419927415167
36532,6735.419927415167
36533,6735.419927415167
36534,7641.637340358977
36535,6650.226288005765
36536,6334.270137607572
36537,7435.16696561688
36538,7641.637340358977
36539,7641.637340358977
36540,6650.226288005765
36541,6870.260634433051
36542,7641.637340358977
36543,6870.260634433051
36544,7898.364114876265
36545,7641.637340358977
36546,7641.637340358977
36547,7641.637340358977
36548,8448.59351057833
36549,7641.637340358977
36550,7641.637340358977
36551,7641.637340358977
36552,7641.637340358977
36553,7641.637340358977
36554,7641.637340358977
36555,6735.419927415167
36556,6870.260634433051
36557,7435.16696561688
36558,6104.485566585327
36559,6870.260634433051
36560,6650.226288005765
36561,7641.637340358977
36562,7641.637340358977
36563,7641.637340358977
36564,7273.974486714983
36565,7641.637340358977
36566,6334.270137607572
36567,7641.637340358977
36568,7435.16696561688
36569,7641.637340358977
36570,7641.637340358977
36571,7641.637340358977
36572,7641.637340358977
36573,6870.260634433051
36574,6104.485566585327
36575,6870.260634433051
36576,6681.541619917508
36577,7641.637340358977
36578,7641.637340358977
36579,7641.637340358977
36580,7641.637340358977
36581,7641.637340358977
36582,7435.16696561688
36583,7641.637340358977
36584,6334.270137607572
36585,7641.637340358977
36586,7435.16696561688
36587,8448.59351057833
36588,7641.637340358977
36589,7641.637340358977
36590,7435.16696561688
36591,7641.637340358977
36592,7641.637340358977
36593,7641.637340358977
36594,6681.541619917508
36595,6334.270137607572
36596,6870.260634433051
36597,7641.637340358977
36598,7641.637340358977
36599,7641.637340358977
36600,7273.974486714983
36601,6735.419927415167
36602,7898.364114876265
36603,6650.226288005765
36604,6735.419927415167
36605,7641.637340358977
36606,6650.226288005765
36607,6400.121861411011
36608,6735.419927415167
36609,7641.637340358977
36610,6681.541619917508
36611,7641.637340358977
36612,6824.796478705884
36613,7435.16696561688
36614,7641.637340358977
36615,7641.637340358977
36616,6735.419927415167
36617,6735.419927415167
36618,7641.637340358977
36619,6681.541619917508
36620,7641.637340358977
36621,6559.671274435851
36622,7641.637340358977
36623,6870.260634433051
36624,7641.637340358977
36625,6824.796478705884
36626,7641.637340358977
36627,7273.974486714983
36628,7641.637340358977
36629,6559.671274435851
36630,7641.637340358977
36631,6650.226288005765
36632,7641.637340358977
36633,7641.637340358977
36634,7641.637340358977
36635,7641.637340358977
36636,7641.637340358977
36637,7898.364114876265
36638,6334.270137607572
36639,6735.419927415167
36640,6650.226288005765
36641,6104.485566585327
36642,7641.637340358977
36643,7641.637340358977
36644,7641.637340358977
36645,6559.671274435851
36646,7435.16696561688
36647,7641.637340358977
36648,7435.16696561688
36649,7641.637340358977
36650,6735.419927415167
36651,7641.637340358977
36652,7641.637340358977
36653,7641.637340358977
36654,7898.364114876265
36655,6681.541619917508
36656,7641.637340358977
36657,7641.637340358977
36658,7641.637340358977
36659,7641.637340358977
36660,7435.16696561688
36661,7641.637340358977
36662,7641.637340358977
36663,6681.541619917508
36664,7435.16696561688
36665,7641.637340358977
36666,6104.485566585327
36667,6104.485566585327
36668,6771.863337631047
36669,7641.637340358977
36670,6650.226288005765
36671,7641.637340358977
36672,7641.637340358977
36673,6104.485566585327
36674,6771.863337631047
36675,6735.419927415167
36676,7641.637340358977
36677,7641.637340358977
36678,6870.260634433051
36679,7641.637340358977
36680,7641.637340358977
36681,6650.226288005765
36682,7273.974486714983
36683,7641.637340358977
36684,7641.637340358977
36685,7641.637340358977
36686,6735.419927415167
36687,6771.863337631047
36688,7641.637340358977
36689,7641.637340358977
36690,7435.16696561688
36691,7641.637340358977
36692,6870.260634433051
36693,6156.854672399497
36694,7273.974486714983
36695,6650.226288005765
36696,7641.637340358977
36697,7641.637340358977
36698,6559.671274435851
36699,7641.637340358977
36700,7641.637340358977
36701,6156.854672399497
36702,6870.260634433051
36703,7898.364114876265
36704,6632.150507367874
36705,7435.16696561688
36706,6735.419927415167
36707,7641.637340358977
36708,6771.863337631047
36709,7641.637340358977
36710,6104.485566585327
36711,6104.485566585327
36712,6771.863337631047
36713,7273.974486714983
36714,7641.637340358977
36715,7435.16696561688
36716,7641.637340358977
36717,7641.637340358977
36718,6104.485566585327
36719,7898.364114876265
36720,6559.671274435851
36721,7435.16696561688
36722,6558.962901170368
36723,7038.304739594451
36724,7641.637340358977
36725,7641.637340358977
36726,7641.637340358977
36727,6870.260634433051
36728,7273.974486714983
36729,7273.974486714983
36730,8217.825638368104
36731,6650.226288005765
36732,6650.226288005765
36733,7038.304739594451
36734,6334.270137607572
36735,6771.863337631047
36736,7641.637340358977
36737,7641.637340358977
36738,7641.637340358977
36739,7641.637340358977
36740,8448.59351057833
36741,7435.16696561688
36742,6650.226288005765
36743,7641.637340358977
36744,6156.854672399497
36745,7641.637340358977
36746,7641.637340358977
36747,7641.637340358977
36748,6870.260634433051
36749,7435.16696561688
36750,6650.226288005765
36751,6771.863337631047
36752,7641.637340358977
36753,6681.541619917508
36754,7435.16696561688
36755,6735.419927415167
36756,7038.304739594451
36757,6104.485566585327
36758,6650.226288005765
36759,7641.637340358977
36760,6681.541619917508
36761,7435.16696561688
36762,7641.637340358977
36763,6334.270137607572
36764,7641.637340358977
36765,6650.226288005765
36766,7641.637340358977
36767,7435.16696561688
36768,7641.637340358977
36769,7641.637340358977
36770,6334.270137607572
36771,7641.637340358977
36772,7641.637340358977
36773,6559.671274435851
36774,7641.637340358977
36775,6334.270137607572
36776,6559.671274435851
36777,6681.541619917508
36778,6104.485566585327
36779,6334.270137607572
36780,7435.16696561688
36781,7898.364114876265
36782,7435.16696561688
36783,6559.671274435851
36784,6771.863337631047
36785,7273.974486714983
36786,7641.637340358977
36787,6558.962901170368
36788,7641.637340358977
36789,7641.637340358977
36790,7435.16696561688
36791,7435.16696561688
36792,6870.260634433051
36793,7641.637340358977
36794,6735.419927415167
36795,6735.419927415167
36796,7641.637340358977
36797,7435.16696561688
36798,6559.671274435851
36799,6735.419927415167
36800,6559.671274435851
36801,6650.226288005765
36802,6771.863337631047
36803,7641.637340358977
36804,6650.226288005765
36805,7641.637340358977
36806,7641.637340358977
36807,7641.637340358977
36808,7641.637340358977
36809,7878.63292782239
36810,6921.824505791
36811,7878.63292782239
36812,7878.63292782239
36813,7878.63292782239
36814,7878.63292782239
36815,6401.447293427574
36816,7154.70320033481
36817,6689.232796420335
36818,7449.911842331042
36819,6921.824505791
36820,7878.63292782239
36821,7878.63292782239
36822,7449.911842331042
36823,6689.232796420335
36824,7878.63292782239
36825,7878.63292782239
36826,7449.911842331042
36827,7878.63292782239
36828,6875.270503470714
36829,7878.63292782239
36830,7206.422718994869
36831,7878.63292782239
36832,6689.232796420335
36833,7878.63292782239
36834,6401.447293427574
36835,7449.911842331042
36836,7878.63292782239
36837,6968.2771061168305
36838,6689.232796420335
36839,6968.2771061168305
36840,7449.911842331042
36841,8204.315747489256
36842,7878.63292782239
36843,6921.824505791
36844,6921.824505791
36845,7878.63292782239
36846,7878.63292782239
36847,7878.63292782239
36848,7144.216903201807
36849,8576.648649300723
36850,7878.63292782239
36851,7206.422718994869
36852,6797.174506058251
36853,6401.447293427574
36854,7878.63292782239
36855,7631.622400389716
36856,6921.824505791
36857,8204.315747489256
36858,7878.63292782239
36859,6609.439168998054
36860,7449.911842331042
36861,7878.63292782239
36862,8204.315747489256
36863,7154.70320033481
36864,7878.63292782239
36865,7878.63292782239
36866,7878.63292782239
36867,7878.63292782239
36868,7206.422718994869
36869,7878.63292782239
36870,7878.63292782239
36871,7449.911842331042
36872,8204.315747489256
36873,7878.63292782239
36874,7878.63292782239
36875,6968.2771061168305
36876,7449.911842331042
36877,7878.63292782239
36878,6609.439168998054
36879,6689.232796420335
36880,6921.824505791
36881,7878.63292782239
36882,6401.447293427574
36883,7878.63292782239
36884,7878.63292782239
36885,7878.63292782239
36886,7206.422718994869
36887,7070.34936223598
36888,7878.63292782239
36889,7878.63292782239
36890,7878.63292782239
36891,7878.63292782239
36892,8204.315747489256
36893,7878.63292782239
36894,7878.63292782239
36895,7449.911842331042
36896,7878.63292782239
36897,7878.63292782239
36898,7878.63292782239
36899,8204.315747489256
36900,7878.63292782239
36901,7878.63292782239
36902,7631.622400389716
36903,7154.70320033481
36904,6401.447293427574
36905,6921.824505791
36906,7154.70320033481
36907,7878.63292782239
36908,6797.174506058251
36909,6401.447293427574
36910,7878.63292782239
36911,7449.911842331042
36912,6921.824505791
36913,6401.447293427574
36914,7878.63292782239
36915,7878.63292782239
36916,7878.63292782239
36917,7878.63292782239
36918,6689.232796420335
36919,8449.960177947185
36920,7878.63292782239
36921,6921.824505791
36922,7878.63292782239
36923,7878.63292782239
36924,7631.622400389716
36925,7878.63292782239
36926,6609.439168998054
36927,7878.63292782239
36928,6968.2771061168305
36929,7878.63292782239
36930,7878.63292782239
36931,7878.63292782239
36932,7154.70320033481
36933,7154.70320033481
36934,7154.70320033481
36935,6968.2771061168305
36936,7878.63292782239
36937,7631.622400389716
36938,6921.824505791
36939,7878.63292782239
36940,7449.911842331042
36941,7878.63292782239
36942,7878.63292782239
36943,7878.63292782239
36944,7878.63292782239
36945,7878.63292782239
36946,6921.824505791
36947,7144.216903201807
36948,7878.63292782239
36949,7878.63292782239
36950,7449.911842331042
36951,7878.63292782239
36952,7631.622400389716
36953,7878.63292782239
36954,7449.911842331042
36955,7449.911842331042
36956,7449.911842331042
36957,7878.63292782239
36958,6875.270503470714
36959,7878.63292782239
36960,7878.63292782239
36961,6921.824505791
36962,7878.63292782239
36963,7631.622400389716
36964,7878.63292782239
36965,7449.911842331042
36966,6921.824505791
36967,7878.63292782239
36968,6968.2771061168305
36969,6875.270503470714
36970,7878.63292782239
36971,6401.447293427574
36972,7206.422718994869
36973,6689.232796420335
36974,6689.232796420335
36975,7878.63292782239
36976,7144.216903201807
36977,7878.63292782239
36978,7878.63292782239
36979,7878.63292782239
36980,6401.447293427574
36981,7878.63292782239
36982,7878.63292782239
36983,7631.622400389716
36984,6921.824505791
36985,7878.63292782239
36986,8576.648649300723
36987,7878.63292782239
36988,7878.63292782239
36989,8204.315747489256
36990,6689.232796420335
36991,7878.63292782239
36992,7878.63292782239
36993,6921.824505791
36994,6875.270503470714
36995,6401.447293427574
36996,7878.63292782239
36997,7878.63292782239
36998,6875.270503470714
36999,7449.911842331042
37000,7878.63292782239
37001,7631.622400389716
37002,7878.63292782239
37003,6875.270503470714
37004,6875.270503470714
37005,6401.447293427574
37006,6609.439168998054
37007,7206.422718994869
37008,8204.315747489256
37009,7878.63292782239
37010,7878.63292782239
37011,7449.911842331042
37012,6921.824505791
37013,7878.63292782239
37014,7878.63292782239
37015,7878.63292782239
37016,6921.824505791
37017,7878.63292782239
37018,7206.422718994869
37019,7449.911842331042
37020,6968.2771061168305
37021,7878.63292782239
37022,7449.911842331042
37023,7206.422718994869
37024,7878.63292782239
37025,7449.911842331042
37026,7449.911842331042
37027,7878.63292782239
37028,7449.911842331042
37029,6921.824505791
37030,7878.63292782239
37031,7878.63292782239
37032,7878.63292782239
37033,6374.103519050667
37034,6689.232796420335
37035,7878.63292782239
37036,7878.63292782239
37037,7878.63292782239
37038,6401.447293427574
37039,7878.63292782239
37040,7144.216903201807
37041,7631.622400389716
37042,7878.63292782239
37043,6968.2771061168305
37044,7449.911842331042
37045,7154.70320033481
37046,8204.315747489256
37047,7206.422718994869
37048,7878.63292782239
37049,7878.63292782239
37050,6968.2771061168305
37051,7878.63292782239
37052,7878.63292782239
37053,6921.824505791
37054,6797.174506058251
37055,7878.63292782239
37056,6875.270503470714
37057,7878.63292782239
37058,6968.2771061168305
37059,7878.63292782239
37060,7878.63292782239
37061,7878.63292782239
37062,6921.824505791
37063,7878.63292782239
37064,7631.622400389716
37065,6968.2771061168305
37066,7878.63292782239
37067,6689.232796420335
37068,8204.315747489256
37069,7206.422718994869
37070,7878.63292782239
37071,7878.63292782239
37072,7449.911842331042
37073,6921.824505791
37074,6921.824505791
37075,7878.63292782239
37076,7878.63292782239
37077,7878.63292782239
37078,7878.63292782239
37079,6921.824505791
37080,6875.270503470714
37081,7449.911842331042
37082,6921.824505791
37083,7878.63292782239
37084,7878.63292782239
37085,7878.63292782239
37086,7878.63292782239
37087,7878.63292782239
37088,7878.63292782239
37089,7206.422718994869
37090,6689.232796420335
37091,7878.63292782239
37092,6689.232796420335
37093,7878.63292782239
37094,6968.2771061168305
37095,6689.232796420335
37096,7631.622400389716
37097,7878.63292782239
37098,7631.622400389716
37099,7878.63292782239
37100,7878.63292782239
37101,7206.422718994869
37102,7878.63292782239
37103,7878.63292782239
37104,6968.2771061168305
37105,6374.103519050667
37106,7878.63292782239
37107,7878.63292782239
37108,6968.2771061168305
37109,7878.63292782239
37110,7878.63292782239
37111,7878.63292782239
37112,7878.63292782239
37113,6797.174506058251
37114,6401.447293427574
37115,7449.911842331042
37116,7878.63292782239
37117,7206.422718994869
37118,6921.824505791
37119,7206.422718994869
37120,6921.824505791
37121,6689.232796420335
37122,6401.447293427574
37123,7878.63292782239
37124,7878.63292782239
37125,8576.648649300723
37126,7878.63292782239
37127,6401.447293427574
37128,7878.63292782239
37129,7878.63292782239
37130,7206.422718994869
37131,6797.174506058251
37132,6797.174506058251
37133,6609.439168998054
37134,7878.63292782239
37135,7449.911842331042
37136,7878.63292782239
37137,7878.63292782239
37138,7154.70320033481
37139,7070.34936223598
37140,6968.2771061168305
37141,7878.63292782239
37142,7878.63292782239
37143,7878.63292782239
37144,7878.63292782239
37145,7449.911842331042
37146,7878.63292782239
37147,6689.232796420335
37148,7878.63292782239
37149,6689.232796420335
37150,7878.63292782239
37151,6968.2771061168305
37152,7878.63292782239
37153,7878.63292782239
37154,8204.315747489256
37155,7206.422718994869
37156,7154.70320033481
37157,6875.270503470714
37158,7878.63292782239
37159,7878.63292782239
37160,7878.63292782239
37161,6968.2771061168305
37162,7878.63292782239
37163,6875.270503470714
37164,7449.911842331042
37165,7878.63292782239
37166,7878.63292782239
37167,7878.63292782239
37168,7878.63292782239
37169,7878.63292782239
37170,7878.63292782239
37171,6689.232796420335
37172,7878.63292782239
37173,7878.63292782239
37174,7878.63292782239
37175,6609.439168998054
37176,6689.232796420335
37177,7878.63292782239
37178,7878.63292782239
37179,6968.2771061168305
37180,7449.911842331042
37181,7878.63292782239
37182,7449.911842331042
37183,7878.63292782239
37184,7449.911842331042
37185,6921.824505791
37186,8204.315747489256
37187,7878.63292782239
37188,7449.911842331042
37189,6875.270503470714
37190,6875.270503470714
37191,7878.63292782239
37192,8204.315747489256
37193,7878.63292782239
37194,6875.270503470714
37195,7631.622400389716
37196,8204.315747489256
37197,7449.911842331042
37198,8204.315747489256
37199,7878.63292782239
37200,7878.63292782239
37201,6875.270503470714
37202,6797.174506058251
37203,7144.216903201807
37204,6609.439168998054
37205,7878.63292782239
37206,7154.70320033481
37207,6401.447293427574
37208,7449.911842331042
37209,8449.960177947185
37210,7144.216903201807
37211,7878.63292782239
37212,7878.63292782239
37213,8204.315747489256
37214,7878.63292782239
37215,7878.63292782239
37216,7878.63292782239
37217,7878.63292782239
37218,7878.63292782239
37219,6689.232796420335
37220,7878.63292782239
37221,6968.2771061168305
37222,6401.447293427574
37223,7878.63292782239
37224,7449.911842331042
37225,8449.960177947185
37226,7878.63292782239
37227,6401.447293427574
37228,7878.63292782239
37229,7631.622400389716
37230,6609.439168998054
37231,7878.63292782239
37232,7878.63292782239
37233,7878.63292782239
37234,7878.63292782239
37235,8204.315747489256
37236,7154.70320033481
37237,7878.63292782239
37238,7206.422718994869
37239,7878.63292782239
37240,7878.63292782239
37241,7878.63292782239
37242,7878.63292782239
37243,7206.422718994869
37244,6921.824505791
37245,7878.63292782239
37246,7449.911842331042
37247,7631.622400389716
37248,6401.447293427574
37249,7878.63292782239
37250,7449.911842331042
37251,8204.315747489256
37252,6374.103519050667
37253,7878.63292782239
37254,7154.70320033481
37255,6609.439168998054
37256,7878.63292782239
37257,7878.63292782239
37258,7878.63292782239
37259,7878.63292782239
37260,7878.63292782239
37261,6609.439168998054
37262,7878.63292782239
37263,7878.63292782239
37264,6921.824505791
37265,7878.63292782239
37266,7631.622400389716
37267,6968.2771061168305
37268,7878.63292782239
37269,7878.63292782239
37270,7878.63292782239
37271,6401.447293427574
37272,7449.911842331042
37273,7144.216903201807
37274,6921.824505791
37275,7878.63292782239
37276,7154.70320033481
37277,7878.63292782239
37278,8204.315747489256
37279,7878.63292782239
37280,7449.911842331042
37281,6968.2771061168305
37282,7878.63292782239
37283,6609.439168998054
37284,7878.63292782239
37285,6689.232796420335
37286,7449.911842331042
37287,7878.63292782239
37288,7878.63292782239
37289,7154.70320033481
37290,7878.63292782239
37291,7878.63292782239
37292,7878.63292782239
37293,7878.63292782239
37294,7070.34936223598
37295,6609.439168998054
37296,7878.63292782239
37297,7878.63292782239
37298,7154.70320033481
37299,6968.2771061168305
37300,7878.63292782239
37301,7878.63292782239
37302,7878.63292782239
37303,6374.103519050667
37304,6609.439168998054
37305,7631.622400389716
37306,6921.824505791
37307,6689.232796420335
37308,7878.63292782239
37309,7878.63292782239
37310,7449.911842331042
37311,7878.63292782239
37312,6689.232796420335
37313,6875.270503470714
37314,7154.70320033481
37315,7206.422718994869
37316,8204.315747489256
37317,7878.63292782239
37318,7449.911842331042
37319,7878.63292782239
37320,7878.63292782239
37321,7878.63292782239
37322,6921.824505791
37323,7144.216903201807
37324,7878.63292782239
37325,6968.2771061168305
37326,6689.232796420335
37327,8576.648649300723
37328,6875.270503470714
37329,6968.2771061168305
37330,6921.824505791
37331,7878.63292782239
37332,6689.232796420335
37333,7449.911842331042
37334,6609.439168998054
37335,6401.447293427574
37336,7878.63292782239
37337,8204.315747489256
37338,7878.63292782239
37339,7878.63292782239
37340,7878.63292782239
37341,8204.315747489256
37342,7878.63292782239
37343,7449.911842331042
37344,7449.911842331042
37345,6401.447293427574
37346,7878.63292782239
37347,7449.911842331042
37348,6875.270503470714
37349,6797.174506058251
37350,6921.824505791
37351,6689.232796420335
37352,7878.63292782239
37353,7631.622400389716
37354,7206.422718994869
37355,7878.63292782239
37356,6921.824505791
37357,6875.270503470714
37358,6689.232796420335
37359,7206.422718994869
37360,7206.422718994869
37361,7878.63292782239
37362,7449.911842331042
37363,7878.63292782239
37364,6689.232796420335
37365,6921.824505791
37366,7878.63292782239
37367,7878.63292782239
37368,6875.270503470714
37369,7878.63292782239
37370,7878.63292782239
37371,7878.63292782239
37372,6921.824505791
37373,7878.63292782239
37374,7206.422718994869
37375,7878.63292782239
37376,7878.63292782239
37377,6374.103519050667
37378,6921.824505791
37379,6968.2771061168305
37380,7878.63292782239
37381,7878.63292782239
37382,7878.63292782239
37383,7878.63292782239
37384,7878.63292782239
37385,7449.911842331042
37386,6609.439168998054
37387,6921.824505791
37388,6921.824505791
37389,6921.824505791
37390,7878.63292782239
37391,6968.2771061168305
37392,6609.439168998054
37393,7449.911842331042
37394,7878.63292782239
37395,7878.63292782239
37396,6968.2771061168305
37397,7206.422718994869
37398,7878.63292782239
37399,7206.422718994869
37400,8204.315747489256
37401,7878.63292782239
37402,7878.63292782239
37403,7878.63292782239
37404,8449.960177947185
37405,7878.63292782239
37406,7878.63292782239
37407,7878.63292782239
37408,7878.63292782239
37409,7878.63292782239
37410,7878.63292782239
37411,6921.824505791
37412,7206.422718994869
37413,7449.911842331042
37414,6401.447293427574
37415,7206.422718994869
37416,6968.2771061168305
37417,7878.63292782239
37418,7878.63292782239
37419,7878.63292782239
37420,7631.622400389716
37421,7878.63292782239
37422,6609.439168998054
37423,7878.63292782239
37424,7449.911842331042
37425,7878.63292782239
37426,7878.63292782239
37427,7878.63292782239
37428,7878.63292782239
37429,7206.422718994869
37430,6401.447293427574
37431,7206.422718994869
37432,6689.232796420335
37433,7878.63292782239
37434,7878.63292782239
37435,7878.63292782239
37436,7878.63292782239
37437,7878.63292782239
37438,7449.911842331042
37439,7878.63292782239
37440,6609.439168998054
37441,7878.63292782239
37442,7449.911842331042
37443,8449.960177947185
37444,7878.63292782239
37445,7878.63292782239
37446,7449.911842331042
37447,7878.63292782239
37448,7878.63292782239
37449,7878.63292782239
37450,6689.232796420335
37451,6609.439168998054
37452,7206.422718994869
37453,7878.63292782239
37454,7878.63292782239
37455,7878.63292782239
37456,7631.622400389716
37457,6921.824505791
37458,8204.315747489256
37459,6968.2771061168305
37460,6921.824505791
37461,7878.63292782239
37462,6968.2771061168305
37463,6401.488528779865
37464,6921.824505791
37465,7878.63292782239
37466,6689.232796420335
37467,7878.63292782239
37468,7070.34936223598
37469,7449.911842331042
37470,7878.63292782239
37471,7878.63292782239
37472,6921.824505791
37473,6921.824505791
37474,7878.63292782239
37475,6689.232796420335
37476,7878.63292782239
37477,6875.270503470714
37478,7878.63292782239
37479,7206.422718994869
37480,7878.63292782239
37481,7070.34936223598
37482,7878.63292782239
37483,7631.622400389716
37484,7878.63292782239
37485,6875.270503470714
37486,7878.63292782239
37487,6968.2771061168305
37488,7878.63292782239
37489,7878.63292782239
37490,7878.63292782239
37491,7878.63292782239
37492,7878.63292782239
37493,8204.315747489256
37494,6609.439168998054
37495,6921.824505791
37496,6968.2771061168305
37497,6401.447293427574
37498,7878.63292782239
37499,7878.63292782239
37500,7878.63292782239
37501,6875.270503470714
37502,7449.911842331042
37503,7878.63292782239
37504,7449.911842331042
37505,7878.63292782239
37506,6921.824505791
37507,7878.63292782239
37508,7878.63292782239
37509,7878.63292782239
37510,8204.315747489256
37511,6689.232796420335
37512,7878.63292782239
37513,7878.63292782239
37514,7878.63292782239
37515,7878.63292782239
37516,7449.911842331042
37517,7878.63292782239
37518,7878.63292782239
37519,6689.232796420335
37520,7449.911842331042
37521,7878.63292782239
37522,6401.447293427574
37523,6401.447293427574
37524,7154.70320033481
37525,7878.63292782239
37526,6968.2771061168305
37527,7878.63292782239
37528,7878.63292782239
37529,6401.447293427574
37530,7154.70320033481
37531,6921.824505791
37532,7878.63292782239
37533,7878.63292782239
37534,7206.422718994869
37535,7878.63292782239
37536,7878.63292782239
37537,6968.2771061168305
37538,7631.622400389716
37539,7878.63292782239
37540,7878.63292782239
37541,7878.63292782239
37542,6921.824505791
37543,7154.70320033481
37544,7878.63292782239
37545,7878.63292782239
37546,7449.911842331042
37547,7878.63292782239
37548,7206.422718994869
37549,6374.103519050667
37550,7631.622400389716
37551,6968.2771061168305
37552,7878.63292782239
37553,7878.63292782239
37554,6875.270503470714
37555,7878.63292782239
37556,7878.63292782239
37557,6374.103519050667
37558,7206.422718994869
37559,8204.315747489256
37560,6938.539692755129
37561,7449.911842331042
37562,6921.824505791
37563,7878.63292782239
37564,7154.70320033481
37565,7878.63292782239
37566,6401.447293427574
37567,6401.447293427574
37568,7154.70320033481
37569,7631.622400389716
37570,7878.63292782239
37571,7449.911842331042
37572,7878.63292782239
37573,7878.63292782239
37574,6401.447293427574
37575,8204.315747489256
37576,6875.270503470714
37577,7449.911842331042
37578,6797.174506058251
37579,7144.216903201807
37580,7878.63292782239
37581,7878.63292782239
37582,7878.63292782239
37583,7206.422718994869
37584,7631.622400389716
37585,7631.622400389716
37586,8576.648649300723
37587,6968.2771061168305
37588,6968.2771061168305
37589,7144.216903201807
37590,6609.439168998054
37591,7154.70320033481
37592,7878.63292782239
37593,7878.63292782239
37594,7878.63292782239
37595,7878.63292782239
37596,8449.960177947185
37597,7449.911842331042
37598,6968.2771061168305
37599,7878.63292782239
37600,6374.103519050667
37601,7878.63292782239
37602,7878.63292782239
37603,7878.63292782239
37604,7206.422718994869
37605,7449.911842331042
37606,6968.2771061168305
37607,7154.70320033481
37608,7878.63292782239
37609,6689.232796420335
37610,7449.911842331042
37611,6921.824505791
37612,7144.216903201807
37613,6401.447293427574
37614,6968.2771061168305
37615,7878.63292782239
37616,6689.232796420335
37617,7449.911842331042
37618,7878.63292782239
37619,6609.439168998054
37620,7878.63292782239
37621,6968.2771061168305
37622,7878.63292782239
37623,7449.911842331042
37624,7878.63292782239
37625,7878.63292782239
37626,6609.439168998054
37627,7878.63292782239
37628,7878.63292782239
37629,6875.270503470714
37630,7878.63292782239
37631,6609.439168998054
37632,6875.270503470714
37633,6689.232796420335
37634,6401.447293427574
37635,6609.439168998054
37636,7449.911842331042
37637,8204.315747489256
37638,7449.911842331042
37639,6875.270503470714
37640,7154.70320033481
37641,7631.622400389716
37642,7878.63292782239
37643,6797.174506058251
37644,7878.63292782239
37645,7878.63292782239
37646,7449.911842331042
37647,7449.911842331042
37648,7206.422718994869
37649,7878.63292782239
37650,6921.824505791
37651,6921.824505791
37652,7878.63292782239
37653,7449.911842331042
37654,6875.270503470714
37655,6921.824505791
37656,6875.270503470714
37657,6968.2771061168305
37658,7154.70320033481
37659,7878.63292782239
37660,6968.2771061168305
37661,7878.63292782239
37662,7878.63292782239
37663,7878.63292782239
37664,7878.63292782239
37665,8573.66768956118
37666,7632.915738347463
37667,8573.66768956118
37668,8573.66768956118
37669,8573.66768956118
37670,8573.66768956118
37671,6924.534136104643
37672,7998.022526113079
37673,7571.830112120034
37674,8352.731033117041
37675,7632.915738347463
37676,8573.66768956118
37677,8573.66768956118
37678,8352.731033117041
37679,7571.830112120034
37680,8573.66768956118
37681,8573.66768956118
37682,8352.731033117041
37683,8573.66768956118
37684,7413.272042046723
37685,8573.66768956118
37686,7799.216605616307
37687,8573.66768956118
37688,7571.830112120034
37689,8573.66768956118
37690,6924.534136104643
37691,8352.731033117041
37692,8573.66768956118
37693,7706.348502226559
37694,7571.830112120034
37695,7706.348502226559
37696,8352.731033117041
37697,9132.124327452615
37698,8573.66768956118
37699,7632.915738347463
37700,7632.915738347463
37701,8573.66768956118
37702,8573.66768956118
37703,8573.66768956118
37704,7569.890830224771
37705,9121.267740775704
37706,8573.66768956118
37707,7799.216605616307
37708,7289.1778412196845
37709,6924.534136104643
37710,8573.66768956118
37711,8308.715139408665
37712,7632.915738347463
37713,9132.124327452615
37714,8573.66768956118
37715,7126.080438057956
37716,8352.731033117041
37717,8573.66768956118
37718,9132.124327452615
37719,7998.022526113079
37720,8573.66768956118
37721,8573.66768956118
37722,8573.66768956118
37723,8573.66768956118
37724,7799.216605616307
37725,8573.66768956118
37726,8573.66768956118
37727,8352.731033117041
37728,9132.124327452615
37729,8573.66768956118
37730,8573.66768956118
37731,7706.348502226559
37732,8352.731033117041
37733,8573.66768956118
37734,7126.080438057956
37735,7571.830112120034
37736,7632.915738347463
37737,8573.66768956118
37738,6924.534136104643
37739,8573.66768956118
37740,8573.66768956118
37741,8573.66768956118
37742,7799.216605616307
37743,7737.398552046128
37744,8573.66768956118
37745,8573.66768956118
37746,8573.66768956118
37747,8573.66768956118
37748,9132.124327452615
37749,8573.66768956118
37750,8573.66768956118
37751,8352.731033117041
37752,8573.66768956118
37753,8573.66768956118
37754,8573.66768956118
37755,9132.124327452615
37756,8573.66768956118
37757,8573.66768956118
37758,8308.715139408665
37759,7998.022526113079
37760,6924.534136104643
37761,7632.915738347463
37762,7998.022526113079
37763,8573.66768956118
37764,7289.1778412196845
37765,6924.534136104643
37766,8573.66768956118
37767,8352.731033117041
37768,7632.915738347463
37769,6924.534136104643
37770,8573.66768956118
37771,8573.66768956118
37772,8573.66768956118
37773,8573.66768956118
37774,7571.830112120034
37775,9264.59934370543
37776,8573.66768956118
37777,7632.915738347463
37778,8573.66768956118
37779,8573.66768956118
37780,8308.715139408665
37781,8573.66768956118
37782,7126.080438057956
37783,8573.66768956118
37784,7706.348502226559
37785,8573.66768956118
37786,8573.66768956118
37787,8573.66768956118
37788,7998.022526113079
37789,7998.022526113079
37790,7998.022526113079
37791,7706.348502226559
37792,8573.66768956118
37793,8308.715139408665
37794,7632.915738347463
37795,8573.66768956118
37796,8352.731033117041
37797,8573.66768956118
37798,8573.66768956118
37799,8573.66768956118
37800,8573.66768956118
37801,8573.66768956118
37802,7632.915738347463
37803,7569.890830224771
37804,8573.66768956118
37805,8573.66768956118
37806,8352.731033117041
37807,8573.66768956118
37808,8308.715139408665
37809,8573.66768956118
37810,8352.731033117041
37811,8352.731033117041
37812,8352.731033117041
37813,8573.66768956118
37814,7413.272042046723
37815,8573.66768956118
37816,8573.66768956118
37817,7632.915738347463
37818,8573.66768956118
37819,8308.715139408665
37820,8573.66768956118
37821,8352.731033117041
37822,7632.915738347463
37823,8573.66768956118
37824,7706.348502226559
37825,7413.272042046723
37826,8573.66768956118
37827,6924.534136104643
37828,7799.216605616307
37829,7571.830112120034
37830,7571.830112120034
37831,8573.66768956118
37832,7569.890830224771
37833,8573.66768956118
37834,8573.66768956118
37835,8573.66768956118
37836,6924.534136104643
37837,8573.66768956118
37838,8573.66768956118
37839,8308.715139408665
37840,7632.915738347463
37841,8573.66768956118
37842,9121.267740775704
37843,8573.66768956118
37844,8573.66768956118
37845,9132.124327452615
37846,7571.830112120034
37847,8573.66768956118
37848,8573.66768956118
37849,7632.915738347463
37850,7413.272042046723
37851,6924.534136104643
37852,8573.66768956118
37853,8573.66768956118
37854,7413.272042046723
37855,8352.731033117041
37856,8573.66768956118
37857,8308.715139408665
37858,8573.66768956118
37859,7413.272042046723
37860,7413.272042046723
37861,6924.534136104643
37862,7126.080438057956
37863,7799.216605616307
37864,9132.124327452615
37865,8573.66768956118
37866,8573.66768956118
37867,8352.731033117041
37868,7632.915738347463
37869,8573.66768956118
37870,8573.66768956118
37871,8573.66768956118
37872,7632.915738347463
37873,8573.66768956118
37874,7799.216605616307
37875,8352.731033117041
37876,7706.348502226559
37877,8573.66768956118
37878,8352.731033117041
37879,7799.216605616307
37880,8573.66768956118
37881,8352.731033117041
37882,8352.731033117041
37883,8573.66768956118
37884,8352.731033117041
37885,7632.915738347463
37886,8573.66768956118
37887,8573.66768956118
37888,8573.66768956118
37889,7081.407990564091
37890,7571.830112120034
37891,8573.66768956118
37892,8573.66768956118
37893,8573.66768956118
37894,6924.534136104643
37895,8573.66768956118
37896,7569.890830224771
37897,8308.715139408665
37898,8573.66768956118
37899,7706.348502226559
37900,8352.731033117041
37901,7998.022526113079
37902,9132.124327452615
37903,7799.216605616307
37904,8573.66768956118
37905,8573.66768956118
37906,7706.348502226559
37907,8573.66768956118
37908,8573.66768956118
37909,7632.915738347463
37910,7289.1778412196845
37911,8573.66768956118
37912,7413.272042046723
37913,8573.66768956118
37914,7706.348502226559
37915,8573.66768956118
37916,8573.66768956118
37917,8573.66768956118
37918,7632.915738347463
37919,8573.66768956118
37920,8308.715139408665
37921,7706.348502226559
37922,8573.66768956118
37923,7571.830112120034
37924,9132.124327452615
37925,7799.216605616307
37926,8573.66768956118
37927,8573.66768956118
37928,8352.731033117041
37929,7632.915738347463
37930,7632.915738347463
37931,8573.66768956118
37932,8573.66768956118
37933,8573.66768956118
37934,8573.66768956118
37935,7632.915738347463
37936,7413.272042046723
37937,8352.731033117041
37938,7632.915738347463
37939,8573.66768956118
37940,8573.66768956118
37941,8573.66768956118
37942,8573.66768956118
37943,8573.66768956118
37944,8573.66768956118
37945,7799.216605616307
37946,7571.830112120034
37947,8573.66768956118
37948,7571.830112120034
37949,8573.66768956118
37950,7706.348502226559
37951,7571.830112120034
37952,8308.715139408665
37953,8573.66768956118
37954,8308.715139408665
37955,8573.66768956118
37956,8573.66768956118
37957,7799.216605616307
37958,8573.66768956118
37959,8573.66768956118
37960,7706.348502226559
37961,7081.407990564091
37962,8573.66768956118
37963,8573.66768956118
37964,7706.348502226559
37965,8573.66768956118
37966,8573.66768956118
37967,8573.66768956118
37968,8573.66768956118
37969,7289.1778412196845
37970,6924.534136104643
37971,8352.731033117041
37972,8573.66768956118
37973,7799.216605616307
37974,7632.915738347463
37975,7799.216605616307
37976,7632.915738347463
37977,7571.830112120034
37978,6924.534136104643
37979,8573.66768956118
37980,8573.66768956118
37981,9121.267740775704
37982,8573.66768956118
37983,6924.534136104643
37984,8573.66768956118
37985,8573.66768956118
37986,7799.216605616307
37987,7289.1778412196845
37988,7289.1778412196845
37989,7126.080438057956
37990,8573.66768956118
37991,8352.731033117041
37992,8573.66768956118
37993,8573.66768956118
37994,7998.022526113079
37995,7737.398552046128
37996,7706.348502226559
37997,8573.66768956118
37998,8573.66768956118
37999,8573.66768956118
38000,8573.66768956118
38001,8352.731033117041
38002,8573.66768956118
38003,7571.830112120034
38004,8573.66768956118
38005,7571.830112120034
38006,8573.66768956118
38007,7706.348502226559
38008,8573.66768956118
38009,8573.66768956118
38010,9132.124327452615
38011,7799.216605616307
38012,7998.022526113079
38013,7413.272042046723
38014,8573.66768956118
38015,8573.66768956118
38016,8573.66768956118
38017,7706.348502226559
38018,8573.66768956118
38019,7413.272042046723
38020,8352.731033117041
38021,8573.66768956118
38022,8573.66768956118
38023,8573.66768956118
38024,8573.66768956118
38025,8573.66768956118
38026,8573.66768956118
38027,7571.830112120034
38028,8573.66768956118
38029,8573.66768956118
38030,8573.66768956118
38031,7126.080438057956
38032,7586.382923904896
38033,8573.66768956118
38034,8573.66768956118
38035,7706.348502226559
38036,8352.731033117041
38037,8573.66768956118
38038,8352.731033117041
38039,8573.66768956118
38040,8352.731033117041
38041,7632.915738347463
38042,9132.124327452615
38043,8573.66768956118
38044,8352.731033117041
38045,7413.272042046723
38046,7413.272042046723
38047,8573.66768956118
38048,9132.124327452615
38049,8573.66768956118
38050,7413.272042046723
38051,8308.715139408665
38052,9132.124327452615
38053,8352.731033117041
38054,9132.124327452615
38055,8573.66768956118
38056,8573.66768956118
38057,7413.272042046723
38058,7289.1778412196845
38059,7569.890830224771
38060,7126.080438057956
38061,8573.66768956118
38062,7998.022526113079
38063,6924.534136104643
38064,8352.731033117041
38065,9264.59934370543
38066,7569.890830224771
38067,8573.66768956118
38068,8573.66768956118
38069,9132.124327452615
38070,8573.66768956118
38071,8573.66768956118
38072,8573.66768956118
38073,8573.66768956118
38074,8573.66768956118
38075,7571.830112120034
38076,8573.66768956118
38077,7706.348502226559
38078,6924.534136104643
38079,8573.66768956118
38080,8352.731033117041
38081,9264.59934370543
38082,8573.66768956118
38083,6924.534136104643
38084,8573.66768956118
38085,8308.715139408665
38086,7126.080438057956
38087,8573.66768956118
38088,8573.66768956118
38089,8573.66768956118
38090,8573.66768956118
38091,9132.124327452615
38092,7998.022526113079
38093,8573.66768956118
38094,7799.216605616307
38095,8573.66768956118
38096,8573.66768956118
38097,8573.66768956118
38098,8573.66768956118
38099,7799.216605616307
38100,7632.915738347463
38101,8573.66768956118
38102,8352.731033117041
38103,8308.715139408665
38104,6924.534136104643
38105,8573.66768956118
38106,8352.731033117041
38107,9132.124327452615
38108,7081.407990564091
38109,8573.66768956118
38110,7998.022526113079
38111,7126.080438057956
38112,8573.66768956118
38113,8573.66768956118
38114,8573.66768956118
38115,8573.66768956118
38116,8573.66768956118
38117,7126.080438057956
38118,8573.66768956118
38119,8573.66768956118
38120,7632.915738347463
38121,8573.66768956118
38122,8308.715139408665
38123,7706.348502226559
38124,8573.66768956118
38125,8573.66768956118
38126,8573.66768956118
38127,6924.534136104643
38128,8352.731033117041
38129,7569.890830224771
38130,7632.915738347463
38131,8573.66768956118
38132,7998.022526113079
38133,8573.66768956118
38134,9132.124327452615
38135,8573.66768956118
38136,8352.731033117041
38137,7706.348502226559
38138,8573.66768956118
38139,7126.080438057956
38140,8573.66768956118
38141,7571.830112120034
38142,8352.731033117041
38143,8573.66768956118
38144,8573.66768956118
38145,7998.022526113079
38146,8573.66768956118
38147,8573.66768956118
38148,8573.66768956118
38149,8573.66768956118
38150,7737.398552046128
38151,7126.080438057956
38152,8573.66768956118
38153,8573.66768956118
38154,7998.022526113079
38155,7706.348502226559
38156,8573.66768956118
38157,8573.66768956118
38158,8573.66768956118
38159,7081.407990564091
38160,7126.080438057956
38161,8308.715139408665
38162,7632.915738347463
38163,7571.830112120034
38164,8573.66768956118
38165,8573.66768956118
38166,8352.731033117041
38167,8573.66768956118
38168,7571.830112120034
38169,7413.272042046723
38170,7998.022526113079
38171,7799.216605616307
38172,9132.124327452615
38173,8573.66768956118
38174,8352.731033117041
38175,8573.66768956118
38176,8573.66768956118
38177,8573.66768956118
38178,7632.915738347463
38179,7569.890830224771
38180,8573.66768956118
38181,7706.348502226559
38182,7571.830112120034
38183,9121.267740775704
38184,7413.272042046723
38185,7706.348502226559
38186,7632.915738347463
38187,8573.66768956118
38188,7571.830112120034
38189,8352.731033117041
38190,7126.080438057956
38191,6924.534136104643
38192,8573.66768956118
38193,9132.124327452615
38194,8573.66768956118
38195,8573.66768956118
38196,8573.66768956118
38197,9132.124327452615
38198,8573.66768956118
38199,8352.731033117041
38200,8352.731033117041
38201,6924.534136104643
38202,8573.66768956118
38203,8352.731033117041
38204,7413.272042046723
38205,7289.1778412196845
38206,7632.915738347463
38207,7571.830112120034
38208,8573.66768956118
38209,8308.715139408665
38210,7799.216605616307
38211,8573.66768956118
38212,7632.915738347463
38213,7413.272042046723
38214,7571.830112120034
38215,7799.216605616307
38216,7799.216605616307
38217,8573.66768956118
38218,8352.731033117041
38219,8573.66768956118
38220,7571.830112120034
38221,7632.915738347463
38222,8573.66768956118
38223,8573.66768956118
38224,7413.272042046723
38225,8573.66768956118
38226,8573.66768956118
38227,8573.66768956118
38228,7632.915738347463
38229,8573.66768956118
38230,7799.216605616307
38231,8573.66768956118
38232,8573.66768956118
38233,7081.407990564091
38234,7632.915738347463
38235,7706.348502226559
38236,8573.66768956118
38237,8573.66768956118
38238,8573.66768956118
38239,8573.66768956118
38240,8573.66768956118
38241,8352.731033117041
38242,7126.080438057956
38243,7632.915738347463
38244,7632.915738347463
38245,7632.915738347463
38246,8573.66768956118
38247,7706.348502226559
38248,7126.080438057956
38249,8352.731033117041
38250,8573.66768956118
38251,8573.66768956118
38252,7706.348502226559
38253,7799.216605616307
38254,8573.66768956118
38255,7799.216605616307
38256,9132.124327452615
38257,8573.66768956118
38258,8573.66768956118
38259,8573.66768956118
38260,9264.59934370543
38261,8573.66768956118
38262,8573.66768956118
38263,8573.66768956118
38264,8573.66768956118
38265,8573.66768956118
38266,8573.66768956118
38267,7632.915738347463
38268,7799.216605616307
38269,8352.731033117041
38270,6924.534136104643
38271,7799.216605616307
38272,7706.348502226559
38273,8573.66768956118
38274,8573.66768956118
38275,8573.66768956118
38276,8308.715139408665
38277,8573.66768956118
38278,7126.080438057956
38279,8573.66768956118
38280,8352.731033117041
38281,8573.66768956118
38282,8573.66768956118
38283,8573.66768956118
38284,8573.66768956118
38285,7799.216605616307
38286,6924.534136104643
38287,7799.216605616307
38288,7586.382923904896
38289,8573.66768956118
38290,8573.66768956118
38291,8573.66768956118
38292,8573.66768956118
38293,8573.66768956118
38294,8352.731033117041
38295,8573.66768956118
38296,7126.080438057956
38297,8573.66768956118
38298,8352.731033117041
38299,9264.59934370543
38300,8573.66768956118
38301,8573.66768956118
38302,8352.731033117041
38303,8573.66768956118
38304,8573.66768956118
38305,8573.66768956118
38306,7571.830112120034
38307,7126.080438057956
38308,7799.216605616307
38309,8573.66768956118
38310,8573.66768956118
38311,8573.66768956118
38312,8308.715139408665
38313,7632.915738347463
38314,9132.124327452615
38315,7706.348502226559
38316,7632.915738347463
38317,8573.66768956118
38318,7706.348502226559
38319,7388.127807694575
38320,7632.915738347463
38321,8573.66768956118
38322,7571.830112120034
38323,8573.66768956118
38324,7737.398552046128
38325,8352.731033117041
38326,8573.66768956118
38327,8573.66768956118
38328,7632.915738347463
38329,7632.915738347463
38330,8573.66768956118
38331,7571.830112120034
38332,8573.66768956118
38333,7413.272042046723
38334,8573.66768956118
38335,7799.216605616307
38336,8573.66768956118
38337,7737.398552046128
38338,8573.66768956118
38339,8308.715139408665
38340,8573.66768956118
38341,7413.272042046723
38342,8573.66768956118
38343,7706.348502226559
38344,8573.66768956118
38345,8573.66768956118
38346,8573.66768956118
38347,8573.66768956118
38348,8573.66768956118
38349,9132.124327452615
38350,7126.080438057956
38351,7632.915738347463
38352,7706.348502226559
38353,6924.534136104643
38354,8573.66768956118
38355,8573.66768956118
38356,8573.66768956118
38357,7413.272042046723
38358,8352.731033117041
38359,8573.66768956118
38360,8352.731033117041
38361,8573.66768956118
38362,7632.915738347463
38363,8573.66768956118
38364,8573.66768956118
38365,8573.66768956118
38366,9132.124327452615
38367,7571.830112120034
38368,8573.66768956118
38369,8573.66768956118
38370,8573.66768956118
38371,8573.66768956118
38372,8352.731033117041
38373,8573.66768956118
38374,8573.66768956118
38375,7571.830112120034
38376,8352.731033117041
38377,8573.66768956118
38378,6924.534136104643
38379,6924.534136104643
38380,7998.022526113079
38381,8573.66768956118
38382,7706.348502226559
38383,8573.66768956118
38384,8573.66768956118
38385,6924.534136104643
38386,7998.022526113079
38387,7632.915738347463
38388,8573.66768956118
38389,8573.66768956118
38390,7799.216605616307
38391,8573.66768956118
38392,8573.66768956118
38393,7706.348502226559
38394,8308.715139408665
38395,8573.66768956118
38396,8573.66768956118
38397,8573.66768956118
38398,7632.915738347463
38399,7998.022526113079
38400,8573.66768956118
38401,8573.66768956118
38402,8352.731033117041
38403,8573.66768956118
38404,7799.216605616307
38405,7081.407990564091
38406,8308.715139408665
38407,7706.348502226559
38408,8573.66768956118
38409,8573.66768956118
38410,7413.272042046723
38411,8573.66768956118
38412,8573.66768956118
38413,7081.407990564091
38414,7799.216605616307
38415,9132.124327452615
38416,7719.335790186951
38417,8352.731033117041
38418,7632.915738347463
38419,8573.66768956118
38420,7998.022526113079
38421,8573.66768956118
38422,6924.534136104643
38423,6924.534136104643
38424,7998.022526113079
38425,8308.715139408665
38426,8573.66768956118
38427,8352.731033117041
38428,8573.66768956118
38429,8573.66768956118
38430,6924.534136104643
38431,9132.124327452615
38432,7413.272042046723
38433,8352.731033117041
38434,7289.1778412196845
38435,7569.890830224771
38436,8573.66768956118
38437,8573.66768956118
38438,8573.66768956118
38439,7799.216605616307
38440,8308.715139408665
38441,8308.715139408665
38442,9121.267740775704
38443,7706.348502226559
38444,7706.348502226559
38445,7569.890830224771
38446,7126.080438057956
38447,7998.022526113079
38448,8573.66768956118
38449,8573.66768956118
38450,8573.66768956118
38451,8573.66768956118
38452,9264.59934370543
38453,8352.731033117041
38454,7706.348502226559
38455,8573.66768956118
38456,7081.407990564091
38457,8573.66768956118
38458,8573.66768956118
38459,8573.66768956118
38460,7799.216605616307
38461,8352.731033117041
38462,7706.348502226559
38463,7998.022526113079
38464,8573.66768956118
38465,7571.830112120034
38466,8352.731033117041
38467,7632.915738347463
38468,7569.890830224771
38469,6924.534136104643
38470,7706.348502226559
38471,8573.66768956118
38472,7571.830112120034
38473,8352.731033117041
38474,8573.66768956118
38475,7126.080438057956
38476,8573.66768956118
38477,7706.348502226559
38478,8573.66768956118
38479,8352.731033117041
38480,8573.66768956118
38481,8573.66768956118
38482,7126.080438057956
38483,8573.66768956118
38484,8573.66768956118
38485,7413.272042046723
38486,8573.66768956118
38487,7126.080438057956
38488,7413.272042046723
38489,7586.382923904896
38490,6924.534136104643
38491,7126.080438057956
38492,8352.731033117041
38493,9132.124327452615
38494,8352.731033117041
38495,7413.272042046723
38496,7998.022526113079
38497,8308.715139408665
38498,8573.66768956118
38499,7289.1778412196845
38500,8573.66768956118
38501,8573.66768956118
38502,8352.731033117041
38503,8352.731033117041
38504,7799.216605616307
38505,8573.66768956118
38506,7632.915738347463
38507,7632.915738347463
38508,8573.66768956118
38509,8352.731033117041
38510,7413.272042046723
38511,7632.915738347463
38512,7413.272042046723
38513,7706.348502226559
38514,7998.022526113079
38515,8573.66768956118
38516,7706.348502226559
38517,8573.66768956118
38518,8573.66768956118
38519,8573.66768956118
38520,8573.66768956118
38521,10069.501877128383
38522,9152.342187676288
38523,10069.501877128383
38524,10069.501877128383
38525,10069.501877128383
38526,10069.501877128383
38527,8160.367825012959
38528,9509.13528140272
38529,8849.738130736076
38530,9673.812715785381
38531,9152.342187676288
38532,10069.501877128383
38533,10069.501877128383
38534,9673.812715785381
38535,8849.738130736076
38536,10069.501877128383
38537,10069.501877128383
38538,9673.812715785381
38539,10069.501877128383
38540,8798.205765542865
38541,10069.501877128383
38542,9246.571909580669
38543,10069.501877128383
38544,8849.738130736076
38545,10069.501877128383
38546,8160.367825012959
38547,9673.812715785381
38548,10069.501877128383
38549,9323.857524851815
38550,8849.738130736076
38551,9323.857524851815
38552,9673.812715785381
38553,10998.750883558354
38554,10069.501877128383
38555,9152.342187676288
38556,9152.342187676288
38557,10069.501877128383
38558,10069.501877128383
38559,10069.501877128383
38560,8986.571140566393
38561,11134.461035271825
38562,10069.501877128383
38563,9246.571909580669
38564,8707.741530438761
38565,8160.367825012959
38566,10069.501877128383
38567,9864.421820302741
38568,9152.342187676288
38569,10998.750883558354
38570,10069.501877128383
38571,8359.705156262817
38572,9673.812715785381
38573,10069.501877128383
38574,10998.750883558354
38575,9509.13528140272
38576,10069.501877128383
38577,10069.501877128383
38578,10069.501877128383
38579,10069.501877128383
38580,9246.571909580669
38581,10069.501877128383
38582,10069.501877128383
38583,9673.812715785381
38584,10998.750883558354
38585,10069.501877128383
38586,10069.501877128383
38587,9323.857524851815
38588,9673.812715785381
38589,10069.501877128383
38590,8359.705156262817
38591,8849.738130736076
38592,9152.342187676288
38593,10069.501877128383
38594,8160.367825012959
38595,10069.501877128383
38596,10069.501877128383
38597,10069.501877128383
38598,9246.571909580669
38599,9038.232137415973
38600,10069.501877128383
38601,10069.501877128383
38602,10069.501877128383
38603,10069.501877128383
38604,10998.750883558354
38605,10069.501877128383
38606,10069.501877128383
38607,9673.812715785381
38608,10069.501877128383
38609,10069.501877128383
38610,10069.501877128383
38611,10998.750883558354
38612,10069.501877128383
38613,10069.501877128383
38614,9864.421820302741
38615,9509.13528140272
38616,8160.367825012959
38617,9152.342187676288
38618,9509.13528140272
38619,10069.501877128383
38620,8707.741530438761
38621,8160.367825012959
38622,10069.501877128383
38623,9673.812715785381
38624,9152.342187676288
38625,8160.367825012959
38626,10069.501877128383
38627,10069.501877128383
38628,10069.501877128383
38629,10069.501877128383
38630,8849.738130736076
38631,11104.810871061502
38632,10069.501877128383
38633,9152.342187676288
38634,10069.501877128383
38635,10069.501877128383
38636,9864.421820302741
38637,10069.501877128383
38638,8359.705156262817
38639,10069.501877128383
38640,9323.857524851815
38641,10069.501877128383
38642,10069.501877128383
38643,10069.501877128383
38644,9509.13528140272
38645,9509.13528140272
38646,9509.13528140272
38647,9323.857524851815
38648,10069.501877128383
38649,9864.421820302741
38650,9152.342187676288
38651,10069.501877128383
38652,9673.812715785381
38653,10069.501877128383
38654,10069.501877128383
38655,10069.501877128383
38656,10069.501877128383
38657,10069.501877128383
38658,9152.342187676288
38659,8986.571140566393
38660,10069.501877128383
38661,10069.501877128383
38662,9673.812715785381
38663,10069.501877128383
38664,9864.421820302741
38665,10069.501877128383
38666,9673.812715785381
38667,9673.812715785381
38668,9673.812715785381
38669,10069.501877128383
38670,8798.205765542865
38671,10069.501877128383
38672,10069.501877128383
38673,9152.342187676288
38674,10069.501877128383
38675,9864.421820302741
38676,10069.501877128383
38677,9673.812715785381
38678,9152.342187676288
38679,10069.501877128383
38680,9323.857524851815
38681,8798.205765542865
38682,10069.501877128383
38683,8160.367825012959
38684,9246.571909580669
38685,8849.738130736076
38686,8849.738130736076
38687,10069.501877128383
38688,8986.571140566393
38689,10069.501877128383
38690,10069.501877128383
38691,10069.501877128383
38692,8160.367825012959
38693,10069.501877128383
38694,10069.501877128383
38695,9864.421820302741
38696,9152.342187676288
38697,10069.501877128383
38698,11134.461035271825
38699,10069.501877128383
38700,10069.501877128383
38701,10998.750883558354
38702,8849.738130736076
38703,10069.501877128383
38704,10069.501877128383
38705,9152.342187676288
38706,8798.205765542865
38707,8160.367825012959
38708,10069.501877128383
38709,10069.501877128383
38710,8798.205765542865
38711,9673.812715785381
38712,10069.501877128383
38713,9864.421820302741
38714,10069.501877128383
38715,8798.205765542865
38716,8798.205765542865
38717,8160.367825012959
38718,8359.705156262817
38719,9246.571909580669
38720,10998.750883558354
38721,10069.501877128383
38722,10069.501877128383
38723,9673.812715785381
38724,9152.342187676288
38725,10069.501877128383
38726,10069.501877128383
38727,10069.501877128383
38728,9152.342187676288
38729,10069.501877128383
38730,9246.571909580669
38731,9673.812715785381
38732,9323.857524851815
38733,10069.501877128383
38734,9673.812715785381
38735,9246.571909580669
38736,10069.501877128383
38737,9673.812715785381
38738,9673.812715785381
38739,10069.501877128383
38740,9673.812715785381
38741,9152.342187676288
38742,10069.501877128383
38743,10069.501877128383
38744,10069.501877128383
38745,8259.842748125631
38746,8849.738130736076
38747,10069.501877128383
38748,10069.501877128383
38749,10069.501877128383
38750,8160.367825012959
38751,10069.501877128383
38752,8986.571140566393
38753,9864.421820302741
38754,10069.501877128383
38755,9323.857524851815
38756,9673.812715785381
38757,9509.13528140272
38758,10998.750883558354
38759,9246.571909580669
38760,10069.501877128383
38761,10069.501877128383
38762,9323.857524851815
38763,10069.501877128383
38764,10069.501877128383
38765,9152.342187676288
38766,8707.741530438761
38767,10069.501877128383
38768,8798.205765542865
38769,10069.501877128383
38770,9323.857524851815
38771,10069.501877128383
38772,10069.501877128383
38773,10069.501877128383
38774,9152.342187676288
38775,10069.501877128383
38776,9864.421820302741
38777,9323.857524851815
38778,10069.501877128383
38779,8849.738130736076
38780,10998.750883558354
38781,9246.571909580669
38782,10069.501877128383
38783,10069.501877128383
38784,9673.812715785381
38785,9152.342187676288
38786,9152.342187676288
38787,10069.501877128383
38788,10069.501877128383
38789,10069.501877128383
38790,10069.501877128383
38791,9152.342187676288
38792,8798.205765542865
38793,9673.812715785381
38794,9152.342187676288
38795,10069.501877128383
38796,10069.501877128383
38797,10069.501877128383
38798,10069.501877128383
38799,10069.501877128383
38800,10069.501877128383
38801,9246.571909580669
38802,8849.738130736076
38803,10069.501877128383
38804,8849.738130736076
38805,10069.501877128383
38806,9323.857524851815
38807,8849.738130736076
38808,9864.421820302741
38809,10069.501877128383
38810,9864.421820302741
38811,10069.501877128383
38812,10069.501877128383
38813,9246.571909580669
38814,10069.501877128383
38815,10069.501877128383
38816,9323.857524851815
38817,8259.842748125631
38818,10069.501877128383
38819,10069.501877128383
38820,9323.857524851815
38821,10069.501877128383
38822,10069.501877128383
38823,10069.501877128383
38824,10069.501877128383
38825,8707.741530438761
38826,8160.367825012959
38827,9673.812715785381
38828,10069.501877128383
38829,9246.571909580669
38830,9152.342187676288
38831,9246.571909580669
38832,9152.342187676288
38833,8849.738130736076
38834,8160.367825012959
38835,10069.501877128383
38836,10069.501877128383
38837,11134.461035271825
38838,10069.501877128383
38839,8160.367825012959
38840,10069.501877128383
38841,10069.501877128383
38842,9246.571909580669
38843,8707.741530438761
38844,8707.741530438761
38845,8359.705156262817
38846,10069.501877128383
38847,9673.812715785381
38848,10069.501877128383
38849,10069.501877128383
38850,9509.13528140272
38851,9038.232137415973
38852,9323.857524851815
38853,10069.501877128383
38854,10069.501877128383
38855,10069.501877128383
38856,10069.501877128383
38857,9673.812715785381
38858,10069.501877128383
38859,8849.738130736076
38860,10069.501877128383
38861,8849.738130736076
38862,10069.501877128383
38863,9323.857524851815
38864,10069.501877128383
38865,10069.501877128383
38866,10998.750883558354
38867,9246.571909580669
38868,9509.13528140272
38869,8798.205765542865
38870,10069.501877128383
38871,10069.501877128383
38872,10069.501877128383
38873,9323.857524851815
38874,10069.501877128383
38875,8798.205765542865
38876,9673.812715785381
38877,10069.501877128383
38878,10069.501877128383
38879,10069.501877128383
38880,10069.501877128383
38881,10069.501877128383
38882,10069.501877128383
38883,8849.738130736076
38884,10069.501877128383
38885,10069.501877128383
38886,10069.501877128383
38887,8359.705156262817
38888,9228.981447502683
38889,10069.501877128383
38890,10069.501877128383
38891,9323.857524851815
38892,9673.812715785381
38893,10069.501877128383
38894,9673.812715785381
38895,10069.501877128383
38896,9673.812715785381
38897,9152.342187676288
38898,10998.750883558354
38899,10069.501877128383
38900,9673.812715785381
38901,8798.205765542865
38902,8798.205765542865
38903,10069.501877128383
38904,10998.750883558354
38905,10069.501877128383
38906,8798.205765542865
38907,9864.421820302741
38908,10998.750883558354
38909,9673.812715785381
38910,10998.750883558354
38911,10069.501877128383
38912,10069.501877128383
38913,8798.205765542865
38914,8707.741530438761
38915,8986.571140566393
38916,8359.705156262817
38917,10069.501877128383
38918,9509.13528140272
38919,8160.367825012959
38920,9673.812715785381
38921,11104.810871061502
38922,8986.571140566393
38923,10069.501877128383
38924,10069.501877128383
38925,10998.750883558354
38926,10069.501877128383
38927,10069.501877128383
38928,10069.501877128383
38929,10069.501877128383
38930,10069.501877128383
38931,8849.738130736076
38932,10069.501877128383
38933,9323.857524851815
38934,8160.367825012959
38935,10069.501877128383
38936,9673.812715785381
38937,11104.810871061502
38938,10069.501877128383
38939,8160.367825012959
38940,10069.501877128383
38941,9864.421820302741
38942,8359.705156262817
38943,10069.501877128383
38944,10069.501877128383
38945,10069.501877128383
38946,10069.501877128383
38947,10998.750883558354
38948,9509.13528140272
38949,10069.501877128383
38950,9246.571909580669
38951,10069.501877128383
38952,10069.501877128383
38953,10069.501877128383
38954,10069.501877128383
38955,9246.571909580669
38956,9152.342187676288
38957,10069.501877128383
38958,9673.812715785381
38959,9864.421820302741
38960,8160.367825012959
38961,10069.501877128383
38962,9673.812715785381
38963,10998.750883558354
38964,8259.842748125631
38965,10069.501877128383
38966,9509.13528140272
38967,8359.705156262817
38968,10069.501877128383
38969,10069.501877128383
38970,10069.501877128383
38971,10069.501877128383
38972,10069.501877128383
38973,8359.705156262817
38974,10069.501877128383
38975,10069.501877128383
38976,9152.342187676288
38977,10069.501877128383
38978,9864.421820302741
38979,9323.857524851815
38980,10069.501877128383
38981,10069.501877128383
38982,10069.501877128383
38983,8160.367825012959
38984,9673.812715785381
38985,8986.571140566393
38986,9152.342187676288
38987,10069.501877128383
38988,9509.13528140272
38989,10069.501877128383
38990,10998.750883558354
38991,10069.501877128383
38992,9673.812715785381
38993,9323.857524851815
38994,10069.501877128383
38995,8359.705156262817
38996,10069.501877128383
38997,8849.738130736076
38998,9673.812715785381
38999,10069.501877128383
39000,10069.501877128383
39001,9509.13528140272
39002,10069.501877128383
39003,10069.501877128383
39004,10069.501877128383
39005,10069.501877128383
39006,9038.232137415973
39007,8359.705156262817
39008,10069.501877128383
39009,10069.501877128383
39010,9509.13528140272
39011,9323.857524851815
39012,10069.501877128383
39013,10069.501877128383
39014,10069.501877128383
39015,8259.842748125631
39016,8359.705156262817
39017,9864.421820302741
39018,9152.342187676288
39019,8849.738130736076
39020,10069.501877128383
39021,10069.501877128383
39022,9673.812715785381
39023,10069.501877128383
39024,8849.738130736076
39025,8798.205765542865
39026,9509.13528140272
39027,9246.571909580669
39028,10998.750883558354
39029,10069.501877128383
39030,9673.812715785381
39031,10069.501877128383
39032,10069.501877128383
39033,10069.501877128383
39034,9152.342187676288
39035,8986.571140566393
39036,10069.501877128383
39037,9323.857524851815
39038,8849.738130736076
39039,11134.461035271825
39040,8798.205765542865
39041,9323.857524851815
39042,9152.342187676288
39043,10069.501877128383
39044,8849.738130736076
39045,9673.812715785381
39046,8359.705156262817
39047,8160.367825012959
39048,10069.501877128383
39049,10998.750883558354
39050,10069.501877128383
39051,10069.501877128383
39052,10069.501877128383
39053,10998.750883558354
39054,10069.501877128383
39055,9673.812715785381
39056,9673.812715785381
39057,8160.367825012959
39058,10069.501877128383
39059,9673.812715785381
39060,8798.205765542865
39061,8707.741530438761
39062,9152.342187676288
39063,8849.738130736076
39064,10069.501877128383
39065,9864.421820302741
39066,9246.571909580669
39067,10069.501877128383
39068,9152.342187676288
39069,8798.205765542865
39070,8849.738130736076
39071,9246.571909580669
39072,9246.571909580669
39073,10069.501877128383
39074,9673.812715785381
39075,10069.501877128383
39076,8849.738130736076
39077,9152.342187676288
39078,10069.501877128383
39079,10069.501877128383
39080,8798.205765542865
39081,10069.501877128383
39082,10069.501877128383
39083,10069.501877128383
39084,9152.342187676288
39085,10069.501877128383
39086,9246.571909580669
39087,10069.501877128383
39088,10069.501877128383
39089,8259.842748125631
39090,9152.342187676288
39091,9323.857524851815
39092,10069.501877128383
39093,10069.501877128383
39094,10069.501877128383
39095,10069.501877128383
39096,10069.501877128383
39097,9673.812715785381
39098,8359.705156262817
39099,9152.342187676288
39100,9152.342187676288
39101,9152.342187676288
39102,10069.501877128383
39103,9323.857524851815
39104,8359.705156262817
39105,9673.812715785381
39106,10069.501877128383
39107,10069.501877128383
39108,9323.857524851815
39109,9246.571909580669
39110,10069.501877128383
39111,9246.571909580669
39112,10998.750883558354
39113,10069.501877128383
39114,10069.501877128383
39115,10069.501877128383
39116,11104.810871061502
39117,10069.501877128383
39118,10069.501877128383
39119,10069.501877128383
39120,10069.501877128383
39121,10069.501877128383
39122,10069.501877128383
39123,9152.342187676288
39124,9246.571909580669
39125,9673.812715785381
39126,8160.367825012959
39127,9246.571909580669
39128,9323.857524851815
39129,10069.501877128383
39130,10069.501877128383
39131,10069.501877128383
39132,9864.421820302741
39133,10069.501877128383
39134,8359.705156262817
39135,10069.501877128383
39136,9673.812715785381
39137,10069.501877128383
39138,10069.501877128383
39139,10069.501877128383
39140,10069.501877128383
39141,9246.571909580669
39142,8160.367825012959
39143,9246.571909580669
39144,9228.981447502683
39145,10069.501877128383
39146,10069.501877128383
39147,10069.501877128383
39148,10069.501877128383
39149,10069.501877128383
39150,9673.812715785381
39151,10069.501877128383
39152,8359.705156262817
39153,10069.501877128383
39154,9673.812715785381
39155,11104.810871061502
39156,10069.501877128383
39157,10069.501877128383
39158,9673.812715785381
39159,10069.501877128383
39160,10069.501877128383
39161,10069.501877128383
39162,8849.738130736076
39163,8359.705156262817
39164,9246.571909580669
39165,10069.501877128383
39166,10069.501877128383
39167,10069.501877128383
39168,9864.421820302741
39169,9152.342187676288
39170,10998.750883558354
39171,9323.857524851815
39172,9152.342187676288
39173,10069.501877128383
39174,9323.857524851815
39175,6522.120495381292
39176,9152.342187676288
39177,10069.501877128383
39178,8849.738130736076
39179,10069.501877128383
39180,9038.232137415973
39181,9673.812715785381
39182,10069.501877128383
39183,10069.501877128383
39184,9152.342187676288
39185,9152.342187676288
39186,10069.501877128383
39187,8849.738130736076
39188,10069.501877128383
39189,8798.205765542865
39190,10069.501877128383
39191,9246.571909580669
39192,10069.501877128383
39193,9038.232137415973
39194,10069.501877128383
39195,9864.421820302741
39196,10069.501877128383
39197,8798.205765542865
39198,10069.501877128383
39199,9323.857524851815
39200,10069.501877128383
39201,10069.501877128383
39202,10069.501877128383
39203,10069.501877128383
39204,10069.501877128383
39205,10998.750883558354
39206,8359.705156262817
39207,9152.342187676288
39208,9323.857524851815
39209,8160.367825012959
39210,10069.501877128383
39211,10069.501877128383
39212,10069.501877128383
39213,8798.205765542865
39214,9673.812715785381
39215,10069.501877128383
39216,9673.812715785381
39217,10069.501877128383
39218,9152.342187676288
39219,10069.501877128383
39220,10069.501877128383
39221,10069.501877128383
39222,10998.750883558354
39223,8849.738130736076
39224,10069.501877128383
39225,10069.501877128383
39226,10069.501877128383
39227,10069.501877128383
39228,9673.812715785381
39229,10069.501877128383
39230,10069.501877128383
39231,8849.738130736076
39232,9673.812715785381
39233,10069.501877128383
39234,8160.367825012959
39235,8160.367825012959
39236,9509.13528140272
39237,10069.501877128383
39238,9323.857524851815
39239,10069.501877128383
39240,10069.501877128383
39241,8160.367825012959
39242,9509.13528140272
39243,9152.342187676288
39244,10069.501877128383
39245,10069.501877128383
39246,9246.571909580669
39247,10069.501877128383
39248,10069.501877128383
39249,9323.857524851815
39250,9864.421820302741
39251,10069.501877128383
39252,10069.501877128383
39253,10069.501877128383
39254,9152.342187676288
39255,9509.13528140272
39256,10069.501877128383
39257,10069.501877128383
39258,9673.812715785381
39259,10069.501877128383
39260,9246.571909580669
39261,8259.842748125631
39262,9864.421820302741
39263,9323.857524851815
39264,10069.501877128383
39265,10069.501877128383
39266,8798.205765542865
39267,10069.501877128383
39268,10069.501877128383
39269,8259.842748125631
39270,9246.571909580669
39271,10998.750883558354
39272,9248.60615764178
39273,9673.812715785381
39274,9152.342187676288
39275,10069.501877128383
39276,9509.13528140272
39277,10069.501877128383
39278,8160.367825012959
39279,8160.367825012959
39280,9509.13528140272
39281,9864.421820302741
39282,10069.501877128383
39283,9673.812715785381
39284,10069.501877128383
39285,10069.501877128383
39286,8160.367825012959
39287,10998.750883558354
39288,8798.205765542865
39289,9673.812715785381
39290,8707.741530438761
39291,8986.571140566393
39292,10069.501877128383
39293,10069.501877128383
39294,10069.501877128383
39295,9246.571909580669
39296,9864.421820302741
39297,9864.421820302741
39298,11134.461035271825
39299,9323.857524851815
39300,9323.857524851815
39301,8986.571140566393
39302,8359.705156262817
39303,9509.13528140272
39304,10069.501877128383
39305,10069.501877128383
39306,10069.501877128383
39307,10069.501877128383
39308,11104.810871061502
39309,9673.812715785381
39310,9323.857524851815
39311,10069.501877128383
39312,8259.842748125631
39313,10069.501877128383
39314,10069.501877128383
39315,10069.501877128383
39316,9246.571909580669
39317,9673.812715785381
39318,9323.857524851815
39319,9509.13528140272
39320,10069.501877128383
39321,8849.738130736076
39322,9673.812715785381
39323,9152.342187676288
39324,8986.571140566393
39325,8160.367825012959
39326,9323.857524851815
39327,10069.501877128383
39328,8849.738130736076
39329,9673.812715785381
39330,10069.501877128383
39331,8359.705156262817
39332,10069.501877128383
39333,9323.857524851815
39334,10069.501877128383
39335,9673.812715785381
39336,10069.501877128383
39337,10069.501877128383
39338,8359.705156262817
39339,10069.501877128383
39340,10069.501877128383
39341,8798.205765542865
39342,10069.501877128383
39343,8359.705156262817
39344,8798.205765542865
39345,9228.981447502683
39346,8160.367825012959
39347,8359.705156262817
39348,9673.812715785381
39349,10998.750883558354
39350,9673.812715785381
39351,8798.205765542865
39352,9509.13528140272
39353,9864.421820302741
39354,10069.501877128383
39355,8707.741530438761
39356,10069.501877128383
39357,10069.501877128383
39358,9673.812715785381
39359,9673.812715785381
39360,9246.571909580669
39361,10069.501877128383
39362,9152.342187676288
39363,9152.342187676288
39364,10069.501877128383
39365,9673.812715785381
39366,8798.205765542865
39367,9152.342187676288
39368,8798.205765542865
39369,9323.857524851815
39370,9509.13528140272
39371,10069.501877128383
39372,9323.857524851815
39373,10069.501877128383
39374,10069.501877128383
39375,10069.501877128383
39376,10069.501877128383
39377,308.96570487373543
39378,135.07147651044005
39379,308.96570487373543
39380,308.96570487373543
39381,308.96570487373543
39382,308.96570487373543
39383,33.16277469650504
39384,0.0
39385,0.0
39386,0.0
39387,135.07147651044005
39388,308.96570487373543
39389,308.96570487373543
39390,0.0
39391,0.0
39392,308.96570487373543
39393,308.96570487373543
39394,0.0
39395,308.96570487373543
39396,132.05243430669583
39397,308.96570487373543
39398,199.2253500897933
39399,308.96570487373543
39400,0.0
39401,308.96570487373543
39402,33.16277469650504
39403,0.0
39404,308.96570487373543
39405,216.52833980047865
39406,0.0
39407,216.52833980047865
39408,0.0
39409,0.0
39410,308.96570487373543
39411,135.07147651044005
39412,135.07147651044005
39413,308.96570487373543
39414,308.96570487373543
39415,308.96570487373543
39416,0.0
39417,0.0
39418,308.96570487373543
39419,199.2253500897933
39420,0.0
39421,33.16277469650504
39422,308.96570487373543
39423,0.0
39424,135.07147651044005
39425,0.0
39426,308.96570487373543
39427,0.0
39428,0.0
39429,308.96570487373543
39430,0.0
39431,0.0
39432,308.96570487373543
39433,308.96570487373543
39434,308.96570487373543
39435,308.96570487373543
39436,199.2253500897933
39437,308.96570487373543
39438,308.96570487373543
39439,0.0
39440,0.0
39441,308.96570487373543
39442,308.96570487373543
39443,216.52833980047865
39444,0.0
39445,308.96570487373543
39446,0.0
39447,0.0
39448,135.07147651044005
39449,308.96570487373543
39450,33.16277469650504
39451,308.96570487373543
39452,308.96570487373543
39453,308.96570487373543
39454,199.2253500897933
39455,0.0
39456,308.96570487373543
39457,308.96570487373543
39458,308.96570487373543
39459,308.96570487373543
39460,0.0
39461,308.96570487373543
39462,308.96570487373543
39463,0.0
39464,308.96570487373543
39465,308.96570487373543
39466,308.96570487373543
39467,0.0
39468,308.96570487373543
39469,308.96570487373543
39470,0.0
39471,0.0
39472,33.16277469650504
39473,135.07147651044005
39474,0.0
39475,308.96570487373543
39476,0.0
39477,33.16277469650504
39478,308.96570487373543
39479,0.0
39480,135.07147651044005
39481,33.16277469650504
39482,308.96570487373543
39483,308.96570487373543
39484,308.96570487373543
39485,308.96570487373543
39486,0.0
39487,1173.2069262530395
39488,308.96570487373543
39489,135.07147651044005
39490,308.96570487373543
39491,308.96570487373543
39492,0.0
39493,308.96570487373543
39494,0.0
39495,308.96570487373543
39496,216.52833980047865
39497,308.96570487373543
39498,308.96570487373543
39499,308.96570487373543
39500,0.0
39501,0.0
39502,0.0
39503,216.52833980047865
39504,308.96570487373543
39505,0.0
39506,135.07147651044005
39507,308.96570487373543
39508,0.0
39509,308.96570487373543
39510,308.96570487373543
39511,308.96570487373543
39512,308.96570487373543
39513,308.96570487373543
39514,135.07147651044005
39515,0.0
39516,308.96570487373543
39517,308.96570487373543
39518,0.0
39519,308.96570487373543
39520,0.0
39521,308.96570487373543
39522,0.0
39523,0.0
39524,0.0
39525,308.96570487373543
39526,132.05243430669583
39527,308.96570487373543
39528,308.96570487373543
39529,135.07147651044005
39530,308.96570487373543
39531,0.0
39532,308.96570487373543
39533,0.0
39534,135.07147651044005
39535,308.96570487373543
39536,216.52833980047865
39537,132.05243430669583
39538,308.96570487373543
39539,33.16277469650504
39540,199.2253500897933
39541,0.0
39542,0.0
39543,308.96570487373543
39544,0.0
39545,308.96570487373543
39546,308.96570487373543
39547,308.96570487373543
39548,33.16277469650504
39549,308.96570487373543
39550,308.96570487373543
39551,0.0
39552,135.07147651044005
39553,308.96570487373543
39554,0.0
39555,308.96570487373543
39556,308.96570487373543
39557,0.0
39558,0.0
39559,308.96570487373543
39560,308.96570487373543
39561,135.07147651044005
39562,132.05243430669583
39563,33.16277469650504
39564,308.96570487373543
39565,308.96570487373543
39566,132.05243430669583
39567,0.0
39568,308.96570487373543
39569,0.0
39570,308.96570487373543
39571,132.05243430669583
39572,132.05243430669583
39573,33.16277469650504
39574,0.0
39575,199.2253500897933
39576,0.0
39577,308.96570487373543
39578,308.96570487373543
39579,0.0
39580,135.07147651044005
39581,308.96570487373543
39582,308.96570487373543
39583,308.96570487373543
39584,135.07147651044005
39585,308.96570487373543
39586,199.2253500897933
39587,0.0
39588,216.52833980047865
39589,308.96570487373543
39590,0.0
39591,199.2253500897933
39592,308.96570487373543
39593,0.0
39594,0.0
39595,308.96570487373543
39596,0.0
39597,135.07147651044005
39598,308.96570487373543
39599,308.96570487373543
39600,308.96570487373543
39601,0.0
39602,0.0
39603,308.96570487373543
39604,308.96570487373543
39605,308.96570487373543
39606,33.16277469650504
39607,308.96570487373543
39608,0.0
39609,0.0
39610,308.96570487373543
39611,216.52833980047865
39612,0.0
39613,0.0
39614,0.0
39615,199.2253500897933
39616,308.96570487373543
39617,308.96570487373543
39618,216.52833980047865
39619,308.96570487373543
39620,308.96570487373543
39621,135.07147651044005
39622,0.0
39623,308.96570487373543
39624,132.05243430669583
39625,308.96570487373543
39626,216.52833980047865
39627,308.96570487373543
39628,308.96570487373543
39629,308.96570487373543
39630,135.07147651044005
39631,308.96570487373543
39632,0.0
39633,216.52833980047865
39634,308.96570487373543
39635,0.0
39636,0.0
39637,199.2253500897933
39638,308.96570487373543
39639,308.96570487373543
39640,0.0
39641,135.07147651044005
39642,135.07147651044005
39643,308.96570487373543
39644,308.96570487373543
39645,308.96570487373543
39646,308.96570487373543
39647,135.07147651044005
39648,132.05243430669583
39649,0.0
39650,135.07147651044005
39651,308.96570487373543
39652,308.96570487373543
39653,308.96570487373543
39654,308.96570487373543
39655,308.96570487373543
39656,308.96570487373543
39657,199.2253500897933
39658,0.0
39659,308.96570487373543
39660,0.0
39661,308.96570487373543
39662,216.52833980047865
39663,0.0
39664,0.0
39665,308.96570487373543
39666,0.0
39667,308.96570487373543
39668,308.96570487373543
39669,199.2253500897933
39670,308.96570487373543
39671,308.96570487373543
39672,216.52833980047865
39673,0.0
39674,308.96570487373543
39675,308.96570487373543
39676,216.52833980047865
39677,308.96570487373543
39678,308.96570487373543
39679,308.96570487373543
39680,308.96570487373543
39681,0.0
39682,33.16277469650504
39683,0.0
39684,308.96570487373543
39685,199.2253500897933
39686,135.07147651044005
39687,199.2253500897933
39688,135.07147651044005
39689,0.0
39690,33.16277469650504
39691,308.96570487373543
39692,308.96570487373543
39693,0.0
39694,308.96570487373543
39695,33.16277469650504
39696,308.96570487373543
39697,308.96570487373543
39698,199.2253500897933
39699,0.0
39700,0.0
39701,0.0
39702,308.96570487373543
39703,0.0
39704,308.96570487373543
39705,308.96570487373543
39706,0.0
39707,0.0
39708,216.52833980047865
39709,308.96570487373543
39710,308.96570487373543
39711,308.96570487373543
39712,308.96570487373543
39713,0.0
39714,308.96570487373543
39715,0.0
39716,308.96570487373543
39717,0.0
39718,308.96570487373543
39719,216.52833980047865
39720,308.96570487373543
39721,308.96570487373543
39722,0.0
39723,199.2253500897933
39724,0.0
39725,132.05243430669583
39726,308.96570487373543
39727,308.96570487373543
39728,308.96570487373543
39729,216.52833980047865
39730,308.96570487373543
39731,132.05243430669583
39732,0.0
39733,308.96570487373543
39734,308.96570487373543
39735,308.96570487373543
39736,308.96570487373543
39737,308.96570487373543
39738,308.96570487373543
39739,0.0
39740,308.96570487373543
39741,308.96570487373543
39742,308.96570487373543
39743,0.0
39744,0.0
39745,308.96570487373543
39746,308.96570487373543
39747,216.52833980047865
39748,0.0
39749,308.96570487373543
39750,0.0
39751,308.96570487373543
39752,0.0
39753,135.07147651044005
39754,0.0
39755,308.96570487373543
39756,0.0
39757,132.05243430669583
39758,132.05243430669583
39759,308.96570487373543
39760,0.0
39761,308.96570487373543
39762,132.05243430669583
39763,0.0
39764,0.0
39765,0.0
39766,0.0
39767,308.96570487373543
39768,308.96570487373543
39769,132.05243430669583
39770,0.0
39771,0.0
39772,0.0
39773,308.96570487373543
39774,0.0
39775,33.16277469650504
39776,0.0
39777,1173.2069262530395
39778,0.0
39779,308.96570487373543
39780,308.96570487373543
39781,0.0
39782,308.96570487373543
39783,308.96570487373543
39784,308.96570487373543
39785,308.96570487373543
39786,308.96570487373543
39787,0.0
39788,308.96570487373543
39789,216.52833980047865
39790,33.16277469650504
39791,308.96570487373543
39792,0.0
39793,1173.2069262530395
39794,308.96570487373543
39795,33.16277469650504
39796,308.96570487373543
39797,0.0
39798,0.0
39799,308.96570487373543
39800,308.96570487373543
39801,308.96570487373543
39802,308.96570487373543
39803,0.0
39804,0.0
39805,308.96570487373543
39806,199.2253500897933
39807,308.96570487373543
39808,308.96570487373543
39809,308.96570487373543
39810,308.96570487373543
39811,199.2253500897933
39812,135.07147651044005
39813,308.96570487373543
39814,0.0
39815,0.0
39816,33.16277469650504
39817,308.96570487373543
39818,0.0
39819,0.0
39820,0.0
39821,308.96570487373543
39822,0.0
39823,0.0
39824,308.96570487373543
39825,308.96570487373543
39826,308.96570487373543
39827,308.96570487373543
39828,308.96570487373543
39829,0.0
39830,308.96570487373543
39831,308.96570487373543
39832,135.07147651044005
39833,308.96570487373543
39834,0.0
39835,216.52833980047865
39836,308.96570487373543
39837,308.96570487373543
39838,308.96570487373543
39839,33.16277469650504
39840,0.0
39841,0.0
39842,135.07147651044005
39843,308.96570487373543
39844,0.0
39845,308.96570487373543
39846,0.0
39847,308.96570487373543
39848,0.0
39849,216.52833980047865
39850,308.96570487373543
39851,0.0
39852,308.96570487373543
39853,0.0
39854,0.0
39855,308.96570487373543
39856,308.96570487373543
39857,0.0
39858,308.96570487373543
39859,308.96570487373543
39860,308.96570487373543
39861,308.96570487373543
39862,0.0
39863,0.0
39864,308.96570487373543
39865,308.96570487373543
39866,0.0
39867,216.52833980047865
39868,308.96570487373543
39869,308.96570487373543
39870,308.96570487373543
39871,0.0
39872,0.0
39873,0.0
39874,135.07147651044005
39875,0.0
39876,308.96570487373543
39877,308.96570487373543
39878,0.0
39879,308.96570487373543
39880,0.0
39881,132.05243430669583
39882,0.0
39883,199.2253500897933
39884,0.0
39885,308.96570487373543
39886,0.0
39887,308.96570487373543
39888,308.96570487373543
39889,308.96570487373543
39890,135.07147651044005
39891,0.0
39892,308.96570487373543
39893,216.52833980047865
39894,0.0
39895,0.0
39896,132.05243430669583
39897,216.52833980047865
39898,135.07147651044005
39899,308.96570487373543
39900,0.0
39901,0.0
39902,0.0
39903,33.16277469650504
39904,308.96570487373543
39905,0.0
39906,308.96570487373543
39907,308.96570487373543
39908,308.96570487373543
39909,0.0
39910,308.96570487373543
39911,0.0
39912,0.0
39913,33.16277469650504
39914,308.96570487373543
39915,0.0
39916,132.05243430669583
39917,0.0
39918,135.07147651044005
39919,0.0
39920,308.96570487373543
39921,0.0
39922,199.2253500897933
39923,308.96570487373543
39924,135.07147651044005
39925,132.05243430669583
39926,0.0
39927,199.2253500897933
39928,199.2253500897933
39929,308.96570487373543
39930,0.0
39931,308.96570487373543
39932,0.0
39933,135.07147651044005
39934,308.96570487373543
39935,308.96570487373543
39936,132.05243430669583
39937,308.96570487373543
39938,308.96570487373543
39939,308.96570487373543
39940,135.07147651044005
39941,308.96570487373543
39942,199.2253500897933
39943,308.96570487373543
39944,308.96570487373543
39945,0.0
39946,135.07147651044005
39947,216.52833980047865
39948,308.96570487373543
39949,308.96570487373543
39950,308.96570487373543
39951,308.96570487373543
39952,308.96570487373543
39953,0.0
39954,0.0
39955,135.07147651044005
39956,135.07147651044005
39957,135.07147651044005
39958,308.96570487373543
39959,216.52833980047865
39960,0.0
39961,0.0
39962,308.96570487373543
39963,308.96570487373543
39964,216.52833980047865
39965,199.2253500897933
39966,308.96570487373543
39967,199.2253500897933
39968,0.0
39969,308.96570487373543
39970,308.96570487373543
39971,308.96570487373543
39972,1173.2069262530395
39973,308.96570487373543
39974,308.96570487373543
39975,308.96570487373543
39976,308.96570487373543
39977,308.96570487373543
39978,308.96570487373543
39979,135.07147651044005
39980,199.2253500897933
39981,0.0
39982,33.16277469650504
39983,199.2253500897933
39984,216.52833980047865
39985,308.96570487373543
39986,308.96570487373543
39987,308.96570487373543
39988,0.0
39989,308.96570487373543
39990,0.0
39991,308.96570487373543
39992,0.0
39993,308.96570487373543
39994,308.96570487373543
39995,308.96570487373543
39996,308.96570487373543
39997,199.2253500897933
39998,33.16277469650504
39999,199.2253500897933
40000,0.0
40001,308.96570487373543
40002,308.96570487373543
40003,308.96570487373543
40004,308.96570487373543
40005,308.96570487373543
40006,0.0
40007,308.96570487373543
40008,0.0
40009,308.96570487373543
40010,0.0
40011,1173.2069262530395
40012,308.96570487373543
40013,308.96570487373543
40014,0.0
40015,308.96570487373543
40016,308.96570487373543
40017,308.96570487373543
40018,0.0
40019,0.0
40020,199.2253500897933
40021,308.96570487373543
40022,308.96570487373543
40023,308.96570487373543
40024,0.0
40025,135.07147651044005
40026,0.0
40027,216.52833980047865
40028,135.07147651044005
40029,308.96570487373543
40030,216.52833980047865
40031,0.0
40032,135.07147651044005
40033,308.96570487373543
40034,0.0
40035,308.96570487373543
40036,0.0
40037,0.0
40038,308.96570487373543
40039,308.96570487373543
40040,135.07147651044005
40041,135.07147651044005
40042,308.96570487373543
40043,0.0
40044,308.96570487373543
40045,132.05243430669583
40046,308.96570487373543
40047,199.2253500897933
40048,308.96570487373543
40049,0.0
40050,308.96570487373543
40051,0.0
40052,308.96570487373543
40053,132.05243430669583
40054,308.96570487373543
40055,216.52833980047865
40056,308.96570487373543
40057,308.96570487373543
40058,308.96570487373543
40059,308.96570487373543
40060,308.96570487373543
40061,0.0
40062,0.0
40063,135.07147651044005
40064,216.52833980047865
40065,33.16277469650504
40066,308.96570487373543
40067,308.96570487373543
40068,308.96570487373543
40069,132.05243430669583
40070,0.0
40071,308.96570487373543
40072,0.0
40073,308.96570487373543
40074,135.07147651044005
40075,308.96570487373543
40076,308.96570487373543
40077,308.96570487373543
40078,0.0
40079,0.0
40080,308.96570487373543
40081,308.96570487373543
40082,308.96570487373543
40083,308.96570487373543
40084,0.0
40085,308.96570487373543
40086,308.96570487373543
40087,0.0
40088,0.0
40089,308.96570487373543
40090,33.16277469650504
40091,33.16277469650504
40092,0.0
40093,308.96570487373543
40094,216.52833980047865
40095,308.96570487373543
40096,308.96570487373543
40097,33.16277469650504
40098,0.0
40099,135.07147651044005
40100,308.96570487373543
40101,308.96570487373543
40102,199.2253500897933
40103,308.96570487373543
40104,308.96570487373543
40105,216.52833980047865
40106,0.0
40107,308.96570487373543
40108,308.96570487373543
40109,308.96570487373543
40110,135.07147651044005
40111,0.0
40112,308.96570487373543
40113,308.96570487373543
40114,0.0
40115,308.96570487373543
40116,199.2253500897933
40117,0.0
40118,0.0
40119,216.52833980047865
40120,308.96570487373543
40121,308.96570487373543
40122,132.05243430669583
40123,308.96570487373543
40124,308.96570487373543
40125,0.0
40126,199.2253500897933
40127,0.0
40128,0.0
40129,0.0
40130,135.07147651044005
40131,308.96570487373543
40132,0.0
40133,308.96570487373543
40134,33.16277469650504
40135,33.16277469650504
40136,0.0
40137,0.0
40138,308.96570487373543
40139,0.0
40140,308.96570487373543
40141,308.96570487373543
40142,33.16277469650504
40143,0.0
40144,132.05243430669583
40145,0.0
40146,0.0
40147,0.0
40148,308.96570487373543
40149,308.96570487373543
40150,308.96570487373543
40151,199.2253500897933
40152,0.0
40153,0.0
40154,0.0
40155,216.52833980047865
40156,216.52833980047865
40157,0.0
40158,0.0
40159,0.0
40160,308.96570487373543
40161,308.96570487373543
40162,308.96570487373543
40163,308.96570487373543
40164,1173.2069262530395
40165,0.0
40166,216.52833980047865
40167,308.96570487373543
40168,0.0
40169,308.96570487373543
40170,308.96570487373543
40171,308.96570487373543
40172,199.2253500897933
40173,0.0
40174,216.52833980047865
40175,0.0
40176,308.96570487373543
40177,0.0
40178,0.0
40179,135.07147651044005
40180,0.0
40181,33.16277469650504
40182,216.52833980047865
40183,308.96570487373543
40184,0.0
40185,0.0
40186,308.96570487373543
40187,0.0
40188,308.96570487373543
40189,216.52833980047865
40190,308.96570487373543
40191,0.0
40192,308.96570487373543
40193,308.96570487373543
40194,0.0
40195,308.96570487373543
40196,308.96570487373543
40197,132.05243430669583
40198,308.96570487373543
40199,0.0
40200,132.05243430669583
40201,0.0
40202,33.16277469650504
40203,0.0
40204,0.0
40205,0.0
40206,0.0
40207,132.05243430669583
40208,0.0
40209,0.0
40210,308.96570487373543
40211,0.0
40212,308.96570487373543
40213,308.96570487373543
40214,0.0
40215,0.0
40216,199.2253500897933
40217,308.96570487373543
40218,135.07147651044005
40219,135.07147651044005
40220,308.96570487373543
40221,0.0
40222,132.05243430669583
40223,135.07147651044005
40224,132.05243430669583
40225,216.52833980047865
40226,0.0
40227,308.96570487373543
40228,216.52833980047865
40229,308.96570487373543
40230,308.96570487373543
40231,308.96570487373543
40232,308.96570487373543
40233,6105.54272737628
40234,4816.885334026955
40235,6105.54272737628
40236,6105.54272737628
40237,6105.54272737628
40238,6105.54272737628
40239,5310.361126120411
40240,5450.512847831585
40241,5416.52579161751
40242,7003.4483098119745
40243,4816.885334026955
40244,6105.54272737628
40245,6105.54272737628
40246,7003.4483098119745
40247,5416.52579161751
40248,6105.54272737628
40249,6105.54272737628
40250,7003.4483098119745
40251,6105.54272737628
40252,5298.921872414424
40253,6105.54272737628
40254,5905.958900114833
40255,6105.54272737628
40256,5416.52579161751
40257,6105.54272737628
40258,5310.361126120411
40259,7003.4483098119745
40260,6105.54272737628
40261,5187.334323022757
40262,5416.52579161751
40263,5187.334323022757
40264,7003.4483098119745
40265,5251.659371028755
40266,6105.54272737628
40267,4816.885334026955
40268,4816.885334026955
40269,6105.54272737628
40270,6105.54272737628
40271,6105.54272737628
40272,5898.356305707557
40273,7243.813980510196
40274,6105.54272737628
40275,5905.958900114833
40276,4636.949618483758
40277,5310.361126120411
40278,6105.54272737628
40279,5425.788337188758
40280,4816.885334026955
40281,5251.659371028755
40282,6105.54272737628
40283,5373.803382733809
40284,7003.4483098119745
40285,6105.54272737628
40286,5251.659371028755
40287,5450.512847831585
40288,6105.54272737628
40289,6105.54272737628
40290,6105.54272737628
40291,6105.54272737628
40292,5905.958900114833
40293,6105.54272737628
40294,6105.54272737628
40295,7003.4483098119745
40296,5251.659371028755
40297,6105.54272737628
40298,6105.54272737628
40299,5187.334323022757
40300,7003.4483098119745
40301,6105.54272737628
40302,5373.803382733809
40303,5416.52579161751
40304,4816.885334026955
40305,6105.54272737628
40306,5310.361126120411
40307,6105.54272737628
40308,6105.54272737628
40309,6105.54272737628
40310,5905.958900114833
40311,6489.527860784833
40312,6105.54272737628
40313,6105.54272737628
40314,6105.54272737628
40315,6105.54272737628
40316,5251.659371028755
40317,6105.54272737628
40318,6105.54272737628
40319,7003.4483098119745
40320,6105.54272737628
40321,6105.54272737628
40322,6105.54272737628
40323,5251.659371028755
40324,6105.54272737628
40325,6105.54272737628
40326,5425.788337188758
40327,5450.512847831585
40328,5310.361126120411
40329,4816.885334026955
40330,5450.512847831585
40331,6105.54272737628
40332,4636.949618483758
40333,5310.361126120411
40334,6105.54272737628
40335,7003.4483098119745
40336,4816.885334026955
40337,5310.361126120411
40338,6105.54272737628
40339,6105.54272737628
40340,6105.54272737628
40341,6105.54272737628
40342,5416.52579161751
40343,6961.301638795901
40344,6105.54272737628
40345,4816.885334026955
40346,6105.54272737628
40347,6105.54272737628
40348,5425.788337188758
40349,6105.54272737628
40350,5373.803382733809
40351,6105.54272737628
40352,5187.334323022757
40353,6105.54272737628
40354,6105.54272737628
40355,6105.54272737628
40356,5450.512847831585
40357,5450.512847831585
40358,5450.512847831585
40359,5187.334323022757
40360,6105.54272737628
40361,5425.788337188758
40362,4816.885334026955
40363,6105.54272737628
40364,7003.4483098119745
40365,6105.54272737628
40366,6105.54272737628
40367,6105.54272737628
40368,6105.54272737628
40369,6105.54272737628
40370,4816.885334026955
40371,5898.356305707557
40372,6105.54272737628
40373,6105.54272737628
40374,7003.4483098119745
40375,6105.54272737628
40376,5425.788337188758
40377,6105.54272737628
40378,7003.4483098119745
40379,7003.4483098119745
40380,7003.4483098119745
40381,6105.54272737628
40382,5298.921872414424
40383,6105.54272737628
40384,6105.54272737628
40385,4816.885334026955
40386,6105.54272737628
40387,5425.788337188758
40388,6105.54272737628
40389,7003.4483098119745
40390,4816.885334026955
40391,6105.54272737628
40392,5187.334323022757
40393,5298.921872414424
40394,6105.54272737628
40395,5310.361126120411
40396,5905.958900114833
40397,5416.52579161751
40398,5416.52579161751
40399,6105.54272737628
40400,5898.356305707557
40401,6105.54272737628
40402,6105.54272737628
40403,6105.54272737628
40404,5310.361126120411
40405,6105.54272737628
40406,6105.54272737628
40407,5425.788337188758
40408,4816.885334026955
40409,6105.54272737628
40410,7243.813980510196
40411,6105.54272737628
40412,6105.54272737628
40413,5251.659371028755
40414,5416.52579161751
40415,6105.54272737628
40416,6105.54272737628
40417,4816.885334026955
40418,5298.921872414424
40419,5310.361126120411
40420,6105.54272737628
40421,6105.54272737628
40422,5298.921872414424
40423,7003.4483098119745
40424,6105.54272737628
40425,5425.788337188758
40426,6105.54272737628
40427,5298.921872414424
40428,5298.921872414424
40429,5310.361126120411
40430,5373.803382733809
40431,5905.958900114833
40432,5251.659371028755
40433,6105.54272737628
40434,6105.54272737628
40435,7003.4483098119745
40436,4816.885334026955
40437,6105.54272737628
40438,6105.54272737628
40439,6105.54272737628
40440,4816.885334026955
40441,6105.54272737628
40442,5905.958900114833
40443,7003.4483098119745
40444,5187.334323022757
40445,6105.54272737628
40446,7003.4483098119745
40447,5905.958900114833
40448,6105.54272737628
40449,7003.4483098119745
40450,7003.4483098119745
40451,6105.54272737628
40452,7003.4483098119745
40453,4816.885334026955
40454,6105.54272737628
40455,6105.54272737628
40456,6105.54272737628
40457,4648.133953521635
40458,5416.52579161751
40459,6105.54272737628
40460,6105.54272737628
40461,6105.54272737628
40462,5310.361126120411
40463,6105.54272737628
40464,5898.356305707557
40465,5425.788337188758
40466,6105.54272737628
40467,5187.334323022757
40468,7003.4483098119745
40469,5450.512847831585
40470,5251.659371028755
40471,5905.958900114833
40472,6105.54272737628
40473,6105.54272737628
40474,5187.334323022757
40475,6105.54272737628
40476,6105.54272737628
40477,4816.885334026955
40478,4636.949618483758
40479,6105.54272737628
40480,5298.921872414424
40481,6105.54272737628
40482,5187.334323022757
40483,6105.54272737628
40484,6105.54272737628
40485,6105.54272737628
40486,4816.885334026955
40487,6105.54272737628
40488,5425.788337188758
40489,5187.334323022757
40490,6105.54272737628
40491,5416.52579161751
40492,5251.659371028755
40493,5905.958900114833
40494,6105.54272737628
40495,6105.54272737628
40496,7003.4483098119745
40497,4816.885334026955
40498,4816.885334026955
40499,6105.54272737628
40500,6105.54272737628
40501,6105.54272737628
40502,6105.54272737628
40503,4816.885334026955
40504,5298.921872414424
40505,7003.4483098119745
40506,4816.885334026955
40507,6105.54272737628
40508,6105.54272737628
40509,6105.54272737628
40510,6105.54272737628
40511,6105.54272737628
40512,6105.54272737628
40513,5905.958900114833
40514,5416.52579161751
40515,6105.54272737628
40516,5416.52579161751
40517,6105.54272737628
40518,5187.334323022757
40519,5416.52579161751
40520,5425.788337188758
40521,6105.54272737628
40522,5425.788337188758
40523,6105.54272737628
40524,6105.54272737628
40525,5905.958900114833
40526,6105.54272737628
40527,6105.54272737628
40528,5187.334323022757
40529,4648.133953521635
40530,6105.54272737628
40531,6105.54272737628
40532,5187.334323022757
40533,6105.54272737628
40534,6105.54272737628
40535,6105.54272737628
40536,6105.54272737628
40537,4636.949618483758
40538,5310.361126120411
40539,7003.4483098119745
40540,6105.54272737628
40541,5905.958900114833
40542,4816.885334026955
40543,5905.958900114833
40544,4816.885334026955
40545,5416.52579161751
40546,5310.361126120411
40547,6105.54272737628
40548,6105.54272737628
40549,7243.813980510196
40550,6105.54272737628
40551,5310.361126120411
40552,6105.54272737628
40553,6105.54272737628
40554,5905.958900114833
40555,4636.949618483758
40556,4636.949618483758
40557,5373.803382733809
40558,6105.54272737628
40559,7003.4483098119745
40560,6105.54272737628
40561,6105.54272737628
40562,5450.512847831585
40563,6489.527860784833
40564,5187.334323022757
40565,6105.54272737628
40566,6105.54272737628
40567,6105.54272737628
40568,6105.54272737628
40569,7003.4483098119745
40570,6105.54272737628
40571,5416.52579161751
40572,6105.54272737628
40573,5416.52579161751
40574,6105.54272737628
40575,5187.334323022757
40576,6105.54272737628
40577,6105.54272737628
40578,5251.659371028755
40579,5905.958900114833
40580,5450.512847831585
40581,5298.921872414424
40582,6105.54272737628
40583,6105.54272737628
40584,6105.54272737628
40585,5187.334323022757
40586,6105.54272737628
40587,5298.921872414424
40588,7003.4483098119745
40589,6105.54272737628
40590,6105.54272737628
40591,6105.54272737628
40592,6105.54272737628
40593,6105.54272737628
40594,6105.54272737628
40595,5416.52579161751
40596,6105.54272737628
40597,6105.54272737628
40598,6105.54272737628
40599,5373.803382733809
40600,5395.163885864966
40601,6105.54272737628
40602,6105.54272737628
40603,5187.334323022757
40604,7003.4483098119745
40605,6105.54272737628
40606,7003.4483098119745
40607,6105.54272737628
40608,7003.4483098119745
40609,4816.885334026955
40610,5251.659371028755
40611,6105.54272737628
40612,7003.4483098119745
40613,5298.921872414424
40614,5298.921872414424
40615,6105.54272737628
40616,5251.659371028755
40617,6105.54272737628
40618,5298.921872414424
40619,5425.788337188758
40620,5251.659371028755
40621,7003.4483098119745
40622,5251.659371028755
40623,6105.54272737628
40624,6105.54272737628
40625,5298.921872414424
40626,4636.949618483758
40627,5898.356305707557
40628,5373.803382733809
40629,6105.54272737628
40630,5450.512847831585
40631,5310.361126120411
40632,7003.4483098119745
40633,6961.301638795901
40634,5898.356305707557
40635,6105.54272737628
40636,6105.54272737628
40637,5251.659371028755
40638,6105.54272737628
40639,6105.54272737628
40640,6105.54272737628
40641,6105.54272737628
40642,6105.54272737628
40643,5416.52579161751
40644,6105.54272737628
40645,5187.334323022757
40646,5310.361126120411
40647,6105.54272737628
40648,7003.4483098119745
40649,6961.301638795901
40650,6105.54272737628
40651,5310.361126120411
40652,6105.54272737628
40653,5425.788337188758
40654,5373.803382733809
40655,6105.54272737628
40656,6105.54272737628
40657,6105.54272737628
40658,6105.54272737628
40659,5251.659371028755
40660,5450.512847831585
40661,6105.54272737628
40662,5905.958900114833
40663,6105.54272737628
40664,6105.54272737628
40665,6105.54272737628
40666,6105.54272737628
40667,5905.958900114833
40668,4816.885334026955
40669,6105.54272737628
40670,7003.4483098119745
40671,5425.788337188758
40672,5310.361126120411
40673,6105.54272737628
40674,7003.4483098119745
40675,5251.659371028755
40676,4648.133953521635
40677,6105.54272737628
40678,5450.512847831585
40679,5373.803382733809
40680,6105.54272737628
40681,6105.54272737628
40682,6105.54272737628
40683,6105.54272737628
40684,6105.54272737628
40685,5373.803382733809
40686,6105.54272737628
40687,6105.54272737628
40688,4816.885334026955
40689,6105.54272737628
40690,5425.788337188758
40691,5187.334323022757
40692,6105.54272737628
40693,6105.54272737628
40694,6105.54272737628
40695,5310.361126120411
40696,7003.4483098119745
40697,5898.356305707557
40698,4816.885334026955
40699,6105.54272737628
40700,5450.512847831585
40701,6105.54272737628
40702,5251.659371028755
40703,6105.54272737628
40704,7003.4483098119745
40705,5187.334323022757
40706,6105.54272737628
40707,5373.803382733809
40708,6105.54272737628
40709,5416.52579161751
40710,7003.4483098119745
40711,6105.54272737628
40712,6105.54272737628
40713,5450.512847831585
40714,6105.54272737628
40715,6105.54272737628
40716,6105.54272737628
40717,6105.54272737628
40718,6489.527860784833
40719,5373.803382733809
40720,6105.54272737628
40721,6105.54272737628
40722,5450.512847831585
40723,5187.334323022757
40724,6105.54272737628
40725,6105.54272737628
40726,6105.54272737628
40727,4648.133953521635
40728,5373.803382733809
40729,5425.788337188758
40730,4816.885334026955
40731,5416.52579161751
40732,6105.54272737628
40733,6105.54272737628
40734,7003.4483098119745
40735,6105.54272737628
40736,5416.52579161751
40737,5298.921872414424
40738,5450.512847831585
40739,5905.958900114833
40740,5251.659371028755
40741,6105.54272737628
40742,7003.4483098119745
40743,6105.54272737628
40744,6105.54272737628
40745,6105.54272737628
40746,4816.885334026955
40747,5898.356305707557
40748,6105.54272737628
40749,5187.334323022757
40750,5416.52579161751
40751,7243.813980510196
40752,5298.921872414424
40753,5187.334323022757
40754,4816.885334026955
40755,6105.54272737628
40756,5416.52579161751
40757,7003.4483098119745
40758,5373.803382733809
40759,5310.361126120411
40760,6105.54272737628
40761,5251.659371028755
40762,6105.54272737628
40763,6105.54272737628
40764,6105.54272737628
40765,5251.659371028755
40766,6105.54272737628
40767,7003.4483098119745
40768,7003.4483098119745
40769,5310.361126120411
40770,6105.54272737628
40771,7003.4483098119745
40772,5298.921872414424
40773,4636.949618483758
40774,4816.885334026955
40775,5416.52579161751
40776,6105.54272737628
40777,5425.788337188758
40778,5905.958900114833
40779,6105.54272737628
40780,4816.885334026955
40781,5298.921872414424
40782,5416.52579161751
40783,5905.958900114833
40784,5905.958900114833
40785,6105.54272737628
40786,7003.4483098119745
40787,6105.54272737628
40788,5416.52579161751
40789,4816.885334026955
40790,6105.54272737628
40791,6105.54272737628
40792,5298.921872414424
40793,6105.54272737628
40794,6105.54272737628
40795,6105.54272737628
40796,4816.885334026955
40797,6105.54272737628
40798,5905.958900114833
40799,6105.54272737628
40800,6105.54272737628
40801,4648.133953521635
40802,4816.885334026955
40803,5187.334323022757
40804,6105.54272737628
40805,6105.54272737628
40806,6105.54272737628
40807,6105.54272737628
40808,6105.54272737628
40809,7003.4483098119745
40810,5373.803382733809
40811,4816.885334026955
40812,4816.885334026955
40813,4816.885334026955
40814,6105.54272737628
40815,5187.334323022757
40816,5373.803382733809
40817,7003.4483098119745
40818,6105.54272737628
40819,6105.54272737628
40820,5187.334323022757
40821,5905.958900114833
40822,6105.54272737628
40823,5905.958900114833
40824,5251.659371028755
40825,6105.54272737628
40826,6105.54272737628
40827,6105.54272737628
40828,6961.301638795901
40829,6105.54272737628
40830,6105.54272737628
40831,6105.54272737628
40832,6105.54272737628
40833,6105.54272737628
40834,6105.54272737628
40835,4816.885334026955
40836,5905.958900114833
40837,7003.4483098119745
40838,5310.361126120411
40839,5905.958900114833
40840,5187.334323022757
40841,6105.54272737628
40842,6105.54272737628
40843,6105.54272737628
40844,5425.788337188758
40845,6105.54272737628
40846,5373.803382733809
40847,6105.54272737628
40848,7003.4483098119745
40849,6105.54272737628
40850,6105.54272737628
40851,6105.54272737628
40852,6105.54272737628
40853,5905.958900114833
40854,5310.361126120411
40855,5905.958900114833
40856,5395.163885864966
40857,6105.54272737628
40858,6105.54272737628
40859,6105.54272737628
40860,6105.54272737628
40861,6105.54272737628
40862,7003.4483098119745
40863,6105.54272737628
40864,5373.803382733809
40865,6105.54272737628
40866,7003.4483098119745
40867,6961.301638795901
40868,6105.54272737628
40869,6105.54272737628
40870,7003.4483098119745
40871,6105.54272737628
40872,6105.54272737628
40873,6105.54272737628
40874,5416.52579161751
40875,5373.803382733809
40876,5905.958900114833
40877,6105.54272737628
40878,6105.54272737628
40879,6105.54272737628
40880,5425.788337188758
40881,4816.885334026955
40882,5251.659371028755
40883,5187.334323022757
40884,4816.885334026955
40885,6105.54272737628
40886,5187.334323022757
40887,5870.995293277418
40888,4816.885334026955
40889,6105.54272737628
40890,5416.52579161751
40891,6105.54272737628
40892,6489.527860784833
40893,7003.4483098119745
40894,6105.54272737628
40895,6105.54272737628
40896,4816.885334026955
40897,4816.885334026955
40898,6105.54272737628
40899,5416.52579161751
40900,6105.54272737628
40901,5298.921872414424
40902,6105.54272737628
40903,5905.958900114833
40904,6105.54272737628
40905,6489.527860784833
40906,6105.54272737628
40907,5425.788337188758
40908,6105.54272737628
40909,5298.921872414424
40910,6105.54272737628
40911,5187.334323022757
40912,6105.54272737628
40913,6105.54272737628
40914,6105.54272737628
40915,6105.54272737628
40916,6105.54272737628
40917,5251.659371028755
40918,5373.803382733809
40919,4816.885334026955
40920,5187.334323022757
40921,5310.361126120411
40922,6105.54272737628
40923,6105.54272737628
40924,6105.54272737628
40925,5298.921872414424
40926,7003.4483098119745
40927,6105.54272737628
40928,7003.4483098119745
40929,6105.54272737628
40930,4816.885334026955
40931,6105.54272737628
40932,6105.54272737628
40933,6105.54272737628
40934,5251.659371028755
40935,5416.52579161751
40936,6105.54272737628
40937,6105.54272737628
40938,6105.54272737628
40939,6105.54272737628
40940,7003.4483098119745
40941,6105.54272737628
40942,6105.54272737628
40943,5416.52579161751
40944,7003.4483098119745
40945,6105.54272737628
40946,5310.361126120411
40947,5310.361126120411
40948,5450.512847831585
40949,6105.54272737628
40950,5187.334323022757
40951,6105.54272737628
40952,6105.54272737628
40953,5310.361126120411
40954,5450.512847831585
40955,4816.885334026955
40956,6105.54272737628
40957,6105.54272737628
40958,5905.958900114833
40959,6105.54272737628
40960,6105.54272737628
40961,5187.334323022757
40962,5425.788337188758
40963,6105.54272737628
40964,6105.54272737628
40965,6105.54272737628
40966,4816.885334026955
40967,5450.512847831585
40968,6105.54272737628
40969,6105.54272737628
40970,7003.4483098119745
40971,6105.54272737628
40972,5905.958900114833
40973,4648.133953521635
40974,5425.788337188758
40975,5187.334323022757
40976,6105.54272737628
40977,6105.54272737628
40978,5298.921872414424
40979,6105.54272737628
40980,6105.54272737628
40981,4648.133953521635
40982,5905.958900114833
40983,5251.659371028755
40984,5203.982747925428
40985,7003.4483098119745
40986,4816.885334026955
40987,6105.54272737628
40988,5450.512847831585
40989,6105.54272737628
40990,5310.361126120411
40991,5310.361126120411
40992,5450.512847831585
40993,5425.788337188758
40994,6105.54272737628
40995,7003.4483098119745
40996,6105.54272737628
40997,6105.54272737628
40998,5310.361126120411
40999,5251.659371028755
41000,5298.921872414424
41001,7003.4483098119745
41002,4636.949618483758
41003,5898.356305707557
41004,6105.54272737628
41005,6105.54272737628
41006,6105.54272737628
41007,5905.958900114833
41008,5425.788337188758
41009,5425.788337188758
41010,7243.813980510196
41011,5187.334323022757
41012,5187.334323022757
41013,5898.356305707557
41014,5373.803382733809
41015,5450.512847831585
41016,6105.54272737628
41017,6105.54272737628
41018,6105.54272737628
41019,6105.54272737628
41020,6961.301638795901
41021,7003.4483098119745
41022,5187.334323022757
41023,6105.54272737628
41024,4648.133953521635
41025,6105.54272737628
41026,6105.54272737628
41027,6105.54272737628
41028,5905.958900114833
41029,7003.4483098119745
41030,5187.334323022757
41031,5450.512847831585
41032,6105.54272737628
41033,5416.52579161751
41034,7003.4483098119745
41035,4816.885334026955
41036,5898.356305707557
41037,5310.361126120411
41038,5187.334323022757
41039,6105.54272737628
41040,5416.52579161751
41041,7003.4483098119745
41042,6105.54272737628
41043,5373.803382733809
41044,6105.54272737628
41045,5187.334323022757
41046,6105.54272737628
41047,7003.4483098119745
41048,6105.54272737628
41049,6105.54272737628
41050,5373.803382733809
41051,6105.54272737628
41052,6105.54272737628
41053,5298.921872414424
41054,6105.54272737628
41055,5373.803382733809
41056,5298.921872414424
41057,5395.163885864966
41058,5310.361126120411
41059,5373.803382733809
41060,7003.4483098119745
41061,5251.659371028755
41062,7003.4483098119745
41063,5298.921872414424
41064,5450.512847831585
41065,5425.788337188758
41066,6105.54272737628
41067,4636.949618483758
41068,6105.54272737628
41069,6105.54272737628
41070,7003.4483098119745
41071,7003.4483098119745
41072,5905.958900114833
41073,6105.54272737628
41074,4816.885334026955
41075,4816.885334026955
41076,6105.54272737628
41077,7003.4483098119745
41078,5298.921872414424
41079,4816.885334026955
41080,5298.921872414424
41081,5187.334323022757
41082,5450.512847831585
41083,6105.54272737628
41084,5187.334323022757
41085,6105.54272737628
41086,6105.54272737628
41087,6105.54272737628
41088,6105.54272737628
